Xtest, mean prediction
2.000000000000000042e-03,3.014557901769876393e-03,3.194217036284277556e-01
4.000000000000000083e-03,5.462708348059095581e-03,3.141421178049447205e-01
6.000000000000000125e-03,7.907689511775971292e-03,3.089513385908413401e-01
8.000000000000000167e-03,1.034950342378579066e-02,3.038491621276285803e-01
1.000000000000000021e-02,1.278815220110118313e-02,2.988353886617045041e-01
1.200000000000000025e-02,1.522363803756889011e-02,2.939098221777357578e-01
1.400000000000000029e-02,1.765596319804899408e-02,2.890722702582084747e-01
1.600000000000000033e-02,2.008513003704138003e-02,2.843225430337038562e-01
1.799999999999999864e-02,2.251114097365643912e-02,2.796604526603208574e-01
2.000000000000000042e-02,2.493399851315189139e-02,2.750858129562840926e-01
2.199999999999999872e-02,2.735370523936580742e-02,2.705984377745642155e-01
2.400000000000000050e-02,2.977026380074676223e-02,2.661981411042469436e-01
2.599999999999999881e-02,3.218367693712934768e-02,2.618847352703376763e-01
2.800000000000000058e-02,3.459394744888413809e-02,2.576580306839761914e-01
2.999999999999999889e-02,3.700107822485734083e-02,2.535178341905551247e-01
3.200000000000000067e-02,3.940507221850566427e-02,2.494639480017491195e-01
3.400000000000000244e-02,4.180593246477656150e-02,2.454961688006083720e-01
3.599999999999999728e-02,4.420366206904872974e-02,2.416142858274383520e-01
3.799999999999999906e-02,4.659826421178877437e-02,2.378180798814047703e-01
4.000000000000000083e-02,4.898974214156624069e-02,2.341073217067501655e-01
4.200000000000000261e-02,5.137809919135179204e-02,2.304817704057643135e-01
4.399999999999999745e-02,5.376333875639829896e-02,2.269411717094699521e-01
4.599999999999999922e-02,5.614546430413611122e-02,2.234852563063551845e-01
4.800000000000000100e-02,5.852447938523255150e-02,2.201137380918210817e-01
5.000000000000000278e-02,6.090038760390598105e-02,2.168263122339065541e-01
5.199999999999999761e-02,6.327319265110417645e-02,2.136226532115033938e-01
5.399999999999999939e-02,6.564289828063919752e-02,2.105024130880550903e-01
5.600000000000000117e-02,6.800950831442605093e-02,2.074652192537143891e-01
5.800000000000000294e-02,7.037302665121387968e-02,2.045106725651161528e-01
5.999999999999999778e-02,7.273345725028775022e-02,2.016383451464562604e-01
6.199999999999999956e-02,7.509080414485652666e-02,1.988477786928228574e-01
6.400000000000000133e-02,7.744507143914233782e-02,1.961384821451170879e-01
6.600000000000000311e-02,7.979626329790334704e-02,1.935099299395048600e-01
6.800000000000000488e-02,8.214438396040350809e-02,1.909615600169828897e-01
7.000000000000000666e-02,8.448943773109932054e-02,1.884927719983607586e-01
7.199999999999999456e-02,8.683142897498327684e-02,1.861029254461108173e-01
7.399999999999999634e-02,8.917036213329992966e-02,1.837913383219686725e-01
7.599999999999999811e-02,9.150624170433729887e-02,1.815572854576209816e-01
7.799999999999999989e-02,9.383907225739676616e-02,1.793999973725823871e-01
8.000000000000000167e-02,9.616885842639021076e-02,1.773186588088134508e-01
8.200000000000000344e-02,9.849560490343720054e-02,1.753124083018723078e-01
8.400000000000000522e-02,1.008193164528347618e-01,1.733803369134634675e-01
8.599999999999999312e-02,1.031399978988338240e-01,1.715214881149428328e-01
8.799999999999999489e-02,1.054576541285496272e-01,1.697348576018284927e-01
8.999999999999999667e-02,1.077722900942899298e-01,1.680193927120087471e-01
9.199999999999999845e-02,1.100839108024956603e-01,1.663739938280221486e-01
9.400000000000000022e-02,1.123925213341135515e-01,1.647975136080673808e-01
9.600000000000000200e-02,1.146981268218951328e-01,1.632887591841838681e-01
9.800000000000000377e-02,1.170007324620382927e-01,1.618464920230631710e-01
1.000000000000000056e-01,1.193003435089485670e-01,1.604694303674954192e-01
1.019999999999999934e-01,1.215969652845524246e-01,1.591562503275658902e-01
1.039999999999999952e-01,1.238906031666556357e-01,1.579055882435622671e-01
1.059999999999999970e-01,1.261812625837046564e-01,1.567160422539788101e-01
1.079999999999999988e-01,1.284689490357413810e-01,1.555861757085907904e-01
1.100000000000000006e-01,1.307536680728662859e-01,1.545145188181780982e-01
1.120000000000000023e-01,1.330354253068799231e-01,1.534995721056538753e-01
1.140000000000000041e-01,1.353142264042981047e-01,1.525398093883489625e-01
1.160000000000000059e-01,1.375900770869338818e-01,1.516336807505428708e-01
1.179999999999999938e-01,1.398629831353900843e-01,1.507796159924447155e-01
1.199999999999999956e-01,1.421329503890592649e-01,1.499760278514876144e-01
1.219999999999999973e-01,1.443999847350642129e-01,1.492213153454761410e-01
1.239999999999999991e-01,1.466640921239741047e-01,1.485138679963949049e-01
1.260000000000000009e-01,1.489252785540884361e-01,1.478520681662019165e-01
1.280000000000000027e-01,1.511835500807501287e-01,1.472342953707783397e-01
1.300000000000000044e-01,1.534389128122711499e-01,1.466589294829904466e-01
1.320000000000000062e-01,1.556913729081861597e-01,1.461243541127605072e-01
1.340000000000000080e-01,1.579409365821629885e-01,1.456289594496890105e-01
1.360000000000000098e-01,1.601876101025845878e-01,1.451711458287219814e-01
1.380000000000000115e-01,1.624313997814897381e-01,1.447493270274808619e-01
1.400000000000000133e-01,1.646723119920352474e-01,1.443619320401048345e-01
1.419999999999999873e-01,1.669103531504515514e-01,1.440074093440927849e-01
1.439999999999999891e-01,1.691455297265201940e-01,1.436842278350163316e-01
1.459999999999999909e-01,1.713778482336783815e-01,1.433908802673004024e-01
1.479999999999999927e-01,1.736073152476456105e-01,1.431258850811158723e-01
1.499999999999999944e-01,1.758339373784838233e-01,1.428877882836339375e-01
1.519999999999999962e-01,1.780577212921343744e-01,1.426751656037802685e-01
1.539999999999999980e-01,1.802786736999405504e-01,1.424866236489301941e-01
1.559999999999999998e-01,1.824968013609759576e-01,1.423208010547647451e-01
1.580000000000000016e-01,1.847121110808802869e-01,1.421763709397659836e-01
1.600000000000000033e-01,1.869246097106952165e-01,1.420520410426497349e-01
1.620000000000000051e-01,1.891343041474465303e-01,1.419465541228903394e-01
1.640000000000000069e-01,1.913412013370543729e-01,1.418586898670797791e-01
1.660000000000000087e-01,1.935453082591993834e-01,1.417872647882273685e-01
1.680000000000000104e-01,1.957466319540981103e-01,1.417311323646525123e-01
1.700000000000000122e-01,1.979451794916531060e-01,1.416891838664613990e-01
1.719999999999999862e-01,2.001409579906612557e-01,1.416603482885282206e-01
1.739999999999999880e-01,2.023339746124111216e-01,1.416435922711537787e-01
1.759999999999999898e-01,2.045242365577723820e-01,1.416379199157684621e-01
1.779999999999999916e-01,2.067117510759271803e-01,1.416423727879808359e-01
1.799999999999999933e-01,2.088965254474896838e-01,1.416560293982689067e-01
1.819999999999999951e-01,2.110785670037148565e-01,1.416780051583416966e-01
1.839999999999999969e-01,2.132578831072896586e-01,1.417074514737725888e-01
1.859999999999999987e-01,2.154344811645569346e-01,1.417435555738437158e-01
1.880000000000000004e-01,2.176083686255151362e-01,1.417855395974032817e-01
1.900000000000000022e-01,2.197795529721770502e-01,1.418326603545514986e-01
1.920000000000000040e-01,2.219480417214799717e-01,1.418842082314736297e-01
1.940000000000000058e-01,2.241138424392556672e-01,1.419395067082220852e-01
1.960000000000000075e-01,2.262769627216039137e-01,1.419979114182040869e-01
1.980000000000000093e-01,2.284374102036235976e-01,1.420588096144203838e-01
2.000000000000000111e-01,2.305951925495173804e-01,1.421216192147836122e-01
2.020000000000000129e-01,2.327503174677258424e-01,1.421857880596583690e-01
2.039999999999999869e-01,2.349027927016140993e-01,1.422507928740953109e-01
2.059999999999999887e-01,2.370526260207407310e-01,1.423161383233447486e-01
2.079999999999999905e-01,2.391998252342455167e-01,1.423813570339056978e-01
2.099999999999999922e-01,2.413443981896853108e-01,1.424460077328346397e-01
2.119999999999999940e-01,2.434863527619745560e-01,1.425096748713343409e-01
2.139999999999999958e-01,2.456256968545494634e-01,1.425719677659307572e-01
2.159999999999999976e-01,2.477624384121736578e-01,1.426325198733774668e-01
2.179999999999999993e-01,2.498965854063862901e-01,1.426909873342540047e-01
2.200000000000000011e-01,2.520281458349200032e-01,1.427470493887624259e-01
2.220000000000000029e-01,2.541571277391631023e-01,1.428004062794062112e-01
2.240000000000000047e-01,2.562835391756380088e-01,1.428507797039189064e-01
2.260000000000000064e-01,2.584073882392840527e-01,1.428979105051252085e-01
2.280000000000000082e-01,2.605286830541445053e-01,1.429415597135011984e-01
2.300000000000000100e-01,2.626474317675456249e-01,1.429815064732699870e-01
2.320000000000000118e-01,2.647636425570817909e-01,1.430175479467113708e-01
2.340000000000000135e-01,2.668773236311972052e-01,1.430494983450882884e-01
2.359999999999999876e-01,2.689884832181269059e-01,1.430771886646667046e-01
2.379999999999999893e-01,2.710971295839408324e-01,1.431004655510153545e-01
2.399999999999999911e-01,2.732032710040220858e-01,1.431191908816124847e-01
2.419999999999999929e-01,2.753069157956633539e-01,1.431332411384018399e-01
2.439999999999999947e-01,2.774080722912913299e-01,1.431425068501930575e-01
2.459999999999999964e-01,2.795067488477798179e-01,1.431468918253429867e-01
2.479999999999999982e-01,2.816029538522707432e-01,1.431463127846406003e-01
2.500000000000000000e-01,2.836966957128606581e-01,1.431406990892821751e-01
2.520000000000000018e-01,2.857879828527802868e-01,1.431299911787378421e-01
2.540000000000000036e-01,2.878768237266922103e-01,1.431141415178351639e-01
2.560000000000000053e-01,2.899632268084678666e-01,1.430931127029113070e-01
2.580000000000000071e-01,2.920472005935152993e-01,1.430668781150882252e-01
2.600000000000000089e-01,2.941287535964511313e-01,1.430354206468418266e-01
2.620000000000000107e-01,2.962078943516825991e-01,1.429987328571381278e-01
2.640000000000000124e-01,2.982846314198104865e-01,1.429568157832902808e-01
2.660000000000000142e-01,3.003589733643457493e-01,1.429096793977091828e-01
2.680000000000000160e-01,3.024309287912910760e-01,1.428573419243460707e-01
2.700000000000000178e-01,3.045005063089775144e-01,1.427998290691967487e-01
2.720000000000000195e-01,3.065677145408699511e-01,1.427371739031758902e-01
2.740000000000000213e-01,3.086325621436117328e-01,1.426694165319203900e-01
2.760000000000000231e-01,3.106950577703537220e-01,1.425966038322484253e-01
2.780000000000000249e-01,3.127552101039327570e-01,1.425187891275810359e-01
2.800000000000000266e-01,3.148130278463940890e-01,1.424360312909812298e-01
2.819999999999999729e-01,3.168685196997830800e-01,1.423483954453556022e-01
2.839999999999999747e-01,3.189216943911742375e-01,1.422559518021458691e-01
2.859999999999999765e-01,3.209725606604479364e-01,1.421587755601694536e-01
2.879999999999999782e-01,3.230211272655287846e-01,1.420569469726947198e-01
2.899999999999999800e-01,3.250674029631773210e-01,1.419505506864731925e-01
2.919999999999999818e-01,3.271113965386757694e-01,1.418396756952389481e-01
2.939999999999999836e-01,3.291531167802168034e-01,1.417244150122086155e-01
2.959999999999999853e-01,3.311925724917091363e-01,1.416048653937789781e-01
2.979999999999999871e-01,3.332297724887030022e-01,1.414811270115773068e-01
2.999999999999999889e-01,3.352647255937336035e-01,1.413533039344558317e-01
3.019999999999999907e-01,3.372974406386493040e-01,1.412215025917464284e-01
3.039999999999999925e-01,3.393279264698503273e-01,1.410858325879234543e-01
3.059999999999999942e-01,3.413561919436324255e-01,1.409464061155757952e-01
3.079999999999999960e-01,3.433822459174553088e-01,1.408033380369999588e-01
3.099999999999999978e-01,3.454060972650768169e-01,1.406567453456825656e-01
3.119999999999999996e-01,3.474277548643294744e-01,1.405067471681389069e-01
3.140000000000000013e-01,3.494472275965381236e-01,1.403534644415712074e-01
3.160000000000000031e-01,3.514645243523409346e-01,1.401970199394278194e-01
3.180000000000000049e-01,3.534796540375100271e-01,1.400375380239380074e-01
3.200000000000000067e-01,3.554926255525788226e-01,1.398751440713425498e-01
3.220000000000000084e-01,3.575034478015732264e-01,1.397099653246164364e-01
3.240000000000000102e-01,3.595121297048172182e-01,1.395421295746131218e-01
3.260000000000000120e-01,3.615186801744857958e-01,1.393717658277728033e-01
3.280000000000000138e-01,3.635231081338133885e-01,1.391990036448918500e-01
3.300000000000000155e-01,3.655254225101088883e-01,1.390239735338242855e-01
3.320000000000000173e-01,3.675256322295172295e-01,1.388468060995533271e-01
3.340000000000000191e-01,3.695237462222575875e-01,1.386676326558425321e-01
3.360000000000000209e-01,3.715197734173852906e-01,1.384865845138626705e-01
3.380000000000000226e-01,3.735137227515224478e-01,1.383037931978793322e-01
3.400000000000000244e-01,3.755056031560525254e-01,1.381193903585168081e-01
3.420000000000000262e-01,3.774954235675977432e-01,1.379335071566070436e-01
3.439999999999999725e-01,3.794831929163774431e-01,1.377462748424645445e-01
3.459999999999999742e-01,3.814689201401779695e-01,1.375578239898054278e-01
3.479999999999999760e-01,3.834526141703827329e-01,1.373682851124610471e-01
3.499999999999999778e-01,3.854342839337187021e-01,1.371777877334732776e-01
3.519999999999999796e-01,3.874139383668079861e-01,1.369864609456214466e-01
3.539999999999999813e-01,3.893915863923029796e-01,1.367944327387050907e-01
3.559999999999999831e-01,3.913672369316918975e-01,1.366018307580081637e-01
3.579999999999999849e-01,3.933408989064628436e-01,1.364087811477110168e-01
3.599999999999999867e-01,3.953125812351936386e-01,1.362154093729480153e-01
3.619999999999999885e-01,3.972822928242385476e-01,1.360218393359391709e-01
3.639999999999999902e-01,3.992500425886828519e-01,1.358281941037969009e-01
3.659999999999999920e-01,4.012158394244033643e-01,1.356345952332635996e-01
3.679999999999999938e-01,4.031796922284411333e-01,1.354411626929000745e-01
3.699999999999999956e-01,4.051416098896879481e-01,1.352480153349567005e-01
3.719999999999999973e-01,4.071016012964537301e-01,1.350552702793158810e-01
3.739999999999999991e-01,4.090596753201680147e-01,1.348630426418431505e-01
3.760000000000000009e-01,4.110158408293500543e-01,1.346714465156320650e-01
3.780000000000000027e-01,4.129701066861162229e-01,1.344805936603256924e-01
3.800000000000000044e-01,4.149224817450158365e-01,1.342905942789247575e-01
3.820000000000000062e-01,4.168729748443001926e-01,1.341015564711497687e-01
3.840000000000000080e-01,4.188215948193101390e-01,1.339135866458685264e-01
3.860000000000000098e-01,4.207683504995657353e-01,1.337267885625196273e-01
3.880000000000000115e-01,4.227132506889756947e-01,1.335412645977872015e-01
3.900000000000000133e-01,4.246563042001798571e-01,1.333571147171744853e-01
3.920000000000000151e-01,4.265975198138039493e-01,1.331744365575482369e-01
3.940000000000000169e-01,4.285369063256075362e-01,1.329933255920615620e-01
3.960000000000000187e-01,4.304744724911870324e-01,1.328138750632712750e-01
3.980000000000000204e-01,4.324102270702133155e-01,1.326361758057163776e-01
4.000000000000000222e-01,4.343441788095515066e-01,1.324603161629876180e-01
4.020000000000000240e-01,4.362763364327838511e-01,1.322863822752742280e-01
4.040000000000000258e-01,4.382067086629103936e-01,1.321144576669188164e-01
4.060000000000000275e-01,4.401353041967376867e-01,1.319446233408034519e-01
4.079999999999999738e-01,4.420621317200129630e-01,1.317769578735408786e-01
4.099999999999999756e-01,4.439871999091701826e-01,1.316115371383370924e-01
4.119999999999999774e-01,4.459105174214346157e-01,1.314484347316753343e-01
4.139999999999999791e-01,4.478320928948232860e-01,1.312877209486306984e-01
4.159999999999999809e-01,4.497519349580397785e-01,1.311294642617468476e-01
4.179999999999999827e-01,4.516700522135942975e-01,1.309737300472541277e-01
4.199999999999999845e-01,4.535864532570121899e-01,1.308205808737090414e-01
4.219999999999999862e-01,4.555011466599535042e-01,1.306700768767355691e-01
4.239999999999999880e-01,4.574141409783624157e-01,1.305222754121751483e-01
4.259999999999999898e-01,4.593254447489744097e-01,1.303772308608644459e-01
4.279999999999999916e-01,4.612350664916448073e-01,1.302349952987110204e-01
4.299999999999999933e-01,4.631430147029459432e-01,1.300956178435216382e-01
4.319999999999999951e-01,4.650492978654801601e-01,1.299591445861210393e-01
4.339999999999999969e-01,4.669539244374027454e-01,1.298256195166295479e-01
4.359999999999999987e-01,4.688569028605706901e-01,1.296950831290270278e-01
4.380000000000000004e-01,4.707582415523938746e-01,1.295675738117979814e-01
4.400000000000000022e-01,4.726579489093273856e-01,1.294431268306758254e-01
4.420000000000000040e-01,4.745560333086177862e-01,1.293217747269176654e-01
4.440000000000000058e-01,4.764525031065568461e-01,1.292035477751014572e-01
4.460000000000000075e-01,4.783473666320787743e-01,1.290884726265327520e-01
4.480000000000000093e-01,4.802406322013121343e-01,1.289765743875418147e-01
4.500000000000000111e-01,4.821323080902220615e-01,1.288678744609193239e-01
4.520000000000000129e-01,4.840224025701172494e-01,1.287623920925936583e-01
4.540000000000000147e-01,4.859109238756355031e-01,1.286601439053086937e-01
4.560000000000000164e-01,4.877978802233701727e-01,1.285611436714606814e-01
4.580000000000000182e-01,4.896832798054674418e-01,1.284654028646565749e-01
4.600000000000000200e-01,4.915671307867159889e-01,1.283729302370256176e-01
4.620000000000000218e-01,4.934494413062930351e-01,1.282837316934025140e-01
4.640000000000000235e-01,4.953302194818388626e-01,1.281978112585883123e-01
4.660000000000000253e-01,4.972094733978156267e-01,1.281151700475149091e-01
4.680000000000000271e-01,4.990872111200587713e-01,1.280358068518852033e-01
4.699999999999999734e-01,5.009634406841360077e-01,1.279597180476883533e-01
4.719999999999999751e-01,5.028381700988393543e-01,1.278868977024196496e-01
4.739999999999999769e-01,5.047114073415286395e-01,1.278173375981895288e-01
4.759999999999999787e-01,5.065831603750120538e-01,1.277510270279694771e-01
4.779999999999999805e-01,5.084534371108747619e-01,1.276879532473989276e-01
4.799999999999999822e-01,5.103222454601200608e-01,1.276281011021713485e-01
4.819999999999999840e-01,5.121895932848565813e-01,1.275714535962547969e-01
4.839999999999999858e-01,5.140554884209995734e-01,1.275179914353849475e-01
4.859999999999999876e-01,5.159199386835098267e-01,1.274676931980350258e-01
4.879999999999999893e-01,5.177829518530052688e-01,1.274205357074510159e-01
4.899999999999999911e-01,5.196445356734329390e-01,1.273764935912272966e-01
4.919999999999999929e-01,5.215046978689497070e-01,1.273355396120270655e-01
4.939999999999999947e-01,5.233634461311157393e-01,1.272976448710403385e-01
4.959999999999999964e-01,5.252207881072535889e-01,1.272627783549069858e-01
4.979999999999999982e-01,5.270767314318800523e-01,1.272309076834156616e-01
5.000000000000000000e-01,5.289312837016768576e-01,1.272019982286957673e-01
5.020000000000000018e-01,5.307844524719985690e-01,1.271760146652244072e-01
5.040000000000000036e-01,5.326362452720059260e-01,1.271529188742976380e-01
5.060000000000000053e-01,5.344866696087410274e-01,1.271326722248286023e-01
5.080000000000000071e-01,5.363357329362770098e-01,1.271152342078609998e-01
5.100000000000000089e-01,5.381834426952991635e-01,1.271005628448062252e-01
5.120000000000000107e-01,5.400298062764341545e-01,1.270886147958299461e-01
5.140000000000000124e-01,5.418748310476075858e-01,1.270793455688188911e-01
5.160000000000000142e-01,5.437185243354178965e-01,1.270727095855526956e-01
5.180000000000000160e-01,5.455608934373594732e-01,1.270686595752871517e-01
5.200000000000000178e-01,5.474019456125097660e-01,1.270671477006015404e-01
5.220000000000000195e-01,5.492416880867676543e-01,1.270681247223632016e-01
5.240000000000000213e-01,5.510801280534360913e-01,1.270715403672484367e-01
5.260000000000000231e-01,5.529172726639081104e-01,1.270773434806674596e-01
5.280000000000000249e-01,5.547531290363986178e-01,1.270854822656038996e-01
5.300000000000000266e-01,5.565877042600186897e-01,1.270959035624754374e-01
5.320000000000000284e-01,5.584210053732385770e-01,1.271085540469974740e-01
5.340000000000000302e-01,5.602530393889173510e-01,1.271233791665490886e-01
5.360000000000000320e-01,5.620838132803328557e-01,1.271403238226555543e-01
5.380000000000000338e-01,5.639133339840918246e-01,1.271593323663041675e-01
5.400000000000000355e-01,5.657416083966382292e-01,1.271803488076962418e-01
5.420000000000000373e-01,5.675686433806549358e-01,1.272033160246701655e-01
5.440000000000000391e-01,5.693944457563339112e-01,1.272281770163654346e-01
5.460000000000000409e-01,5.712190223071956785e-01,1.272548739969037168e-01
5.480000000000000426e-01,5.730423797841649458e-01,1.272833492334903838e-01
5.500000000000000444e-01,5.748645248892717552e-01,1.273135441258677891e-01
5.520000000000000462e-01,5.766854642925318686e-01,1.273454004865985922e-01
5.540000000000000480e-01,5.785052046284545613e-01,1.273788592345260207e-01
5.560000000000000497e-01,5.803237524756695853e-01,1.274138616454882911e-01
5.580000000000000515e-01,5.821411143941804811e-01,1.274503486026749843e-01
5.600000000000000533e-01,5.839572968863648850e-01,1.274882608610084789e-01
5.620000000000000551e-01,5.857723064313177241e-01,1.275275395960991931e-01
5.639999999999999458e-01,5.875861494540004504e-01,1.275681254832255751e-01
5.659999999999999476e-01,5.893988323421217590e-01,1.276099594170320706e-01
5.679999999999999494e-01,5.912103614507941973e-01,1.276529825883440106e-01
5.699999999999999512e-01,5.930207430786685885e-01,1.276971360477139050e-01
5.719999999999999529e-01,5.948299835016951365e-01,1.277423613802667057e-01
5.739999999999999547e-01,5.966380889370338503e-01,1.277885998984519822e-01
5.759999999999999565e-01,5.984450655768159821e-01,1.278357936718076127e-01
5.779999999999999583e-01,6.002509195520542296e-01,1.278838847192969863e-01
5.799999999999999600e-01,6.020556569728069407e-01,1.279328156392061655e-01
5.819999999999999618e-01,6.038592838874319302e-01,1.279825291997813419e-01
5.839999999999999636e-01,6.056618063198402346e-01,1.280329686266747646e-01
5.859999999999999654e-01,6.074632302380632565e-01,1.280840777048120604e-01
5.879999999999999671e-01,6.092635615728795306e-01,1.281358003544799395e-01
5.899999999999999689e-01,6.110628062125761373e-01,1.281880815420240460e-01
5.919999999999999707e-01,6.128609700012020989e-01,1.282408661880759249e-01
5.939999999999999725e-01,6.146580587391509143e-01,1.282940999639094470e-01
5.959999999999999742e-01,6.164540781843242945e-01,1.283477292777425727e-01
5.979999999999999760e-01,6.182490340486401781e-01,1.284017009066475978e-01
5.999999999999999778e-01,6.200429320061812133e-01,1.284559625070855193e-01
6.019999999999999796e-01,6.218357776780613078e-01,1.285104619490916034e-01
6.039999999999999813e-01,6.236275766475591897e-01,1.285651483638758363e-01
6.059999999999999831e-01,6.254183344542980638e-01,1.286199712368827908e-01
6.079999999999999849e-01,6.272080565895885584e-01,1.286748806621282049e-01
6.099999999999999867e-01,6.289967485051601859e-01,1.287298277511148559e-01
6.119999999999999885e-01,6.307844156009377867e-01,1.287847641365520712e-01
6.139999999999999902e-01,6.325710632419213608e-01,1.288396424795526796e-01
6.159999999999999920e-01,6.343566967389778766e-01,1.288944159169396475e-01
6.179999999999999938e-01,6.361413213587365778e-01,1.289490385818702067e-01
6.199999999999999956e-01,6.379249423334840685e-01,1.290034655589671897e-01
6.219999999999999973e-01,6.397075648314785035e-01,1.290576524306836226e-01
6.239999999999999991e-01,6.414891939907101381e-01,1.291115558249565087e-01
6.260000000000000009e-01,6.432698348985286252e-01,1.291651332713098788e-01
6.280000000000000027e-01,6.450494925986276495e-01,1.292183430712825765e-01
6.300000000000000044e-01,6.468281720869708540e-01,1.292711445771332346e-01
6.320000000000000062e-01,6.486058783071348977e-01,1.293234976961711857e-01
6.340000000000000080e-01,6.503826161671895090e-01,1.293753635350474163e-01
6.360000000000000098e-01,6.521583905274747073e-01,1.294267040726779228e-01
6.380000000000000115e-01,6.539332061965251741e-01,1.294774821570112977e-01
6.400000000000000133e-01,6.557070679339812580e-01,1.295276616140937642e-01
6.420000000000000151e-01,6.574799804668873815e-01,1.295772068935862331e-01
6.440000000000000169e-01,6.592519484652439310e-01,1.296260839218556782e-01
6.460000000000000187e-01,6.610229765507392719e-01,1.296742591856652749e-01
6.480000000000000204e-01,6.627930693031521825e-01,1.297217002061062385e-01
6.500000000000000222e-01,6.645622312533668863e-01,1.297683755769336034e-01
6.520000000000000240e-01,6.663304668891941729e-01,1.298142546244991924e-01
6.540000000000000258e-01,6.680977806460578483e-01,1.298593076707316163e-01
6.560000000000000275e-01,6.698641769104870525e-01,1.299035061835547289e-01
6.580000000000000293e-01,6.716296600352507085e-01,1.299468225490903184e-01
6.600000000000000311e-01,6.733942343055968616e-01,1.299892298303657323e-01
6.620000000000000329e-01,6.751579039747593880e-01,1.300307023798443762e-01
6.640000000000000346e-01,6.769206732488237677e-01,1.300712153460474862e-01
6.660000000000000364e-01,6.786825462756678196e-01,1.301107449221226287e-01
6.680000000000000382e-01,6.804435271618421988e-01,1.301492680489421960e-01
6.700000000000000400e-01,6.822036199714056615e-01,1.301867629291761086e-01
6.720000000000000417e-01,6.839628287102095250e-01,1.302232085348353496e-01
6.740000000000000435e-01,6.857211573468521282e-01,1.302585847580971512e-01
6.760000000000000453e-01,6.874786097905598581e-01,1.302928725200703242e-01
6.780000000000000471e-01,6.892351899185450437e-01,1.303260536980337669e-01
6.800000000000000488e-01,6.909909015474841043e-01,1.303581109831160323e-01
6.820000000000000506e-01,6.927457484474871530e-01,1.303890280591362139e-01
6.840000000000000524e-01,6.944997343479190066e-01,1.304187896278626024e-01
6.860000000000000542e-01,6.962528629245935408e-01,1.304473812251859544e-01
6.879999999999999449e-01,6.980051378067583245e-01,1.304747892607035220e-01
6.899999999999999467e-01,6.997565625759307739e-01,1.305010011409834247e-01
6.919999999999999485e-01,7.015071407658979297e-01,1.305260052534345794e-01
6.939999999999999503e-01,7.032568758621345895e-01,1.305497905323210472e-01
6.959999999999999520e-01,7.050057713058777153e-01,1.305723471398242130e-01
6.979999999999999538e-01,7.067538304824847462e-01,1.305936660600730548e-01
6.999999999999999556e-01,7.085010567365679357e-01,1.306137390697307277e-01
7.019999999999999574e-01,7.102474533597705753e-01,1.306325589175843516e-01
7.039999999999999591e-01,7.119930236047367078e-01,1.306501191281886354e-01
7.059999999999999609e-01,7.137377706618280859e-01,1.306664139171596628e-01
7.079999999999999627e-01,7.154816976864821765e-01,1.306814387608415950e-01
7.099999999999999645e-01,7.172248077817493517e-01,1.306951895460965463e-01
7.119999999999999662e-01,7.189671039988752010e-01,1.307076631819930612e-01
7.139999999999999680e-01,7.207085893471958382e-01,1.307188574319836927e-01
7.159999999999999698e-01,7.224492667859885309e-01,1.307287707323938619e-01
7.179999999999999716e-01,7.241891392244724779e-01,1.307374024006801583e-01
7.199999999999999734e-01,7.259282095276284874e-01,1.307447525376420061e-01
7.219999999999999751e-01,7.276664805144537063e-01,1.307508219854370823e-01
7.239999999999999769e-01,7.294039549434091496e-01,1.307556121744306021e-01
7.259999999999999787e-01,7.311406355455983830e-01,1.307591256935493884e-01
7.279999999999999805e-01,7.328765249857679409e-01,1.307613657199817592e-01
7.299999999999999822e-01,7.346116258960683210e-01,1.307623358385695267e-01
7.319999999999999840e-01,7.363459408492780689e-01,1.307620406820133585e-01
7.339999999999999858e-01,7.380794723768485666e-01,1.307604855696005708e-01
7.359999999999999876e-01,7.398122229584259690e-01,1.307576765077263781e-01
7.379999999999999893e-01,7.415441950375679658e-01,1.307536198566342511e-01
7.399999999999999911e-01,7.432753909955499561e-01,1.307483232492635539e-01
7.419999999999999929e-01,7.450058131717378629e-01,1.307417946739255210e-01
7.439999999999999947e-01,7.467354638635879116e-01,1.307340426003533174e-01
7.459999999999999964e-01,7.484643453150056081e-01,1.307250763006537475e-01
7.479999999999999982e-01,7.501924597274046702e-01,1.307149057390839531e-01
7.500000000000000000e-01,7.519198092544684409e-01,1.307035413922904010e-01
7.520000000000000018e-01,7.536463959951652525e-01,1.306909945149161978e-01
7.540000000000000036e-01,7.553722220181953162e-01,1.306772765006555537e-01
7.560000000000000053e-01,7.570972893264843462e-01,1.306623999970501493e-01
7.580000000000000071e-01,7.588215998903615755e-01,1.306463775845896347e-01
7.600000000000000089e-01,7.605451556248590261e-01,1.306292227525207850e-01
7.620000000000000107e-01,7.622679584048455137e-01,1.306109493852905257e-01
7.640000000000000124e-01,7.639900100580416797e-01,1.305915720565073712e-01
7.660000000000000142e-01,7.657113123574527114e-01,1.305711057938362951e-01
7.680000000000000160e-01,7.674318670411593990e-01,1.305495658019310279e-01
7.700000000000000178e-01,7.691516757948556604e-01,1.305269682442335710e-01
7.720000000000000195e-01,7.708707402611616466e-01,1.305033296178629010e-01
7.740000000000000213e-01,7.725890620407881437e-01,1.304786666855261568e-01
7.760000000000000231e-01,7.743066426715813355e-01,1.304529970487750268e-01
7.780000000000000249e-01,7.760234836663585378e-01,1.304263382297005669e-01
7.800000000000000266e-01,7.777395864791469826e-01,1.303987085231121390e-01
7.820000000000000284e-01,7.794549525307956639e-01,1.303701267196521185e-01
7.840000000000000302e-01,7.811695831775432586e-01,1.303406117588156166e-01
7.860000000000000320e-01,7.828834797523449573e-01,1.303101830096622393e-01
7.880000000000000338e-01,7.845966435276204853e-01,1.302788603285241764e-01
7.900000000000000355e-01,7.863090757420286847e-01,1.302466637956043727e-01
7.920000000000000373e-01,7.880207775766030487e-01,1.302136139820246619e-01
7.940000000000000391e-01,7.897317501786165206e-01,1.301797317002848786e-01
7.960000000000000409e-01,7.914419946429552821e-01,1.301450380618234814e-01
7.980000000000000426e-01,7.931515120348194836e-01,1.301095545905837370e-01
8.000000000000000444e-01,7.948603033577091859e-01,1.300733029591858991e-01
8.020000000000000462e-01,7.965683695778715823e-01,1.300363053121595114e-01
8.040000000000000480e-01,7.982757116190623004e-01,1.299985838341269906e-01
8.060000000000000497e-01,7.999823303602170421e-01,1.299601611150245362e-01
8.080000000000000515e-01,8.016882266401080814e-01,1.299210598999160360e-01
8.100000000000000533e-01,8.033934012462851104e-01,1.298813033705307485e-01
8.120000000000000551e-01,8.050978549290448427e-01,1.298409146988112606e-01
8.139999999999999458e-01,8.068015883991028758e-01,1.297999172162132564e-01
8.159999999999999476e-01,8.085046023130416648e-01,1.297583346954350181e-01
8.179999999999999494e-01,8.102068972884444165e-01,1.297161908193402435e-01
8.199999999999999512e-01,8.119084739143727081e-01,1.296735096026847833e-01
8.219999999999999529e-01,8.136093327176058265e-01,1.296303153375448214e-01
8.239999999999999547e-01,8.153094741975656090e-01,1.295866320894310808e-01
8.259999999999999565e-01,8.170088987972121686e-01,1.295424843156742500e-01
8.279999999999999583e-01,8.187076069321483907e-01,1.294978965439168572e-01
8.299999999999999600e-01,8.204055989679182037e-01,1.294528933168846707e-01
8.319999999999999618e-01,8.221028752328130018e-01,1.294074993337867019e-01
8.339999999999999636e-01,8.237994360062294019e-01,1.293617395357245237e-01
8.359999999999999654e-01,8.254952815343858941e-01,1.293156385301288402e-01
8.379999999999999671e-01,8.271904120268299687e-01,1.292692212662659157e-01
8.399999999999999689e-01,8.288848276378121271e-01,1.292225127408768992e-01
8.419999999999999707e-01,8.305785284918966171e-01,1.291755378580357327e-01
8.439999999999999725e-01,8.322715146752307502e-01,1.291283215562993858e-01
8.459999999999999742e-01,8.339637862215749653e-01,1.290808888938122234e-01
8.479999999999999760e-01,8.356553431332577331e-01,1.290332647670280608e-01
8.499999999999999778e-01,8.373461853805929112e-01,1.289854740377271158e-01
8.519999999999999796e-01,8.390363128791795688e-01,1.289375417449101502e-01
8.539999999999999813e-01,8.407257255155127229e-01,1.288894926679297337e-01
8.559999999999999831e-01,8.424144231289392160e-01,1.288413516933256953e-01
8.579999999999999849e-01,8.441024055326125097e-01,1.287931434480193982e-01
8.599999999999999867e-01,8.457896724867168814e-01,1.287448927510973784e-01
8.619999999999999885e-01,8.474762237246613594e-01,1.286966240771872938e-01
8.639999999999999902e-01,8.491620589373632955e-01,1.286483618952113939e-01
8.659999999999999920e-01,8.508471777709201156e-01,1.286001305835196562e-01
8.679999999999999938e-01,8.525315798458177330e-01,1.285519543589350722e-01
8.699999999999999956e-01,8.542152647400507171e-01,1.285038573471454504e-01
8.719999999999999973e-01,8.558982319955248386e-01,1.284558635965668827e-01
8.739999999999999991e-01,8.575804811139824402e-01,1.284079968088798485e-01
8.760000000000000009e-01,8.592620115564204575e-01,1.283602806357591886e-01
8.780000000000000027e-01,8.609428227622992758e-01,1.283127387210536430e-01
8.800000000000000044e-01,8.626229141181102067e-01,1.282653940055807629e-01
8.820000000000000062e-01,8.643022849928820861e-01,1.282182699029849327e-01
8.840000000000000080e-01,8.659809346974361999e-01,1.281713892074559102e-01
8.860000000000000098e-01,8.676588625233853103e-01,1.281247745748761435e-01
8.880000000000000115e-01,8.693360677239252432e-01,1.280784485363191116e-01
8.900000000000000133e-01,8.710125495161628040e-01,1.280324331563602036e-01
8.920000000000000151e-01,8.726883070799522635e-01,1.279867506286339884e-01
8.940000000000000169e-01,8.743633395648794382e-01,1.279414225504225400e-01
8.960000000000000187e-01,8.760376460850238800e-01,1.278964705041274186e-01
8.980000000000000204e-01,8.777112257160478714e-01,1.278519156155798475e-01
9.000000000000000222e-01,8.793840775050921765e-01,1.278077789084049731e-01
9.020000000000000240e-01,8.810562004696111948e-01,1.277640809757197293e-01
9.040000000000000258e-01,8.827275935863144740e-01,1.277208421353594470e-01
9.060000000000000275e-01,8.843982557964045199e-01,1.276780825711594236e-01
9.080000000000000293e-01,8.860681860218755368e-01,1.276358220042040359e-01
9.100000000000000311e-01,8.877373831375734436e-01,1.275940799193925335e-01
9.120000000000000329e-01,8.894058459985535459e-01,1.275528753931428894e-01
9.140000000000000346e-01,8.910735734237823502e-01,1.275122272488508346e-01
9.160000000000000364e-01,8.927405641903169986e-01,1.274721539700553741e-01
9.180000000000000382e-01,8.944068170676473528e-01,1.274326736705281571e-01
9.200000000000000400e-01,8.960723307664738568e-01,1.273938041356974527e-01
9.220000000000000417e-01,8.977371039846911982e-01,1.273555627641678456e-01
9.240000000000000435e-01,8.994011353922541918e-01,1.273179667520142333e-01
9.260000000000000453e-01,9.010644236119697004e-01,1.272810325914280061e-01
9.280000000000000471e-01,9.027269672532566291e-01,1.272447768979519944e-01
9.300000000000000488e-01,9.043887648894451958e-01,1.272092153802421854e-01
9.320000000000000506e-01,9.060498150653438776e-01,1.271743637390239101e-01
9.340000000000000524e-01,9.077101162966573211e-01,1.271402372513122103e-01
9.360000000000000542e-01,9.093696670688222738e-01,1.271068505829295592e-01
9.379999999999999449e-01,9.110284658428281501e-01,1.270742182019573563e-01
9.399999999999999467e-01,9.126865110499784439e-01,1.270423542201277178e-01
9.419999999999999485e-01,9.143438010930549087e-01,1.270112719905185372e-01
9.439999999999999503e-01,9.160003343439894197e-01,1.269809850082553593e-01
9.459999999999999520e-01,9.176561091584153340e-01,1.269515059785126798e-01
9.479999999999999538e-01,9.193111238518031358e-01,1.269228472303815802e-01
9.499999999999999556e-01,9.209653767227428123e-01,1.268950208446535111e-01
9.519999999999999574e-01,9.226188660413027209e-01,1.268680382943119522e-01
9.539999999999999591e-01,9.242715900472830981e-01,1.268419106725574841e-01
9.559999999999999609e-01,9.259235469647683070e-01,1.268166488064085551e-01
9.579999999999999627e-01,9.275747349794255525e-01,1.267922628970373777e-01
9.599999999999999645e-01,9.292251522606238545e-01,1.267687629202142729e-01
9.619999999999999662e-01,9.308747969527030319e-01,1.267461582522602936e-01
9.639999999999999680e-01,9.325236671738094119e-01,1.267244578554331813e-01
9.659999999999999698e-01,9.341717610170598984e-01,1.267036702769217815e-01
9.679999999999999716e-01,9.358190765546169354e-01,1.266838038058211713e-01
9.699999999999999734e-01,9.374656118318671627e-01,1.266648659984195846e-01
9.719999999999999751e-01,9.391113648784812362e-01,1.266468642228541497e-01
9.739999999999999769e-01,9.407563336921157537e-01,1.266298053424060321e-01
9.759999999999999787e-01,9.424005162494722976e-01,1.266136956571666528e-01
9.779999999999999805e-01,9.440439105115365770e-01,1.265985412767600682e-01
9.799999999999999822e-01,9.456865144125186085e-01,1.265843476599290696e-01
9.819999999999999840e-01,9.473283258668380169e-01,1.265711199011583243e-01
9.839999999999999858e-01,9.489693427656311631e-01,1.265588629025543865e-01
9.859999999999999876e-01,9.506095629819901749e-01,1.265475805396807096e-01
9.879999999999999893e-01,9.522489843703806356e-01,1.265372770407748038e-01
9.899999999999999911e-01,9.538876047532539593e-01,1.265279555777129583e-01
9.919999999999999929e-01,9.555254219530615600e-01,1.265196191567164730e-01
9.939999999999999947e-01,9.571624337550019845e-01,1.265122703592537201e-01
9.959999999999999964e-01,9.587986379297217532e-01,1.265059113704562477e-01
9.979999999999999982e-01,9.604340322414646192e-01,1.265005438350398081e-01
1.000000000000000000e+00,9.620686144172213572e-01,1.264961688139005780e-01
1.002000000000000002e+00,9.637023821717594085e-01,1.264927877330000172e-01
1.004000000000000004e+00,9.653353332128609132e-01,1.264904006432810424e-01
1.006000000000000005e+00,9.669674652180401120e-01,1.264890077879672337e-01
1.008000000000000007e+00,9.685987758531701131e-01,1.264886087684834737e-01
1.010000000000000009e+00,9.702292627660790147e-01,1.264892028895862330e-01
1.012000000000000011e+00,9.718589235859690367e-01,1.264907889724681267e-01
1.014000000000000012e+00,9.734877559362211663e-01,1.264933654555225051e-01
1.016000000000000014e+00,9.751157574082026658e-01,1.264969305526666976e-01
1.018000000000000016e+00,9.767429255868773641e-01,1.265014819084039344e-01
1.020000000000000018e+00,9.783692580444039999e-01,1.265070167706300042e-01
1.022000000000000020e+00,9.799947523354785028e-01,1.265135321490750420e-01
1.024000000000000021e+00,9.816194059932604743e-01,1.265210246286869178e-01
1.026000000000000023e+00,9.832432165497447807e-01,1.265294903556288264e-01
1.028000000000000025e+00,9.848661815183004098e-01,1.265389252245802121e-01
1.030000000000000027e+00,9.864882983919233128e-01,1.265493246635296110e-01
1.032000000000000028e+00,9.881095646572066737e-01,1.265606839792370597e-01
1.034000000000000030e+00,9.897299777867738513e-01,1.265729977253134686e-01
1.036000000000000032e+00,9.913495352433528973e-01,1.265862603639702488e-01
1.038000000000000034e+00,9.929682344727916998e-01,1.266004662521121316e-01
1.040000000000000036e+00,9.945860729081323903e-01,1.266156090240657117e-01
1.042000000000000037e+00,9.962030479824171003e-01,1.266316820952116395e-01
1.044000000000000039e+00,9.978191571036586494e-01,1.266486785907884605e-01
1.046000000000000041e+00,9.994343976798699680e-01,1.266665915045444568e-01
1.048000000000000043e+00,1.001048767095198855e+00,1.266854132255103016e-01
1.050000000000000044e+00,1.002662262739613563e+00,1.267051360127250670e-01
1.052000000000000046e+00,1.004274881986202628e+00,1.267257517805794043e-01
1.054000000000000048e+00,1.005886622198158831e+00,1.267472521140071418e-01
1.056000000000000050e+00,1.007497480727615802e+00,1.267696285706673143e-01
1.058000000000000052e+00,1.009107454924378589e+00,1.267928720933614029e-01
1.060000000000000053e+00,1.010716542128357043e+00,1.268169735419046873e-01
1.062000000000000055e+00,1.012324739661417006e+00,1.268419235360771502e-01
1.064000000000000057e+00,1.013932044852408509e+00,1.268677122270791824e-01
1.066000000000000059e+00,1.015538455017958697e+00,1.268943298146954224e-01
1.068000000000000060e+00,1.017143967464217091e+00,1.269217660032890271e-01
1.070000000000000062e+00,1.018748579492094075e+00,1.269500105904531051e-01
1.072000000000000064e+00,1.020352288395515616e+00,1.269790526510320428e-01
1.074000000000000066e+00,1.021955091473646382e+00,1.270088815841032559e-01
1.076000000000000068e+00,1.023556985995965007e+00,1.270394862112149414e-01
1.078000000000000069e+00,1.025157969253486900e+00,1.270708552215086273e-01
1.080000000000000071e+00,1.026758038516854876e+00,1.271029771296303401e-01
1.082000000000000073e+00,1.028357191057875708e+00,1.271358403481684662e-01
1.084000000000000075e+00,1.029955424139625375e+00,1.271694329166935256e-01
1.086000000000000076e+00,1.031552735024597434e+00,1.272037429176257894e-01
1.088000000000000078e+00,1.033149120972375323e+00,1.272387580622759973e-01
1.090000000000000080e+00,1.034744579234393225e+00,1.272744659921611621e-01
1.092000000000000082e+00,1.036339107069652599e+00,1.273108542512035313e-01
1.094000000000000083e+00,1.037932701723184525e+00,1.273479101579863548e-01
1.096000000000000085e+00,1.039525360444677027e+00,1.273856207353495362e-01
1.098000000000000087e+00,1.041117080482072188e+00,1.274239732539464431e-01
1.100000000000000089e+00,1.042707859083893629e+00,1.274629544619056420e-01
1.102000000000000091e+00,1.044297693481785139e+00,1.275025512425263241e-01
1.104000000000000092e+00,1.045886580931837617e+00,1.275427502724285345e-01
1.106000000000000094e+00,1.047474518670933330e+00,1.275835380082523396e-01
1.108000000000000096e+00,1.049061503945849738e+00,1.276249010582042598e-01
1.110000000000000098e+00,1.050647533995797911e+00,1.276668258832189817e-01
1.112000000000000099e+00,1.052232606064644749e+00,1.277092984986931967e-01
1.114000000000000101e+00,1.053816717398585734e+00,1.277523052731746878e-01
1.116000000000000103e+00,1.055399865246145152e+00,1.277958324017109404e-01
1.118000000000000105e+00,1.056982046851771884e+00,1.278398657644237157e-01
1.120000000000000107e+00,1.058563259470392870e+00,1.278843914823360184e-01
1.122000000000000108e+00,1.060143500346457657e+00,1.279293955762504376e-01
1.124000000000000110e+00,1.061722766744205737e+00,1.279748637968899649e-01
1.125999999999999890e+00,1.063301055913325355e+00,1.280207820805704944e-01
1.127999999999999892e+00,1.064878365125041526e+00,1.280671362084919163e-01
1.129999999999999893e+00,1.066454691631952389e+00,1.281139119636877932e-01
1.131999999999999895e+00,1.068030032709939459e+00,1.281610952876207077e-01
1.133999999999999897e+00,1.069604385636630406e+00,1.282086715851494529e-01
1.135999999999999899e+00,1.071177747686160808e+00,1.282566268889296091e-01
1.137999999999999901e+00,1.072750116134411735e+00,1.283049468946287908e-01
1.139999999999999902e+00,1.074321488280547854e+00,1.283536172737479442e-01
1.141999999999999904e+00,1.075891861416748752e+00,1.284026238440611756e-01
1.143999999999999906e+00,1.077461232843925254e+00,1.284519522723399920e-01
1.145999999999999908e+00,1.079029599863570166e+00,1.285015882731832537e-01
1.147999999999999909e+00,1.080596959795220746e+00,1.285515178922732316e-01
1.149999999999999911e+00,1.082163309952593355e+00,1.286017266008235294e-01
1.151999999999999913e+00,1.083728647666284850e+00,1.286522005553715209e-01
1.153999999999999915e+00,1.085292970273294522e+00,1.287029254802084521e-01
1.155999999999999917e+00,1.086856275117606963e+00,1.287538874879163298e-01
1.157999999999999918e+00,1.088418559543206321e+00,1.288050723303988399e-01
1.159999999999999920e+00,1.089979820920852882e+00,1.288564663174147085e-01
1.161999999999999922e+00,1.091540056610247111e+00,1.289080553279472185e-01
1.163999999999999924e+00,1.093099263999029125e+00,1.289598257140092685e-01
1.165999999999999925e+00,1.094657440465525822e+00,1.290117635526282780e-01
1.167999999999999927e+00,1.096214583411347032e+00,1.290638551962406677e-01
1.169999999999999929e+00,1.097770690246834491e+00,1.291160872300438356e-01
1.171999999999999931e+00,1.099325758387567520e+00,1.291684458661405410e-01
1.173999999999999932e+00,1.100879785261349664e+00,1.292209177468007231e-01
1.175999999999999934e+00,1.102432768318103662e+00,1.292734896763680086e-01
1.177999999999999936e+00,1.103984704992035493e+00,1.293261481006300340e-01
1.179999999999999938e+00,1.105535592765081621e+00,1.293788801480398876e-01
1.181999999999999940e+00,1.107085429103462859e+00,1.294316726587046440e-01
1.183999999999999941e+00,1.108634211493772392e+00,1.294845126345741393e-01
1.185999999999999943e+00,1.110181937441229838e+00,1.295373872672499205e-01
1.187999999999999945e+00,1.111728604458039671e+00,1.295902839236026116e-01
1.189999999999999947e+00,1.113274210069794101e+00,1.296431899349814454e-01
1.191999999999999948e+00,1.114818751821876397e+00,1.296960927375518102e-01
1.193999999999999950e+00,1.116362227265490281e+00,1.297489801805093990e-01
1.195999999999999952e+00,1.117904633966390948e+00,1.298018399086319774e-01
1.197999999999999954e+00,1.119445969506050353e+00,1.298546598529512486e-01
1.199999999999999956e+00,1.120986231492715923e+00,1.299074279921018094e-01
1.201999999999999957e+00,1.122525417533470238e+00,1.299601325201403257e-01
1.203999999999999959e+00,1.124063525251695062e+00,1.300127618040835542e-01
1.205999999999999961e+00,1.125600552298710699e+00,1.300653042576290219e-01
1.207999999999999963e+00,1.127136496333405402e+00,1.301177485786411125e-01
1.209999999999999964e+00,1.128671355027472512e+00,1.301700833432529458e-01
1.211999999999999966e+00,1.130205126078217326e+00,1.302222975228490287e-01
1.213999999999999968e+00,1.131737807193421652e+00,1.302743801341051944e-01
1.215999999999999970e+00,1.133269396096584281e+00,1.303263206156357601e-01
1.217999999999999972e+00,1.134799890537397049e+00,1.303781080178444962e-01
1.219999999999999973e+00,1.136329288272536431e+00,1.304297320216407652e-01
1.221999999999999975e+00,1.137857587087200972e+00,1.304811821842695729e-01
1.223999999999999977e+00,1.139384784775902437e+00,1.305324485525677647e-01
1.225999999999999979e+00,1.140910879153525403e+00,1.305835209932377783e-01
1.227999999999999980e+00,1.142435868054162640e+00,1.306343896525557491e-01
1.229999999999999982e+00,1.143959749338100629e+00,1.306850449556752891e-01
1.231999999999999984e+00,1.145482520867372012e+00,1.307354773694026084e-01
1.233999999999999986e+00,1.147004180549411112e+00,1.307856774993141347e-01
1.235999999999999988e+00,1.148524726287578179e+00,1.308356363673828793e-01
1.237999999999999989e+00,1.150044156015501251e+00,1.308853448829095101e-01
1.239999999999999991e+00,1.151562467687763380e+00,1.309347942454443248e-01
1.241999999999999993e+00,1.153079659279319547e+00,1.309839758607427296e-01
1.243999999999999995e+00,1.154595728781423469e+00,1.310328813124394809e-01
1.245999999999999996e+00,1.156110674211522582e+00,1.310815021950191284e-01
1.247999999999999998e+00,1.157624493614421324e+00,1.311298304465360609e-01
1.250000000000000000e+00,1.159137185036088313e+00,1.311778583478004911e-01
1.252000000000000002e+00,1.160648746560327682e+00,1.312255778839419296e-01
1.254000000000000004e+00,1.162159176298300789e+00,1.312729816454392962e-01
1.256000000000000005e+00,1.163668472368153850e+00,1.313200622866337597e-01
1.258000000000000007e+00,1.165176632921211430e+00,1.313668124562016870e-01
1.260000000000000009e+00,1.166683656123350454e+00,1.314132253091269686e-01
1.262000000000000011e+00,1.168189540177118069e+00,1.314592938552923973e-01
1.264000000000000012e+00,1.169694283292628922e+00,1.315050115266704900e-01
1.266000000000000014e+00,1.171197883714339749e+00,1.315503718030731350e-01
1.268000000000000016e+00,1.172700339703587780e+00,1.315953683915868644e-01
1.270000000000000018e+00,1.174201649553724636e+00,1.316399953227342656e-01
1.272000000000000020e+00,1.175701811573235389e+00,1.316842464662910661e-01
1.274000000000000021e+00,1.177200824108440402e+00,1.317281161665833922e-01
1.276000000000000023e+00,1.178698685513809297e+00,1.317715988826218543e-01
1.278000000000000025e+00,1.180195394179318180e+00,1.318146891739495341e-01
1.280000000000000027e+00,1.181690948513569372e+00,1.318573817968814454e-01
1.282000000000000028e+00,1.183185346965910822e+00,1.318996717591887913e-01
1.284000000000000030e+00,1.184678587988601040e+00,1.319415542643956329e-01
1.286000000000000032e+00,1.186170670080464395e+00,1.319830247664459388e-01
1.288000000000000034e+00,1.187661591752548595e+00,1.320240783629461623e-01
1.290000000000000036e+00,1.189151351546752222e+00,1.320647112004648960e-01
1.292000000000000037e+00,1.190639948032912843e+00,1.321049188755445136e-01
1.294000000000000039e+00,1.192127379808807675e+00,1.321446974677908948e-01
1.296000000000000041e+00,1.193613645492587194e+00,1.321840432500303031e-01
1.298000000000000043e+00,1.195098743737908142e+00,1.322229526053554649e-01
1.300000000000000044e+00,1.196582673214143133e+00,1.322614220818545128e-01
1.302000000000000046e+00,1.198065432638395489e+00,1.322994483785051301e-01
1.304000000000000048e+00,1.199547020730678870e+00,1.323370285372769406e-01
1.306000000000000050e+00,1.201027436258155001e+00,1.323741594341123484e-01
1.308000000000000052e+00,1.202506678006029617e+00,1.324108384934047922e-01
1.310000000000000053e+00,1.203984744793269890e+00,1.324470631927289199e-01
1.312000000000000055e+00,1.205461635462124814e+00,1.324828308018106138e-01
1.314000000000000057e+00,1.206937348890351203e+00,1.325181395220036695e-01
1.316000000000000059e+00,1.208411883973749434e+00,1.325529868656881438e-01
1.318000000000000060e+00,1.209885239652358058e+00,1.325873711113339237e-01
1.320000000000000062e+00,1.211357414882513694e+00,1.326212905617883131e-01
1.322000000000000064e+00,1.212828408654313517e+00,1.326547434619119170e-01
1.324000000000000066e+00,1.214298219986376326e+00,1.326877284509813126e-01
1.326000000000000068e+00,1.215766847931081474e+00,1.327202443291518874e-01
1.328000000000000069e+00,1.217234291567583560e+00,1.327522898653855365e-01
1.330000000000000071e+00,1.218700550009962136e+00,1.327838642084116783e-01
1.332000000000000073e+00,1.220165622389176807e+00,1.328149663794992441e-01
1.334000000000000075e+00,1.221629507878678744e+00,1.328455959161213007e-01
1.336000000000000076e+00,1.223092205684515710e+00,1.328757521047279622e-01
1.338000000000000078e+00,1.224553715030197054e+00,1.329054348295637122e-01
1.340000000000000080e+00,1.226014035186963058e+00,1.329346436962515476e-01
1.342000000000000082e+00,1.227473165442352077e+00,1.329633787434696957e-01
1.344000000000000083e+00,1.228931105122901490e+00,1.329916400321533021e-01
1.346000000000000085e+00,1.230387853584252289e+00,1.330194276728218217e-01
1.348000000000000087e+00,1.231843410216970414e+00,1.330467421946689432e-01
1.350000000000000089e+00,1.233297774437232874e+00,1.330735840393896252e-01
1.352000000000000091e+00,1.234750945696723612e+00,1.330999536979488307e-01
1.354000000000000092e+00,1.236202923478558757e+00,1.331258522161056779e-01
1.356000000000000094e+00,1.237653707298450145e+00,1.331512803059312633e-01
1.358000000000000096e+00,1.239103296701796308e+00,1.331762390700594600e-01
1.360000000000000098e+00,1.240551691270666224e+00,1.332007297145770541e-01
1.362000000000000099e+00,1.241998890614486317e+00,1.332247534670479572e-01
1.364000000000000101e+00,1.243444894377607746e+00,1.332483116720944716e-01
1.366000000000000103e+00,1.244889702243963336e+00,1.332714060643139520e-01
1.368000000000000105e+00,1.246333313914365082e+00,1.332940382084905895e-01
1.370000000000000107e+00,1.247775729132699851e+00,1.333162099500544706e-01
1.372000000000000108e+00,1.249216947680688472e+00,1.333379230192906217e-01
1.374000000000000110e+00,1.250656969361589210e+00,1.333591797271231338e-01
1.375999999999999890e+00,1.252095794022316078e+00,1.333799820237237810e-01
1.377999999999999892e+00,1.253533421533647996e+00,1.334003321533734632e-01
1.379999999999999893e+00,1.254969851807109071e+00,1.334202324770731030e-01
1.381999999999999895e+00,1.256405084786820225e+00,1.334396855270607585e-01
1.383999999999999897e+00,1.257839120446005765e+00,1.334586938295839742e-01
1.385999999999999899e+00,1.259271958799799807e+00,1.334772601230321265e-01
1.387999999999999901e+00,1.260703599883127080e+00,1.334953871807399717e-01
1.389999999999999902e+00,1.262134043779224113e+00,1.335130777701828142e-01
1.391999999999999904e+00,1.263563290604506673e+00,1.335303349800062434e-01
1.393999999999999906e+00,1.264991340498090810e+00,1.335471618657790016e-01
1.395999999999999908e+00,1.266418193638091827e+00,1.335635615726831205e-01
1.397999999999999909e+00,1.267843850249191773e+00,1.335795374853487316e-01
1.399999999999999911e+00,1.269268310569459546e+00,1.335950927376498010e-01
1.401999999999999913e+00,1.270691574888187514e+00,1.336102309481171369e-01
1.403999999999999915e+00,1.272113643520278892e+00,1.336249555799752242e-01
1.405999999999999917e+00,1.273534516820218343e+00,1.336392702680064548e-01
1.407999999999999918e+00,1.274954195173922944e+00,1.336531786416414458e-01
1.409999999999999920e+00,1.276372679001651633e+00,1.336666846516742224e-01
1.411999999999999922e+00,1.277789968765573603e+00,1.336797919442898053e-01
1.413999999999999924e+00,1.279206064946483812e+00,1.336925045552212754e-01
1.415999999999999925e+00,1.280620968073490129e+00,1.337048264879388271e-01
1.417999999999999927e+00,1.282034678712952847e+00,1.337167618226088872e-01
1.419999999999999929e+00,1.283447197460336531e+00,1.337283146481668406e-01
1.421999999999999931e+00,1.284858524943701896e+00,1.337394891712385125e-01
1.423999999999999932e+00,1.286268661825451964e+00,1.337502898386080663e-01
1.425999999999999934e+00,1.287677608810481544e+00,1.337607208476847276e-01
1.427999999999999936e+00,1.289085366638610175e+00,1.337707866906324150e-01
1.429999999999999938e+00,1.290491936075850443e+00,1.337804917872640331e-01
1.431999999999999940e+00,1.291897317929542544e+00,1.337898406619349168e-01
1.433999999999999941e+00,1.293301513046608342e+00,1.337988379164361807e-01
1.435999999999999943e+00,1.294704522298998128e+00,1.338074882708716606e-01
1.437999999999999945e+00,1.296106346598826287e+00,1.338157963870292289e-01
1.439999999999999947e+00,1.297506986899534143e+00,1.338237669500741689e-01
1.441999999999999948e+00,1.298906444177264419e+00,1.338314046958443693e-01
1.443999999999999950e+00,1.300304719454725255e+00,1.338387147643172459e-01
1.445999999999999952e+00,1.301701813788968209e+00,1.338457017211270306e-01
1.447999999999999954e+00,1.303097728265565802e+00,1.338523705498677607e-01
1.449999999999999956e+00,1.304492464007344088e+00,1.338587264482701544e-01
1.451999999999999957e+00,1.305886022173799565e+00,1.338647742439757760e-01
1.453999999999999959e+00,1.307278403968666680e+00,1.338705191148836515e-01
1.455999999999999961e+00,1.308669610616052470e+00,1.338759660728786327e-01
1.457999999999999963e+00,1.310059643388958639e+00,1.338811203444043307e-01
1.459999999999999964e+00,1.311448503582505420e+00,1.338859870308819477e-01
1.461999999999999966e+00,1.312836192533141100e+00,1.338905712311158069e-01
1.463999999999999968e+00,1.314222711618058481e+00,1.338948783266915576e-01
1.465999999999999970e+00,1.315608062245883003e+00,1.338989134794028313e-01
1.467999999999999972e+00,1.316992245858418675e+00,1.339026820660936534e-01
1.469999999999999973e+00,1.318375263934722152e+00,1.339061893255485136e-01
1.471999999999999975e+00,1.319757117991684936e+00,1.339094406031223761e-01
1.473999999999999977e+00,1.321137809574720379e+00,1.339124412149955978e-01
1.475999999999999979e+00,1.322517340270569441e+00,1.339151965841094138e-01
1.477999999999999980e+00,1.323895711705554312e+00,1.339177121315913987e-01
1.479999999999999982e+00,1.325272925518802269e+00,1.339199933311844004e-01
1.481999999999999984e+00,1.326648983420454897e+00,1.339220454105246039e-01
1.483999999999999986e+00,1.328023887125891589e+00,1.339238739488725072e-01
1.485999999999999988e+00,1.329397638397058490e+00,1.339254843610606094e-01
1.487999999999999989e+00,1.330770239028497670e+00,1.339268822643066570e-01
1.489999999999999991e+00,1.332141690857242766e+00,1.339280728671090326e-01
1.491999999999999993e+00,1.333511995746521350e+00,1.339290619336532817e-01
1.493999999999999995e+00,1.334881155595067037e+00,1.339298546565976245e-01
1.495999999999999996e+00,1.336249172340612912e+00,1.339304567844439298e-01
1.497999999999999998e+00,1.337616047954652387e+00,1.339308738202922844e-01
1.500000000000000000e+00,1.338981784445349987e+00,1.339311111169946555e-01
1.502000000000000002e+00,1.340346383849973844e+00,1.339311743118388187e-01
1.504000000000000004e+00,1.341709848248283432e+00,1.339310688784296766e-01
1.506000000000000005e+00,1.343072179742739625e+00,1.339308002897383887e-01
1.508000000000000007e+00,1.344433380483533336e+00,1.339303741539862036e-01
1.510000000000000009e+00,1.345793452646466992e+00,1.339297958751714535e-01
1.512000000000000011e+00,1.347152398446924026e+00,1.339290710877442392e-01
1.514000000000000012e+00,1.348510220132302484e+00,1.339282052084741492e-01
1.516000000000000014e+00,1.349866919984342495e+00,1.339272036945590161e-01
1.518000000000000016e+00,1.351222500315052422e+00,1.339260721115929365e-01
1.520000000000000018e+00,1.352576963483006711e+00,1.339248158212354989e-01
1.522000000000000020e+00,1.353930311870644720e+00,1.339234404294704917e-01
1.524000000000000021e+00,1.355282547887181943e+00,1.339219512841172688e-01
1.526000000000000023e+00,1.356633673997130307e+00,1.339203539774210805e-01
1.528000000000000025e+00,1.357983692672569243e+00,1.339186537892184115e-01
1.530000000000000027e+00,1.359332606449024761e+00,1.339168562166960230e-01
1.532000000000000028e+00,1.360680417869589265e+00,1.339149665397844635e-01
1.534000000000000030e+00,1.362027129516936830e+00,1.339129904052657472e-01
1.536000000000000032e+00,1.363372744023217731e+00,1.339109329846550900e-01
1.538000000000000034e+00,1.364717264029313704e+00,1.339087995447174606e-01
1.540000000000000036e+00,1.366060692229075446e+00,1.339065956784342981e-01
1.542000000000000037e+00,1.367403031339053943e+00,1.339043265443421171e-01
1.544000000000000039e+00,1.368744284115382515e+00,1.339019975049936528e-01
1.546000000000000041e+00,1.370084453339222907e+00,1.338996137194584934e-01
1.548000000000000043e+00,1.371423541825497416e+00,1.338971806731413250e-01
1.550000000000000044e+00,1.372761552432202770e+00,1.338947032404518567e-01
1.552000000000000046e+00,1.374098488031886500e+00,1.338921869482160854e-01
1.554000000000000048e+00,1.375434351552976331e+00,1.338896368345515453e-01
1.556000000000000050e+00,1.376769145932630556e+00,1.338870580873773031e-01
1.558000000000000052e+00,1.378102874149335522e+00,1.338844558134738016e-01
1.560000000000000053e+00,1.379435539224650675e+00,1.338818352422827540e-01
1.562000000000000055e+00,1.380767144194105622e+00,1.338792012096292616e-01
1.564000000000000057e+00,1.382097692128736455e+00,1.338765590000867700e-01
1.566000000000000059e+00,1.383427186146145793e+00,1.338739135589603890e-01
1.568000000000000060e+00,1.384755629374412766e+00,1.338712698183577576e-01
1.570000000000000062e+00,1.386083024988183698e+00,1.338686326971881835e-01
1.572000000000000064e+00,1.387409376186551579e+00,1.338660073593343769e-01
1.574000000000000066e+00,1.388734686200041368e+00,1.338633984663108734e-01
1.576000000000000068e+00,1.390058958287117896e+00,1.338608109517638034e-01
1.578000000000000069e+00,1.391382195746991846e+00,1.338582497768898427e-01
1.580000000000000071e+00,1.392704401897499444e+00,1.338557195907003339e-01
1.582000000000000073e+00,1.394025580093730232e+00,1.338532251920224736e-01
1.584000000000000075e+00,1.395345733721624182e+00,1.338507714343735722e-01
1.586000000000000076e+00,1.396664866190985732e+00,1.338483628726141739e-01
1.588000000000000078e+00,1.397982980950037035e+00,1.338460043065128335e-01
1.590000000000000080e+00,1.399300081467372392e+00,1.338437002779062079e-01
1.592000000000000082e+00,1.400616171244764674e+00,1.338414553696524734e-01
1.594000000000000083e+00,1.401931253821821821e+00,1.338392742735696472e-01
1.596000000000000085e+00,1.403245332755614028e+00,1.338371614234643292e-01
1.598000000000000087e+00,1.404558411634061477e+00,1.338351213076882651e-01
1.600000000000000089e+00,1.405870494084083377e+00,1.338331583332041108e-01
1.602000000000000091e+00,1.407181583744822939e+00,1.338312769614713182e-01
1.604000000000000092e+00,1.408491684294422175e+00,1.338294816268725540e-01
1.606000000000000094e+00,1.409800799443037267e+00,1.338277766823158799e-01
1.608000000000000096e+00,1.411108932917704895e+00,1.338261662089102744e-01
1.610000000000000098e+00,1.412416088479803822e+00,1.338246547634983075e-01
1.612000000000000099e+00,1.413722269922727648e+00,1.338232463592161359e-01
1.614000000000000101e+00,1.415027481055585623e+00,1.338219452809890908e-01
1.616000000000000103e+00,1.416331725728814384e+00,1.338207556641376195e-01
1.618000000000000105e+00,1.417635007807984904e+00,1.338196814671505364e-01
1.620000000000000107e+00,1.418937331192428264e+00,1.338187270833257891e-01
1.622000000000000108e+00,1.420238699804758697e+00,1.338178961445633808e-01
1.624000000000000110e+00,1.421539117601350988e+00,1.338171928670214839e-01
1.625999999999999890e+00,1.422838588554295791e+00,1.338166211131675831e-01
1.627999999999999892e+00,1.424137116663623637e+00,1.338161848267138965e-01
1.629999999999999893e+00,1.425434705968364080e+00,1.338158877743086950e-01
1.631999999999999895e+00,1.426731360521516834e+00,1.338157339396986723e-01
1.633999999999999897e+00,1.428027084391797041e+00,1.338157268984001003e-01
1.635999999999999899e+00,1.429321881699142871e+00,1.338158705245057201e-01
1.637999999999999901e+00,1.430615756573970332e+00,1.338161683517613554e-01
1.639999999999999902e+00,1.431908713162993063e+00,1.338166243347440887e-01
1.641999999999999904e+00,1.433200755655998471e+00,1.338172417069918574e-01
1.643999999999999906e+00,1.434491888246848257e+00,1.338180240820110167e-01
1.645999999999999908e+00,1.435782115180045393e+00,1.338189752085509332e-01
1.647999999999999909e+00,1.437071440696599867e+00,1.338200984676198579e-01
1.649999999999999911e+00,1.438359869081759834e+00,1.338213971714935502e-01
1.651999999999999913e+00,1.439647404630086447e+00,1.338228747675629104e-01
1.653999999999999915e+00,1.440934051670483385e+00,1.338245346751736065e-01
1.655999999999999917e+00,1.442219814545824264e+00,1.338263800137383663e-01
1.657999999999999918e+00,1.443504697633325229e+00,1.338284141463907118e-01
1.659999999999999920e+00,1.444788705314276722e+00,1.338306403265362987e-01
1.661999999999999922e+00,1.446071842015371756e+00,1.338330616978150311e-01
1.663999999999999924e+00,1.447354112167376972e+00,1.338356813212470686e-01
1.665999999999999925e+00,1.448635520230745932e+00,1.338385022567409044e-01
1.667999999999999927e+00,1.449916070685721925e+00,1.338415276581821911e-01
1.669999999999999929e+00,1.451195768034085676e+00,1.338447602705351569e-01
1.671999999999999931e+00,1.452474616804975138e+00,1.338482033811426164e-01
1.673999999999999932e+00,1.453752621538587864e+00,1.338518595150103296e-01
1.675999999999999934e+00,1.455029786796658398e+00,1.338557317530154611e-01
1.677999999999999936e+00,1.456306117170024672e+00,1.338598227669789698e-01
1.679999999999999938e+00,1.457581617267569518e+00,1.338641354990977861e-01
1.681999999999999940e+00,1.458856291705160402e+00,1.338686724824618146e-01
1.683999999999999941e+00,1.460130145135917656e+00,1.338734364253349740e-01
1.685999999999999943e+00,1.461403182223439234e+00,1.338784300208637201e-01
1.687999999999999945e+00,1.462675407649367099e+00,1.338836556753068840e-01
1.689999999999999947e+00,1.463946826121536926e+00,1.338891161194082358e-01
1.691999999999999948e+00,1.465217442355933652e+00,1.338948137290250362e-01
1.693999999999999950e+00,1.466487261100555717e+00,1.339007508919428657e-01
1.695999999999999952e+00,1.467756287107476965e+00,1.339069300757506353e-01
1.697999999999999954e+00,1.469024525157292427e+00,1.339133535017784926e-01
1.699999999999999956e+00,1.470291980037582213e+00,1.339200236476725536e-01
1.701999999999999957e+00,1.471558656567940382e+00,1.339269426089362280e-01
1.703999999999999959e+00,1.472824559573782555e+00,1.339341126829793338e-01
1.705999999999999961e+00,1.474089693896239561e+00,1.339415359616089596e-01
1.707999999999999963e+00,1.475354064406128707e+00,1.339492144804216023e-01
1.709999999999999964e+00,1.476617675973684429e+00,1.339571504360424492e-01
1.711999999999999966e+00,1.477880533497082149e+00,1.339653457515393720e-01
1.713999999999999968e+00,1.479142641880898834e+00,1.339738024973599617e-01
1.715999999999999970e+00,1.480404006063472444e+00,1.339825224432278084e-01
1.717999999999999972e+00,1.481664630970917607e+00,1.339915074654650373e-01
1.719999999999999973e+00,1.482924521567765552e+00,1.340007594383247902e-01
1.721999999999999975e+00,1.484183682821458294e+00,1.340102801253666986e-01
1.723999999999999977e+00,1.485442119718645593e+00,1.340200712880399991e-01
1.725999999999999979e+00,1.486699837259948254e+00,1.340301345227908614e-01
1.727999999999999980e+00,1.487956840452970830e+00,1.340404713967948969e-01
1.729999999999999982e+00,1.489213134326273558e+00,1.340510836650461446e-01
1.731999999999999984e+00,1.490468723919475380e+00,1.340619728224958507e-01
1.733999999999999986e+00,1.491723614285001442e+00,1.340731400634230797e-01
1.735999999999999988e+00,1.492977810489828805e+00,1.340845871904531028e-01
1.737999999999999989e+00,1.494231317611411258e+00,1.340963153527403029e-01
1.739999999999999991e+00,1.495484140738262857e+00,1.341083259549831763e-01
1.741999999999999993e+00,1.496736284972866926e+00,1.341206201826012079e-01
1.743999999999999995e+00,1.497987755425274292e+00,1.341331994493232260e-01
1.745999999999999996e+00,1.499238557224161994e+00,1.341460648004230705e-01
1.747999999999999998e+00,1.500488695505191483e+00,1.341592173467400784e-01
1.750000000000000000e+00,1.501738175413338539e+00,1.341726582917381616e-01
1.752000000000000002e+00,1.502987002102308844e+00,1.341863885112080379e-01
1.754000000000000004e+00,1.504235180745599809e+00,1.342004090820293483e-01
1.756000000000000005e+00,1.505482716513797614e+00,1.342147208890123178e-01
1.758000000000000007e+00,1.506729614594951361e+00,1.342293247333898876e-01
1.760000000000000009e+00,1.507975880182930162e+00,1.342442216173916625e-01
1.762000000000000011e+00,1.509221518482081636e+00,1.342594121344384550e-01
1.764000000000000012e+00,1.510466534711886188e+00,1.342748971331471641e-01
1.766000000000000014e+00,1.511710934085422231e+00,1.342906771889063877e-01
1.768000000000000016e+00,1.512954721836722527e+00,1.343067530103276563e-01
1.770000000000000018e+00,1.514197903197491479e+00,1.343231250464366755e-01
1.772000000000000020e+00,1.515440483418060369e+00,1.343397939742664859e-01
1.774000000000000021e+00,1.516682467745267715e+00,1.343567600623938041e-01
1.776000000000000023e+00,1.517923861443996492e+00,1.343740238615615257e-01
1.778000000000000025e+00,1.519164669775636911e+00,1.343915856224836003e-01
1.780000000000000027e+00,1.520404898010310646e+00,1.344094456749616306e-01
1.782000000000000028e+00,1.521644551424542469e+00,1.344276043872317805e-01
1.784000000000000030e+00,1.522883635309990602e+00,1.344460617735753760e-01
1.786000000000000032e+00,1.524122154940269036e+00,1.344648181168281442e-01
1.788000000000000034e+00,1.525360115620423951e+00,1.344838733324814073e-01
1.790000000000000036e+00,1.526597522645606553e+00,1.345032277397945897e-01
1.792000000000000037e+00,1.527834381316206525e+00,1.345228810068027636e-01
1.794000000000000039e+00,1.529070696943672480e+00,1.345428332323749532e-01
1.796000000000000041e+00,1.530306474835378960e+00,1.345630843646341279e-01
1.798000000000000043e+00,1.531541720303939647e+00,1.345836339442722518e-01
1.800000000000000044e+00,1.532776438673608910e+00,1.346044820778452555e-01
1.802000000000000046e+00,1.534010635253507671e+00,1.346256282077955280e-01
1.804000000000000048e+00,1.535244315376621760e+00,1.346470720856488279e-01
1.806000000000000050e+00,1.536477484364295432e+00,1.346688133260418585e-01
1.808000000000000052e+00,1.537710147545440220e+00,1.346908514068397011e-01
1.810000000000000053e+00,1.538942310247803036e+00,1.347131859393114195e-01
1.812000000000000055e+00,1.540173977798549476e+00,1.347358161685140443e-01
1.814000000000000057e+00,1.541405155541724525e+00,1.347587416620167899e-01
1.816000000000000059e+00,1.542635848794598141e+00,1.347819616888332461e-01
1.818000000000000060e+00,1.543866062893648694e+00,1.348054754625731266e-01
1.820000000000000062e+00,1.545095803178846872e+00,1.348292821145250231e-01
1.822000000000000064e+00,1.546325074983178727e+00,1.348533810039859171e-01
1.824000000000000066e+00,1.547553883629734672e+00,1.348777710977084043e-01
1.826000000000000068e+00,1.548782234459067597e+00,1.349024514961394139e-01
1.828000000000000069e+00,1.550010132799507057e+00,1.349274210693251763e-01
1.830000000000000071e+00,1.551237583978217982e+00,1.349526788345504491e-01
1.832000000000000073e+00,1.552464593325275866e+00,1.349782236462712115e-01
1.834000000000000075e+00,1.553691166166681903e+00,1.350040543849219121e-01
1.836000000000000076e+00,1.554917307827854422e+00,1.350301698356756730e-01
1.838000000000000078e+00,1.556143023627228006e+00,1.350565684057255800e-01
1.840000000000000080e+00,1.557368318879744029e+00,1.350832490268849828e-01
1.842000000000000082e+00,1.558593198910239064e+00,1.351102102261499960e-01
1.844000000000000083e+00,1.559817669020849173e+00,1.351374505433987350e-01
1.846000000000000085e+00,1.561041734530590475e+00,1.351649682218850346e-01
1.848000000000000087e+00,1.562265400731703169e+00,1.351927620158605847e-01
1.850000000000000089e+00,1.563488672929815859e+00,1.352208301946329350e-01
1.852000000000000091e+00,1.564711556419497329e+00,1.352491708927777148e-01
1.854000000000000092e+00,1.565934056486003145e+00,1.352777824868130474e-01
1.856000000000000094e+00,1.567156178418663393e+00,1.353066631379014062e-01
1.858000000000000096e+00,1.568377927499823299e+00,1.353358111146872877e-01
1.860000000000000098e+00,1.569599308992037479e+00,1.353652242422736518e-01
1.862000000000000099e+00,1.570820328169502345e+00,1.353949006147809053e-01
1.864000000000000101e+00,1.572040990290697771e+00,1.354248382727306355e-01
1.866000000000000103e+00,1.573261300610029112e+00,1.354550351494272220e-01
1.868000000000000105e+00,1.574481264370260813e+00,1.354854888697303306e-01
1.870000000000000107e+00,1.575700886819977331e+00,1.355161973544639631e-01
1.872000000000000108e+00,1.576920173182152274e+00,1.355471583906958932e-01
1.874000000000000110e+00,1.578139128682669146e+00,1.355783695514314324e-01
1.875999999999999890e+00,1.579357758533442402e+00,1.356098285580646101e-01
1.877999999999999892e+00,1.580576067950460128e+00,1.356415330120440133e-01
1.879999999999999893e+00,1.581794062114786348e+00,1.356734800598775326e-01
1.881999999999999895e+00,1.583011746231932193e+00,1.357056677341082762e-01
1.883999999999999897e+00,1.584229125470737909e+00,1.357380928349918303e-01
1.885999999999999899e+00,1.585446205006446618e+00,1.357707531292039194e-01
1.887999999999999901e+00,1.586662989991600714e+00,1.358036456744431408e-01
1.889999999999999902e+00,1.587879485582234240e+00,1.358367677710945465e-01
1.891999999999999904e+00,1.589095696907024902e+00,1.358701167076151461e-01
1.893999999999999906e+00,1.590311629101051949e+00,1.359036892921401674e-01
1.895999999999999908e+00,1.591527287277276548e+00,1.359374828968486215e-01
1.897999999999999909e+00,1.592742676538764446e+00,1.359714943603364257e-01
1.899999999999999911e+00,1.593957801981014111e+00,1.360057207105458965e-01
1.901999999999999913e+00,1.595172668684972539e+00,1.360401587367049137e-01
1.903999999999999915e+00,1.596387281711795447e+00,1.360748053773370991e-01
1.905999999999999917e+00,1.597601646119146679e+00,1.361096573860165748e-01
1.907999999999999918e+00,1.598815766956540818e+00,1.361447116790308609e-01
1.909999999999999920e+00,1.600029649242642238e+00,1.361799646406421371e-01
1.911999999999999922e+00,1.601243298005429194e+00,1.362154131654189637e-01
1.913999999999999924e+00,1.602456718235043764e+00,1.362510536563503738e-01
1.915999999999999925e+00,1.603669914918718797e+00,1.362868827863019661e-01
1.917999999999999927e+00,1.604882893035537661e+00,1.363228968705772481e-01
1.919999999999999929e+00,1.606095657539553967e+00,1.363590924810639815e-01
1.921999999999999931e+00,1.607308213376672956e+00,1.363954658724874924e-01
1.923999999999999932e+00,1.608520565473008812e+00,1.364320135961787916e-01
1.925999999999999934e+00,1.609732718746527125e+00,1.364687317533008482e-01
1.927999999999999936e+00,1.610944678083760628e+00,1.365056166351186206e-01
1.929999999999999938e+00,1.612156448373571083e+00,1.365426643364582304e-01
1.931999999999999940e+00,1.613368034472805412e+00,1.365798710889724599e-01
1.933999999999999941e+00,1.614579441236564827e+00,1.366172329680810371e-01
1.935999999999999943e+00,1.615790673492010665e+00,1.366547460795799473e-01
1.937999999999999945e+00,1.617001736052916305e+00,1.366924062402715412e-01
1.939999999999999947e+00,1.618212633709772419e+00,1.367302096701882019e-01
1.941999999999999948e+00,1.619423371251905275e+00,1.367681518748939118e-01
1.943999999999999950e+00,1.620633953432552454e+00,1.368062291755691717e-01
1.945999999999999952e+00,1.621844384990981824e+00,1.368444372058774672e-01
1.947999999999999954e+00,1.623054670654819454e+00,1.368827715109536269e-01
1.949999999999999956e+00,1.624264815126662098e+00,1.369212282915254486e-01
1.951999999999999957e+00,1.625474823092808885e+00,1.369598029022562335e-01
1.953999999999999959e+00,1.626684699222678221e+00,1.369984909948326612e-01
1.955999999999999961e+00,1.627894448154838747e+00,1.370372882388362912e-01
1.957999999999999963e+00,1.629104074520291823e+00,1.370761904013729771e-01
1.959999999999999964e+00,1.630313582927337857e+00,1.371151928030561185e-01
1.961999999999999966e+00,1.631522977959830367e+00,1.371542909685303790e-01
1.963999999999999968e+00,1.632732264182995996e+00,1.371934802682323318e-01
1.965999999999999970e+00,1.633941446143435394e+00,1.372327565548707995e-01
1.967999999999999972e+00,1.635150528358062738e+00,1.372721145726484848e-01
1.969999999999999973e+00,1.636359515338553949e+00,1.373115503036283214e-01
1.971999999999999975e+00,1.637568411558750103e+00,1.373510585689356189e-01
1.973999999999999977e+00,1.638777221478521895e+00,1.373906349237069557e-01
1.975999999999999979e+00,1.639985949530382570e+00,1.374302745310215512e-01
1.977999999999999980e+00,1.641194600138696780e+00,1.374699727976197439e-01
1.979999999999999982e+00,1.642403177681262649e+00,1.375097246592561773e-01
1.981999999999999984e+00,1.643611686537042260e+00,1.375495253748549862e-01
1.983999999999999986e+00,1.644820131045999112e+00,1.375893701558889015e-01
1.985999999999999988e+00,1.646028515534126102e+00,1.376292541664639879e-01
1.987999999999999989e+00,1.647236844292492508e+00,1.376691722855732103e-01
1.989999999999999991e+00,1.648445121602853725e+00,1.377091198075958700e-01
1.991999999999999993e+00,1.649653351709712279e+00,1.377490914645298770e-01
1.993999999999999995e+00,1.650861538844765164e+00,1.377890825753266824e-01
1.995999999999999996e+00,1.652069687198963965e+00,1.378290879628585874e-01
1.997999999999999998e+00,1.653277800963260269e+00,1.378691025747435794e-01
2.000000000000000000e+00,1.654485884278547037e+00,1.379091215886867894e-01
2.001999999999999780e+00,1.655693941276986214e+00,1.379491395286911171e-01
2.004000000000000004e+00,1.656901976058725356e+00,1.379891518214957646e-01
2.005999999999999783e+00,1.658109992694225987e+00,1.380291528053434746e-01
2.008000000000000007e+00,1.659317995236488041e+00,1.380691379053436973e-01
2.009999999999999787e+00,1.660525987710570917e+00,1.381091015509284536e-01
2.012000000000000011e+00,1.661733974108356104e+00,1.381490388889776433e-01
2.013999999999999790e+00,1.662941958403098441e+00,1.381889446507501840e-01
2.016000000000000014e+00,1.664149944536620795e+00,1.382288136525254008e-01
2.017999999999999794e+00,1.665357936422806162e+00,1.382686406902236265e-01
2.020000000000000018e+00,1.666565937958657706e+00,1.383084205394208843e-01
2.021999999999999797e+00,1.667773953002761100e+00,1.383481480605445180e-01
2.024000000000000021e+00,1.668981985384016209e+00,1.383878181593003742e-01
2.025999999999999801e+00,1.670190038920263742e+00,1.384274254974992846e-01
2.028000000000000025e+00,1.671398117374628844e+00,1.384669647692523542e-01
2.029999999999999805e+00,1.672606224507908301e+00,1.385064310554878220e-01
2.032000000000000028e+00,1.673814364036661617e+00,1.385458187730416457e-01
2.033999999999999808e+00,1.675022539654746678e+00,1.385851230143665680e-01
2.036000000000000032e+00,1.676230755032738662e+00,1.386243382999803320e-01
2.037999999999999812e+00,1.677439013795810840e+00,1.386634597598637164e-01
2.040000000000000036e+00,1.678647319555748307e+00,1.387024817424483414e-01
2.041999999999999815e+00,1.679855675884755373e+00,1.387413994938418993e-01
2.044000000000000039e+00,1.681064086335245511e+00,1.387802072429122346e-01
2.045999999999999819e+00,1.682272554418305033e+00,1.388189003778207697e-01
2.048000000000000043e+00,1.683481083623482810e+00,1.388574734401134270e-01
2.049999999999999822e+00,1.684689677407732233e+00,1.388959212783067720e-01
2.052000000000000046e+00,1.685898339197156037e+00,1.389342387724751826e-01
2.053999999999999826e+00,1.687107072387589168e+00,1.389724205592941519e-01
2.056000000000000050e+00,1.688315880342852404e+00,1.390104618174406170e-01
2.057999999999999829e+00,1.689524766398826650e+00,1.390483572725915162e-01
2.060000000000000053e+00,1.690733733860543042e+00,1.390861017341932238e-01
2.061999999999999833e+00,1.691942785995779630e+00,1.391236901475905452e-01
2.064000000000000057e+00,1.693151926051359668e+00,1.391611175284312163e-01
2.065999999999999837e+00,1.694361157225794168e+00,1.391983788841085756e-01
2.068000000000000060e+00,1.695570482710027083e+00,1.392354689393674461e-01
2.069999999999999840e+00,1.696779905637376906e+00,1.392723827896513167e-01
2.072000000000000064e+00,1.697989429126609995e+00,1.393091155218884325e-01
2.073999999999999844e+00,1.699199056259822038e+00,1.393456622405478129e-01
2.076000000000000068e+00,1.700408790084766197e+00,1.393820177934932958e-01
2.077999999999999847e+00,1.701618633615435083e+00,1.394181775028824899e-01
2.080000000000000071e+00,1.702828589837299678e+00,1.394541363818652957e-01
2.081999999999999851e+00,1.704038661702652391e+00,1.394898895000417638e-01
2.084000000000000075e+00,1.705248852126533210e+00,1.395254322179829976e-01
2.085999999999999854e+00,1.706459163993131467e+00,1.395607596002740869e-01
2.088000000000000078e+00,1.707669600156368706e+00,1.395958670282441416e-01
2.089999999999999858e+00,1.708880163434659982e+00,1.396307495741909710e-01
2.092000000000000082e+00,1.710090856608585508e+00,1.396654029784840101e-01
2.093999999999999861e+00,1.711301682432531335e+00,1.396998223205498657e-01
2.096000000000000085e+00,1.712512643622467357e+00,1.397340029048011745e-01
2.097999999999999865e+00,1.713723742861766430e+00,1.397679404815241333e-01
2.100000000000000089e+00,1.714934982798877128e+00,1.398016301663292660e-01
2.101999999999999869e+00,1.716146366045577354e+00,1.398350679627843041e-01
2.104000000000000092e+00,1.717357895185705363e+00,1.398682489795854966e-01
2.105999999999999872e+00,1.718569572766427855e+00,1.399011690697851418e-01
2.108000000000000096e+00,1.719781401295331413e+00,1.399338239849022558e-01
2.109999999999999876e+00,1.720993383254390219e+00,1.399662092709946515e-01
2.112000000000000099e+00,1.722205521078431056e+00,1.399983208275099311e-01
2.113999999999999879e+00,1.723417817182489653e+00,1.400301545170976880e-01
2.116000000000000103e+00,1.724630273929214974e+00,1.400617058798550030e-01
2.117999999999999883e+00,1.725842893659137234e+00,1.400929712112889691e-01
2.120000000000000107e+00,1.727055678681936213e+00,1.401239462502808508e-01
2.121999999999999886e+00,1.728268631254322729e+00,1.401546272957659156e-01
2.124000000000000110e+00,1.729481753607396977e+00,1.401850102847674306e-01
2.125999999999999890e+00,1.730695047936169351e+00,1.402150911300009961e-01
2.128000000000000114e+00,1.731908516407711485e+00,1.402448665628696634e-01
2.129999999999999893e+00,1.733122161136707362e+00,1.402743323430181155e-01
2.132000000000000117e+00,1.734335984215722437e+00,1.403034851521136051e-01
2.133999999999999897e+00,1.735549987700069297e+00,1.403323212836411760e-01
2.136000000000000121e+00,1.736764173600822581e+00,1.403608370449643816e-01
2.137999999999999901e+00,1.737978543893550443e+00,1.403890292107144167e-01
2.140000000000000124e+00,1.739193100532866021e+00,1.404168942449893487e-01
2.141999999999999904e+00,1.740407845420995692e+00,1.404444287030856275e-01
2.144000000000000128e+00,1.741622780423494943e+00,1.404716295032591988e-01
2.145999999999999908e+00,1.742837907384964691e+00,1.404984933307497075e-01
2.148000000000000131e+00,1.744053228095290287e+00,1.405250170003655985e-01
2.149999999999999911e+00,1.745268744322238552e+00,1.405511974692253141e-01
2.152000000000000135e+00,1.746484457788173961e+00,1.405770319530042778e-01
2.153999999999999915e+00,1.747700370182283303e+00,1.406025171493996140e-01
2.156000000000000139e+00,1.748916483155335211e+00,1.406276506225470069e-01
2.157999999999999918e+00,1.750132798320846561e+00,1.406524292632061190e-01
2.160000000000000142e+00,1.751349317261483574e+00,1.406768504917987883e-01
2.161999999999999922e+00,1.752566041512181982e+00,1.407009117666112863e-01
2.164000000000000146e+00,1.753782972575863797e+00,1.407246104673638420e-01
2.165999999999999925e+00,1.755000111933331830e+00,1.407479441795325692e-01
2.168000000000000149e+00,1.756217460997286262e+00,1.407709104486031815e-01
2.169999999999999929e+00,1.757435021171113387e+00,1.407935069092355884e-01
2.172000000000000153e+00,1.758652793800574710e+00,1.408157314401396742e-01
2.173999999999999932e+00,1.759870780214551012e+00,1.408375818409356994e-01
2.176000000000000156e+00,1.761088981689536093e+00,1.408590561679106401e-01
2.177999999999999936e+00,1.762307399467099467e+00,1.408801523722423565e-01
2.180000000000000160e+00,1.763526034757378458e+00,1.409008684549413193e-01
2.181999999999999940e+00,1.764744888725690464e+00,1.409212028281792983e-01
2.184000000000000163e+00,1.765963962507084872e+00,1.409411535405830362e-01
2.185999999999999943e+00,1.767183257194701484e+00,1.409607189613677480e-01
2.188000000000000167e+00,1.768402773843845255e+00,1.409798977671631315e-01
2.189999999999999947e+00,1.769622513476060810e+00,1.409986882709248490e-01
2.192000000000000171e+00,1.770842477071564725e+00,1.410170889896944779e-01
2.193999999999999950e+00,1.772062665575649509e+00,1.410350989539608246e-01
2.196000000000000174e+00,1.773283079895773051e+00,1.410527168303829793e-01
2.197999999999999954e+00,1.774503720897482761e+00,1.410699413732839080e-01
2.200000000000000178e+00,1.775724589416058707e+00,1.410867716953076723e-01
2.201999999999999957e+00,1.776945686246035550e+00,1.411032067128545342e-01
2.204000000000000181e+00,1.778167012141202541e+00,1.411192458293234753e-01
2.205999999999999961e+00,1.779388567823334544e+00,1.411348879424124403e-01
2.208000000000000185e+00,1.780610353973461235e+00,1.411501327201791223e-01
2.209999999999999964e+00,1.781832371234195245e+00,1.411649793893623994e-01
2.212000000000000188e+00,1.783054620211478314e+00,1.411794274828846174e-01
2.213999999999999968e+00,1.784277101479237793e+00,1.411934766850820311e-01
2.216000000000000192e+00,1.785499815563089232e+00,1.412071266641561351e-01
2.217999999999999972e+00,1.786722762961289845e+00,1.412203771752162940e-01
2.220000000000000195e+00,1.787945944125531206e+00,1.412332280859896483e-01
2.221999999999999975e+00,1.789169359482475574e+00,1.412456793638861008e-01
2.224000000000000199e+00,1.790393009404069646e+00,1.412577312176003796e-01
2.225999999999999979e+00,1.791616894240141811e+00,1.412693836978543005e-01
2.228000000000000203e+00,1.792841014293953705e+00,1.412806370193410155e-01
2.229999999999999982e+00,1.794065369840827762e+00,1.412914917408995552e-01
2.232000000000000206e+00,1.795289961106027565e+00,1.413019478514059568e-01
2.233999999999999986e+00,1.796514788286876829e+00,1.413120063790105629e-01
2.236000000000000210e+00,1.797739851543447065e+00,1.413216676274185180e-01
2.237999999999999989e+00,1.798965150990988970e+00,1.413309325532917105e-01
2.240000000000000213e+00,1.800190686715068322e+00,1.413398019681361140e-01
2.241999999999999993e+00,1.801416458763997142e+00,1.413482763839458978e-01
2.244000000000000217e+00,1.802642467139521587e+00,1.413563572872548191e-01
2.245999999999999996e+00,1.803868711819522908e+00,1.413640453889174475e-01
2.248000000000000220e+00,1.805095192731823728e+00,1.413713421426269490e-01
2.250000000000000000e+00,1.806321909781545498e+00,1.413782486511332148e-01
2.251999999999999780e+00,1.807548862827243363e+00,1.413847663353713646e-01
2.254000000000000004e+00,1.808776051690802023e+00,1.413908967671784200e-01
2.255999999999999783e+00,1.810003476159763425e+00,1.413966412833684294e-01
2.258000000000000007e+00,1.811231135986163254e+00,1.414020016032899174e-01
2.259999999999999787e+00,1.812459030878962984e+00,1.414069794557532844e-01
2.262000000000000011e+00,1.813687160518020480e+00,1.414115767720221795e-01
2.263999999999999790e+00,1.814915524544194358e+00,1.414157952227727832e-01
2.266000000000000014e+00,1.816144122563418950e+00,1.414196371314079270e-01
2.267999999999999794e+00,1.817372954141464936e+00,1.414231042264042504e-01
2.270000000000000018e+00,1.818602018809178933e+00,1.414261989404761999e-01
2.271999999999999797e+00,1.819831316061899962e+00,1.414289233559103409e-01
2.274000000000000021e+00,1.821060845360625624e+00,1.414312799634747098e-01
2.275999999999999801e+00,1.822290606126189205e+00,1.414332711865832481e-01
2.278000000000000025e+00,1.823520597742172011e+00,1.414348995485566751e-01
2.279999999999999805e+00,1.824750819564214810e+00,1.414361673640202322e-01
2.282000000000000028e+00,1.825981270908960230e+00,1.414370777163930226e-01
2.283999999999999808e+00,1.827211951053468564e+00,1.414376332361637623e-01
2.286000000000000032e+00,1.828442859238712082e+00,1.414378366411208621e-01
2.287999999999999812e+00,1.829673994675395043e+00,1.414376911093793432e-01
2.290000000000000036e+00,1.830905356542789297e+00,1.414371995206716581e-01
2.291999999999999815e+00,1.832136943969526310e+00,1.414363648551026087e-01
2.294000000000000039e+00,1.833368756059789995e+00,1.414351904633034951e-01
2.295999999999999819e+00,1.834600791882839976e+00,1.414336797192747852e-01
2.298000000000000043e+00,1.835833050473593131e+00,1.414318355831854779e-01
2.299999999999999822e+00,1.837065530827967530e+00,1.414296617846736992e-01
2.302000000000000046e+00,1.838298231901717372e+00,1.414271617040190610e-01
2.303999999999999826e+00,1.839531152631971089e+00,1.414243388995331530e-01
2.306000000000000050e+00,1.840764291904633865e+00,1.414211968761371341e-01
2.307999999999999829e+00,1.841997648591641390e+00,1.414177395999369757e-01
2.310000000000000053e+00,1.843231221503810913e+00,1.414139708037686904e-01
2.311999999999999833e+00,1.844465009438572389e+00,1.414098939872526217e-01
2.314000000000000057e+00,1.845699011150281788e+00,1.414055134459300256e-01
2.315999999999999837e+00,1.846933225360698927e+00,1.414008331137049657e-01
2.318000000000000060e+00,1.848167650764808156e+00,1.413958568973495977e-01
2.319999999999999840e+00,1.849402286009280916e+00,1.413905890110720431e-01
2.322000000000000064e+00,1.850637129720998919e+00,1.413850336164237664e-01
2.323999999999999844e+00,1.851872180492500686e+00,1.413791948738393478e-01
2.326000000000000068e+00,1.853107436870341296e+00,1.413730772772514854e-01
2.327999999999999847e+00,1.854342897380120148e+00,1.413666849594218955e-01
2.330000000000000071e+00,1.855578560511930819e+00,1.413600226827631257e-01
2.331999999999999851e+00,1.856814424720941936e+00,1.413530945269947936e-01
2.334000000000000075e+00,1.858050488432054337e+00,1.413459052789190484e-01
2.335999999999999854e+00,1.859286750034661928e+00,1.413384595189313142e-01
2.338000000000000078e+00,1.860523207892547326e+00,1.413307618269788180e-01
2.339999999999999858e+00,1.861759860324091242e+00,1.413228170786796078e-01
2.342000000000000082e+00,1.862996705632540495e+00,1.413146298533812517e-01
2.343999999999999861e+00,1.864233742072828992e+00,1.413062048074645582e-01
2.346000000000000085e+00,1.865470967877772557e+00,1.412975471765103297e-01
2.347999999999999865e+00,1.866708381256903415e+00,1.412886615911254362e-01
2.350000000000000089e+00,1.867945980362710534e+00,1.412795531712174313e-01
2.351999999999999869e+00,1.869183763342443960e+00,1.412702265476569463e-01
2.354000000000000092e+00,1.870421728301444153e+00,1.412606872013826564e-01
2.355999999999999872e+00,1.871659873308381128e+00,1.412509399570724966e-01
2.358000000000000096e+00,1.872898196415044403e+00,1.412409898587405344e-01
2.359999999999999876e+00,1.874136695626657412e+00,1.412308422600425106e-01
2.362000000000000099e+00,1.875375368935056075e+00,1.412205021804365246e-01
2.363999999999999879e+00,1.876614214286673743e+00,1.412099748203901328e-01
2.366000000000000103e+00,1.877853229616303077e+00,1.411992654455748175e-01
2.367999999999999883e+00,1.879092412801110168e+00,1.411883795544435494e-01
2.370000000000000107e+00,1.880331761715351657e+00,1.411773221439762971e-01
2.371999999999999886e+00,1.881571274190791954e+00,1.411660985986449013e-01
2.374000000000000110e+00,1.882810948033584175e+00,1.411547143813531302e-01
2.375999999999999890e+00,1.884050781020778276e+00,1.411431748015553322e-01
2.378000000000000114e+00,1.885290770894498591e+00,1.411314852730262692e-01
2.379999999999999893e+00,1.886530915377079509e+00,1.411196512881830456e-01
2.382000000000000117e+00,1.887771212158259049e+00,1.411076781216866471e-01
2.383999999999999897e+00,1.889011658898671175e+00,1.410955713589714666e-01
2.386000000000000121e+00,1.890252253232756585e+00,1.410833365612128021e-01
2.387999999999999901e+00,1.891492992771090842e+00,1.410709788656495378e-01
2.390000000000000124e+00,1.892733875082922124e+00,1.410585041847073617e-01
2.391999999999999904e+00,1.893974897724692630e+00,1.410459178651594925e-01
2.394000000000000128e+00,1.895216058219666655e+00,1.410332252683115795e-01
2.395999999999999908e+00,1.896457354059675637e+00,1.410204320280249446e-01
2.398000000000000131e+00,1.897698782719671629e+00,1.410075438186815522e-01
2.399999999999999911e+00,1.898940341639099749e+00,1.409945658391965617e-01
2.402000000000000135e+00,1.900182028236449661e+00,1.409815039611420351e-01
2.403999999999999915e+00,1.901423839901108304e+00,1.409683635677752012e-01
2.406000000000000139e+00,1.902665773998596599e+00,1.409551500700327031e-01
2.407999999999999918e+00,1.903907827866496483e+00,1.409418691259738676e-01
2.410000000000000142e+00,1.905149998816195955e+00,1.409285261891735919e-01
2.411999999999999922e+00,1.906392284138710203e+00,1.409151268313610927e-01
2.414000000000000146e+00,1.907634681095951246e+00,1.409016766521318520e-01
2.415999999999999925e+00,1.908877186925383329e+00,1.408881806721710983e-01
2.418000000000000149e+00,1.910119798834202909e+00,1.408746448178878619e-01
2.419999999999999929e+00,1.911362514017964642e+00,1.408610745143107079e-01
2.422000000000000153e+00,1.912605329639045504e+00,1.408474749302387752e-01
2.423999999999999932e+00,1.913848242841195368e+00,1.408338516885018765e-01
2.426000000000000156e+00,1.915091250733821582e+00,1.408202103236719793e-01
2.427999999999999936e+00,1.916334350418183119e+00,1.408065558944779916e-01
2.430000000000000160e+00,1.917577538956538818e+00,1.407928940559085018e-01
2.431999999999999940e+00,1.918820813402417169e+00,1.407792299483107135e-01
2.434000000000000163e+00,1.920064170772093348e+00,1.407655687915599640e-01
2.435999999999999943e+00,1.921307608080096596e+00,1.407519160918721257e-01
2.438000000000000167e+00,1.922551122297299964e+00,1.407382769957091218e-01
2.439999999999999947e+00,1.923794710380607231e+00,1.407246567807836357e-01
2.442000000000000171e+00,1.925038369262474625e+00,1.407110604295215839e-01
2.443999999999999950e+00,1.926282095864880750e+00,1.406974933270436767e-01
2.446000000000000174e+00,1.927525887073716193e+00,1.406839604467840232e-01
2.447999999999999954e+00,1.928769739767303593e+00,1.406704669450997425e-01
2.450000000000000178e+00,1.930013650791370328e+00,1.406570177863149806e-01
2.451999999999999957e+00,1.931257616975926794e+00,1.406436179624802607e-01
2.454000000000000181e+00,1.932501635132939599e+00,1.406302724804348314e-01
2.455999999999999961e+00,1.933745702047017456e+00,1.406169861548227096e-01
2.458000000000000185e+00,1.934989814495784222e+00,1.406037639572808307e-01
2.459999999999999964e+00,1.936233969223685625e+00,1.405906106930364663e-01
2.462000000000000188e+00,1.937478162963525374e+00,1.405775309490485403e-01
2.463999999999999968e+00,1.938722392428899211e+00,1.405645295856252086e-01
2.466000000000000192e+00,1.939966654306626959e+00,1.405516112965038422e-01
2.467999999999999972e+00,1.941210945281782285e+00,1.405387806346329316e-01
2.470000000000000195e+00,1.942455262005096328e+00,1.405260421674096039e-01
2.471999999999999975e+00,1.943699601111002373e+00,1.405134002565866513e-01
2.474000000000000199e+00,1.944943959227530383e+00,1.405008596925267916e-01
2.475999999999999979e+00,1.946188332950696376e+00,1.404884245290768663e-01
2.478000000000000203e+00,1.947432718871277668e+00,1.404760992356476612e-01
2.479999999999999982e+00,1.948677113557350848e+00,1.404638880628198971e-01
2.482000000000000206e+00,1.949921513557201225e+00,1.404517952753321364e-01
2.483999999999999986e+00,1.951165915415622232e+00,1.404398248671055172e-01
2.486000000000000210e+00,1.952410315642482574e+00,1.404279812476118272e-01
2.487999999999999989e+00,1.953654710745904577e+00,1.404162679595392094e-01
2.490000000000000213e+00,1.954899097215384352e+00,1.404046893755427905e-01
2.491999999999999993e+00,1.956143471522955313e+00,1.403932490919574949e-01
2.494000000000000217e+00,1.957387830126099182e+00,1.403819511334839509e-01
2.495999999999999996e+00,1.958632169468910389e+00,1.403707992665244875e-01
2.498000000000000220e+00,1.959876485973945925e+00,1.403597970508784210e-01
2.500000000000000000e+00,1.961120776066090921e+00,1.403489480729109562e-01
2.501999999999999780e+00,1.962365036138217000e+00,1.403382558807177716e-01
2.504000000000000004e+00,1.963609262576792469e+00,1.403277241655449259e-01
2.505999999999999783e+00,1.964853451757226033e+00,1.403173562173393174e-01
2.508000000000000007e+00,1.966097600043285709e+00,1.403071551319892418e-01
2.509999999999999787e+00,1.967341703774873274e+00,1.402971246280281248e-01
2.512000000000000011e+00,1.968585759291890946e+00,1.402872673741792919e-01
2.513999999999999790e+00,1.969829762912122639e+00,1.402775869210416415e-01
2.516000000000000014e+00,1.971073710953351155e+00,1.402680860414576292e-01
2.517999999999999794e+00,1.972317599707748670e+00,1.402587677547456890e-01
2.520000000000000018e+00,1.973561425466323183e+00,1.402496350025034533e-01
2.521999999999999797e+00,1.974805184499127897e+00,1.402406905707202778e-01
2.524000000000000021e+00,1.976048873083200208e+00,1.402319371156322270e-01
2.525999999999999801e+00,1.977292487464728854e+00,1.402233774360583662e-01
2.528000000000000025e+00,1.978536023887572881e+00,1.402150139674654961e-01
2.529999999999999805e+00,1.979779478588025166e+00,1.402068492229261998e-01
2.532000000000000028e+00,1.981022847794811304e+00,1.401988858190553744e-01
2.533999999999999808e+00,1.982266127711627579e+00,1.401911258661747151e-01
2.536000000000000032e+00,1.983509314557886594e+00,1.401835716688300260e-01
2.537999999999999812e+00,1.984752404523896896e+00,1.401762256219996616e-01
2.540000000000000036e+00,1.985995393798220876e+00,1.401690895752052968e-01
2.541999999999999815e+00,1.987238278562435845e+00,1.401621657797170739e-01
2.544000000000000039e+00,1.988481054988224139e+00,1.401554560709846742e-01
2.545999999999999819e+00,1.989723719242028954e+00,1.401489623617075131e-01
2.548000000000000043e+00,1.990966267476323992e+00,1.401426865250080533e-01
2.549999999999999822e+00,1.992208695848239675e+00,1.401366301996918307e-01
2.552000000000000046e+00,1.993451000494533165e+00,1.401307950368018695e-01
2.553999999999999826e+00,1.994693177554290653e+00,1.401251826087271946e-01
2.556000000000000050e+00,1.995935223158448846e+00,1.401197944740698587e-01
2.557999999999999829e+00,1.997177133433287954e+00,1.401146320607779827e-01
2.560000000000000053e+00,1.998418904496356951e+00,1.401096966531150956e-01
2.561999999999999833e+00,1.999660532456473350e+00,1.401049896772399161e-01
2.564000000000000057e+00,2.000902013430022830e+00,1.401005121039690104e-01
2.565999999999999837e+00,2.002143343510106366e+00,1.400962652926348861e-01
2.568000000000000060e+00,2.003384518804377734e+00,1.400922501990880253e-01
2.569999999999999840e+00,2.004625535400118785e+00,1.400884675314348626e-01
2.572000000000000064e+00,2.005866389401489869e+00,1.400849187628131765e-01
2.573999999999999844e+00,2.007107076879474317e+00,1.400816042616001844e-01
2.576000000000000068e+00,2.008347593928919927e+00,1.400785249144537725e-01
2.577999999999999847e+00,2.009587936624884552e+00,1.400756816458857690e-01
2.580000000000000071e+00,2.010828101049410233e+00,1.400730748598523756e-01
2.581999999999999851e+00,2.012068083277554376e+00,1.400707051928954394e-01
2.584000000000000075e+00,2.013307879376225351e+00,1.400685730726151101e-01
2.585999999999999854e+00,2.014547485426301243e+00,1.400666791202293537e-01
2.588000000000000078e+00,2.015786897492362062e+00,1.400650233453996363e-01
2.589999999999999858e+00,2.017026111643644981e+00,1.400636064318906970e-01
2.592000000000000082e+00,2.018265123948804085e+00,1.400624284778606843e-01
2.593999999999999861e+00,2.019503930476494347e+00,1.400614896062223613e-01
2.596000000000000085e+00,2.020742527286056411e+00,1.400607900165908581e-01
2.597999999999999865e+00,2.021980910454294733e+00,1.400603296865773340e-01
2.600000000000000089e+00,2.023219076040549957e+00,1.400601087354257923e-01
2.601999999999999869e+00,2.024457020109985184e+00,1.400601269824482131e-01
2.604000000000000092e+00,2.025694738741149248e+00,1.400603844145639487e-01
2.605999999999999872e+00,2.026932227992801927e+00,1.400608808096728830e-01
2.608000000000000096e+00,2.028169483935926110e+00,1.400616160483506567e-01
2.609999999999999876e+00,2.029406502650235922e+00,1.400625897632006567e-01
2.612000000000000099e+00,2.030643280199728729e+00,1.400638015986039597e-01
2.613999999999999879e+00,2.031879812663537344e+00,1.400652512496851632e-01
2.616000000000000103e+00,2.033116096124286010e+00,1.400669384493289094e-01
2.617999999999999883e+00,2.034352126660524007e+00,1.400688626694952255e-01
2.620000000000000107e+00,2.035587900350801505e+00,1.400710231082581969e-01
2.621999999999999886e+00,2.036823413288802787e+00,1.400734196248280272e-01
2.624000000000000110e+00,2.038058661568211249e+00,1.400760513889869607e-01
2.625999999999999890e+00,2.039293641280382818e+00,1.400789179070136281e-01
2.628000000000000114e+00,2.040528348529478730e+00,1.400820184892676012e-01
2.629999999999999893e+00,2.041762779411510742e+00,1.400853523411149382e-01
2.632000000000000117e+00,2.042996930039371328e+00,1.400889189265201451e-01
2.633999999999999897e+00,2.044230796525953409e+00,1.400927173058309494e-01
2.636000000000000121e+00,2.045464374995790369e+00,1.400967468369709590e-01
2.637999999999999901e+00,2.046697661564685244e+00,1.401010065392226112e-01
2.640000000000000124e+00,2.047930652369978066e+00,1.401054956775269755e-01
2.641999999999999904e+00,2.049163343551335892e+00,1.401102134378943986e-01
2.644000000000000128e+00,2.050395731242606434e+00,1.401151586548063099e-01
2.645999999999999908e+00,2.051627811602084073e+00,1.401203306810621385e-01
2.648000000000000131e+00,2.052859580784570426e+00,1.401257283881518489e-01
2.649999999999999911e+00,2.054091034956509354e+00,1.401313510490439784e-01
2.652000000000000135e+00,2.055322170290164507e+00,1.401371974424957256e-01
2.653999999999999915e+00,2.056552982959547027e+00,1.401432667617366068e-01
2.656000000000000139e+00,2.057783469163696477e+00,1.401495578875755765e-01
2.657999999999999918e+00,2.059013625093502942e+00,1.401560699854887682e-01
2.660000000000000142e+00,2.060243446956738111e+00,1.401628018437066914e-01
2.661999999999999922e+00,2.061472930966410821e+00,1.401697524832420105e-01
2.664000000000000146e+00,2.062702073348918752e+00,1.401769208464158090e-01
2.665999999999999925e+00,2.063930870335898504e+00,1.401843060045047940e-01
2.668000000000000149e+00,2.065159318178193537e+00,1.401919068982226957e-01
2.669999999999999929e+00,2.066387413118500049e+00,1.401997224415652832e-01
2.672000000000000153e+00,2.067615151422214748e+00,1.402077515477813119e-01
2.673999999999999932e+00,2.068842529372195926e+00,1.402159933110080081e-01
2.676000000000000156e+00,2.070069543249555721e+00,1.402244465781576355e-01
2.677999999999999936e+00,2.071296189348795558e+00,1.402331104808259843e-01
2.680000000000000160e+00,2.072522463983623275e+00,1.402419840201681311e-01
2.681999999999999940e+00,2.073748363472986966e+00,1.402510659631975298e-01
2.684000000000000163e+00,2.074973884148057390e+00,1.402603556339668267e-01
2.685999999999999943e+00,2.076199022353975909e+00,1.402698518889426149e-01
2.688000000000000167e+00,2.077423774445196436e+00,1.402795538692565847e-01
2.689999999999999947e+00,2.078648136790725243e+00,1.402894605597787836e-01
2.692000000000000171e+00,2.079872105781687353e+00,1.402995711133124268e-01
2.693999999999999950e+00,2.081095677806297228e+00,1.403098848246188135e-01
2.696000000000000174e+00,2.082318849278381290e+00,1.403204004433313001e-01
2.697999999999999954e+00,2.083541616621078063e+00,1.403311174185376542e-01
2.700000000000000178e+00,2.084763976274989439e+00,1.403420349134811007e-01
2.701999999999999957e+00,2.085985924685374027e+00,1.403531521556037609e-01
2.704000000000000181e+00,2.087207458321936215e+00,1.403644683328605369e-01
2.705999999999999961e+00,2.088428573673009048e+00,1.403759827751577816e-01
2.708000000000000185e+00,2.089649267226341145e+00,1.403876948376936440e-01
2.709999999999999964e+00,2.090869535502861254e+00,1.403996038491335530e-01
2.712000000000000188e+00,2.092089375021751074e+00,1.404117092800415412e-01
2.713999999999999968e+00,2.093308782331878337e+00,1.404240104708029679e-01
2.716000000000000192e+00,2.094527753995498731e+00,1.404365071368333939e-01
2.717999999999999972e+00,2.095746286586509299e+00,1.404491984488811518e-01
2.720000000000000195e+00,2.096964376696269117e+00,1.404620841987846425e-01
2.721999999999999975e+00,2.098182020935928538e+00,1.404751640481623487e-01
2.724000000000000199e+00,2.099399215931771145e+00,1.404884374378439771e-01
2.725999999999999979e+00,2.100615958331618405e+00,1.405019043647629806e-01
2.728000000000000203e+00,2.101832244797260607e+00,1.405155645143717491e-01
2.729999999999999982e+00,2.103048072005622160e+00,1.405294175714469629e-01
2.732000000000000206e+00,2.104263436653418307e+00,1.405434634401176719e-01
2.733999999999999986e+00,2.105478335465304607e+00,1.405577022049346314e-01
2.736000000000000210e+00,2.106692765164771330e+00,1.405721335614235068e-01
2.737999999999999989e+00,2.107906722517800535e+00,1.405867577608004848e-01
2.740000000000000213e+00,2.109120204282808331e+00,1.406015748852009750e-01
2.741999999999999993e+00,2.110333207263611399e+00,1.406165851064825334e-01
2.744000000000000217e+00,2.111545728271594147e+00,1.406317885180279892e-01
2.745999999999999996e+00,2.112757764129201021e+00,1.406471854322448589e-01
2.748000000000000220e+00,2.113969311697291964e+00,1.406627761994008741e-01
2.750000000000000000e+00,2.115180367841385412e+00,1.406785613110392574e-01
2.751999999999999780e+00,2.116390929453191294e+00,1.406945409991058327e-01
2.754000000000000004e+00,2.117600993446540070e+00,1.407107160505021992e-01
2.755999999999999783e+00,2.118810556755633900e+00,1.407270868114845475e-01
2.758000000000000007e+00,2.120019616334466228e+00,1.407436541701460042e-01
2.759999999999999787e+00,2.121228169155074283e+00,1.407604187031981091e-01
2.762000000000000011e+00,2.122436212219763529e+00,1.407773810766980438e-01
2.763999999999999790e+00,2.123643742543645185e+00,1.407945425369255821e-01
2.766000000000000014e+00,2.124850757168023740e+00,1.408119035407221220e-01
2.767999999999999794e+00,2.126057253155158921e+00,1.408294653704972865e-01
2.770000000000000018e+00,2.127263227598159556e+00,1.408472290617877598e-01
2.771999999999999797e+00,2.128468677588389202e+00,1.408651957520468678e-01
2.774000000000000021e+00,2.129673600270180156e+00,1.408833664739829739e-01
2.775999999999999801e+00,2.130877992789028230e+00,1.409017427365447106e-01
2.778000000000000025e+00,2.132081852325354632e+00,1.409203256468528620e-01
2.779999999999999805e+00,2.133285176076460843e+00,1.409391168396930127e-01
2.782000000000000028e+00,2.134487961269333045e+00,1.409581175093087280e-01
2.783999999999999808e+00,2.135690205146675069e+00,1.409773295580184216e-01
2.786000000000000032e+00,2.136891904980875445e+00,1.409967543572205328e-01
2.787999999999999812e+00,2.138093058067606744e+00,1.410163936506739490e-01
2.790000000000000036e+00,2.139293661726406004e+00,1.410362491415009800e-01
2.791999999999999815e+00,2.140493713300092971e+00,1.410563227500993000e-01
2.794000000000000039e+00,2.141693210161174754e+00,1.410766164463423122e-01
2.795999999999999819e+00,2.142892149697873005e+00,1.410971319143277669e-01
2.798000000000000043e+00,2.144090529329259809e+00,1.411178715321861621e-01
2.799999999999999822e+00,2.145288346501183607e+00,1.411388371214081783e-01
2.802000000000000046e+00,2.146485598681028950e+00,1.411600309652192298e-01
2.803999999999999826e+00,2.147682283367030376e+00,1.411814552928378486e-01
2.806000000000000050e+00,2.148878398076048857e+00,1.412031124211826638e-01
2.807999999999999829e+00,2.150073940356960644e+00,1.412250046130871517e-01
2.810000000000000053e+00,2.151268907777266648e+00,1.412471344636454240e-01
2.811999999999999833e+00,2.152463297945796494e+00,1.412695042947383350e-01
2.814000000000000057e+00,2.153657108477782245e+00,1.412921167087883845e-01
2.815999999999999837e+00,2.154850337032694352e+00,1.413149744082871917e-01
2.818000000000000060e+00,2.156042981282807691e+00,1.413380799897520912e-01
2.819999999999999840e+00,2.157235038933576821e+00,1.413614361110462347e-01
2.822000000000000064e+00,2.158426507726544319e+00,1.413850457357259394e-01
2.823999999999999844e+00,2.159617385414894564e+00,1.414089116182022099e-01
2.826000000000000068e+00,2.160807669782661922e+00,1.414330365096440334e-01
2.827999999999999847e+00,2.161997358654043744e+00,1.414574236722875022e-01
2.830000000000000071e+00,2.163186449864879179e+00,1.414820758246925492e-01
2.831999999999999851e+00,2.164374941285932330e+00,1.415069960805329374e-01
2.834000000000000075e+00,2.165562830817652884e+00,1.415321876140381852e-01
2.835999999999999854e+00,2.166750116386683800e+00,1.415576536084806325e-01
2.838000000000000078e+00,2.167936795943532946e+00,1.415833971661736024e-01
2.839999999999999858e+00,2.169122867481783068e+00,1.416094215525410260e-01
2.842000000000000082e+00,2.170308329006656933e+00,1.416357299904210387e-01
2.843999999999999861e+00,2.171493178557720949e+00,1.416623257627634969e-01
2.846000000000000085e+00,2.172677414207137225e+00,1.416892125206171138e-01
2.847999999999999865e+00,2.173861034052097185e+00,1.417163934099009148e-01
2.850000000000000089e+00,2.175044036218314325e+00,1.417438717519638458e-01
2.851999999999999869e+00,2.176226418868172807e+00,1.417716512871252665e-01
2.854000000000000092e+00,2.177408180183265429e+00,1.417997351992713040e-01
2.855999999999999872e+00,2.178589318380691253e+00,1.418281272706097829e-01
2.858000000000000096e+00,2.179769831703160854e+00,1.418568307397745365e-01
2.859999999999999876e+00,2.180949718429474160e+00,1.418858493663664178e-01
2.862000000000000099e+00,2.182128976861713365e+00,1.419151867253838906e-01
2.863999999999999879e+00,2.183307605337467816e+00,1.419448463098502700e-01
2.866000000000000103e+00,2.184485602216446054e+00,1.419748317486243805e-01
2.867999999999999883e+00,2.185662965899100474e+00,1.420051467165105996e-01
2.870000000000000107e+00,2.186839694804512124e+00,1.420357947292208711e-01
2.871999999999999886e+00,2.188015787393669420e+00,1.420667794891637969e-01
2.874000000000000110e+00,2.189191242153756267e+00,1.420981045651328045e-01
2.875999999999999890e+00,2.190366057595237947e+00,1.421297736867226380e-01
2.878000000000000114e+00,2.191540232268744059e+00,1.421617903474110267e-01
2.879999999999999893e+00,2.192713764754007588e+00,1.421941582268825000e-01
2.882000000000000117e+00,2.193886653658119190e+00,1.422268810244667336e-01
2.883999999999999897e+00,2.195058897615526750e+00,1.422599622032968969e-01
2.886000000000000121e+00,2.196230495304916985e+00,1.422934054762625133e-01
2.887999999999999901e+00,2.197401445423602162e+00,1.423272142177299249e-01
2.890000000000000124e+00,2.198571746711386332e+00,1.423613921666032622e-01
2.891999999999999904e+00,2.199741397923207664e+00,1.423959428637319724e-01
2.894000000000000128e+00,2.200910397863481194e+00,1.424308695882010312e-01
2.895999999999999908e+00,2.202078745354083544e+00,1.424661759959556240e-01
2.898000000000000131e+00,2.203246439254726408e+00,1.425018653916561573e-01
2.899999999999999911e+00,2.204413478458882469e+00,1.425379413032896725e-01
2.902000000000000135e+00,2.205579861883306680e+00,1.425744070607753433e-01
2.903999999999999915e+00,2.206745588488411070e+00,1.426112658343889894e-01
2.906000000000000139e+00,2.207910657253232767e+00,1.426485211321905922e-01
2.907999999999999918e+00,2.209075067195226616e+00,1.426861759071179625e-01
2.910000000000000142e+00,2.210238817371427800e+00,1.427242333732952895e-01
2.911999999999999922e+00,2.211401906852843435e+00,1.427626967762539445e-01
2.914000000000000146e+00,2.212564334760536600e+00,1.428015689724487225e-01
2.915999999999999925e+00,2.213726100237690897e+00,1.428408530791534792e-01
2.918000000000000149e+00,2.214887202459503879e+00,1.428805520029757803e-01
2.919999999999999929e+00,2.216047640638425964e+00,1.429206684400623761e-01
2.922000000000000153e+00,2.217207414016010958e+00,1.429612053343645162e-01
2.923999999999999932e+00,2.218366521861171226e+00,1.430021652539236188e-01
2.926000000000000156e+00,2.219524963488802349e+00,1.430435508109670628e-01
2.927999999999999936e+00,2.220682738226023467e+00,1.430853645727792611e-01
2.930000000000000160e+00,2.221839845456997864e+00,1.431276088964747173e-01
2.931999999999999940e+00,2.222996284576947978e+00,1.431702861960409412e-01
2.934000000000000163e+00,2.224152055027661667e+00,1.432133986881568288e-01
2.935999999999999943e+00,2.225307156270718956e+00,1.432569484813008831e-01
2.938000000000000167e+00,2.226461587807861964e+00,1.433009376266240753e-01
2.939999999999999947e+00,2.227615349175757764e+00,1.433453681687321957e-01
2.942000000000000171e+00,2.228768439940176815e+00,1.433902417270089269e-01
2.943999999999999950e+00,2.229920859695412094e+00,1.434355602063927815e-01
2.946000000000000174e+00,2.231072608078247921e+00,1.434813252263826555e-01
2.947999999999999954e+00,2.232223684745258563e+00,1.435275379313364907e-01
2.950000000000000178e+00,2.233374089394347006e+00,1.435742001567713588e-01
2.951999999999999957e+00,2.234523821758338968e+00,1.436213128830427233e-01
2.954000000000000181e+00,2.235672881595091699e+00,1.436688771103103446e-01
2.955999999999999961e+00,2.236821268697967824e+00,1.437168940609823975e-01
2.958000000000000185e+00,2.237968982892925673e+00,1.437653643695503691e-01
2.959999999999999964e+00,2.239116024044342179e+00,1.438142888803859987e-01
2.962000000000000188e+00,2.240262392036383776e+00,1.438636680657442990e-01
2.963999999999999968e+00,2.241408086793962973e+00,1.439135023423678827e-01
2.966000000000000192e+00,2.242553108278662055e+00,1.439637920336637733e-01
2.967999999999999972e+00,2.243697456475347352e+00,1.440145371803957519e-01
2.970000000000000195e+00,2.244841131404391454e+00,1.440657378442029013e-01
2.971999999999999975e+00,2.245984133129240945e+00,1.441173936658056709e-01
2.974000000000000199e+00,2.247126461724983315e+00,1.441695044082963728e-01
2.975999999999999979e+00,2.248268117314437209e+00,1.442220695911674011e-01
2.978000000000000203e+00,2.249409100054181376e+00,1.442750886420596235e-01
2.979999999999999982e+00,2.250549410121166272e+00,1.443285604810449485e-01
2.982000000000000206e+00,2.251689047734253268e+00,1.443824841389141078e-01
2.983999999999999986e+00,2.252828013143152841e+00,1.444368586184717196e-01
2.986000000000000210e+00,2.253966306631336902e+00,1.444916821644642579e-01
2.987999999999999989e+00,2.255103928505559630e+00,1.445469538758217820e-01
2.990000000000000213e+00,2.256240879116230502e+00,1.446026714901232912e-01
2.991999999999999993e+00,2.257377158838207887e+00,1.446588333352899769e-01
2.994000000000000217e+00,2.258512768087093558e+00,1.447154372852382520e-01
2.995999999999999996e+00,2.259647707294206942e+00,1.447724810749370927e-01
2.998000000000000220e+00,2.260781976944999716e+00,1.448299624012245324e-01
3.000000000000000000e+00,2.261915577541222078e+00,1.448878785588728069e-01
3.001999999999999780e+00,2.263048509617219484e+00,1.449462266548071088e-01
3.004000000000000004e+00,2.264180773744010278e+00,1.450050037214660192e-01
3.005999999999999783e+00,2.265312370526371577e+00,1.450642065665688762e-01
3.008000000000000007e+00,2.266443300598184774e+00,1.451238318488691503e-01
3.009999999999999787e+00,2.267573564618942328e+00,1.451838758530362150e-01
3.012000000000000011e+00,2.268703163291211133e+00,1.452443349288584928e-01
3.013999999999999790e+00,2.269832097337930676e+00,1.453052050530693751e-01
3.016000000000000014e+00,2.270960367523948698e+00,1.453664819803950070e-01
3.017999999999999794e+00,2.272087974640307984e+00,1.454281614692788105e-01
3.020000000000000018e+00,2.273214919504825904e+00,1.454902385818527266e-01
3.021999999999999797e+00,2.274341202972573139e+00,1.455527090352367603e-01
3.024000000000000021e+00,2.275466825930052561e+00,1.456155676637773677e-01
3.025999999999999801e+00,2.276591789293452184e+00,1.456788091327978207e-01
3.028000000000000025e+00,2.277716094006900782e+00,1.457424281138355315e-01
3.029999999999999805e+00,2.278839741055271428e+00,1.458064191475386129e-01
3.032000000000000028e+00,2.279962731435079881e+00,1.458707763198747454e-01
3.033999999999999808e+00,2.281085066195810196e+00,1.459354937867799740e-01
3.036000000000000032e+00,2.282206746405572417e+00,1.460005652010456512e-01
3.037999999999999812e+00,2.283327773159253393e+00,1.460659843237952504e-01
3.040000000000000036e+00,2.284448147596558343e+00,1.461317443522226200e-01
3.041999999999999815e+00,2.285567870871163976e+00,1.461978387919516953e-01
3.044000000000000039e+00,2.286686944174580294e+00,1.462642604367148658e-01
3.045999999999999819e+00,2.287805368734989298e+00,1.463310022029769009e-01
3.048000000000000043e+00,2.288923145795124459e+00,1.463980565831151937e-01
3.049999999999999822e+00,2.290040276645449957e+00,1.464654162550907968e-01
3.052000000000000046e+00,2.291156762588070883e+00,1.465330731015111465e-01
3.053999999999999826e+00,2.292272604970494232e+00,1.466010194896227026e-01
3.056000000000000050e+00,2.293387805158854320e+00,1.466692471293633282e-01
3.057999999999999829e+00,2.294502364553627771e+00,1.467377475832893075e-01
3.060000000000000053e+00,2.295616284584393707e+00,1.468065124777134245e-01
3.061999999999999833e+00,2.296729566704598380e+00,1.468755329454040914e-01
3.064000000000000057e+00,2.297842212404357376e+00,1.469448002334546033e-01
3.065999999999999837e+00,2.298954223206965075e+00,1.470143051463848050e-01
3.068000000000000060e+00,2.300065600643283581e+00,1.470840384430790737e-01
3.069999999999999840e+00,2.301176346294232733e+00,1.471539907752344722e-01
3.072000000000000064e+00,2.302286461755284286e+00,1.472241523294548771e-01
3.073999999999999844e+00,2.303395948665565740e+00,1.472945135818072848e-01
3.076000000000000068e+00,2.304504808674682881e+00,1.473650644949425492e-01
3.077999999999999847e+00,2.305613043470075230e+00,1.474357948155527454e-01
3.080000000000000071e+00,2.306720654766540868e+00,1.475066945559472265e-01
3.081999999999999851e+00,2.307827644307399062e+00,1.475777529581809300e-01
3.084000000000000075e+00,2.308934013860416634e+00,1.476489595555163237e-01
3.085999999999999854e+00,2.310039765220135433e+00,1.477203036792821278e-01
3.088000000000000078e+00,2.311144900211948183e+00,1.477917744594630101e-01
3.089999999999999858e+00,2.312249420680454914e+00,1.478633608006785227e-01
3.092000000000000082e+00,2.313353328511002616e+00,1.479350514197059763e-01
3.093999999999999861e+00,2.314456625604652817e+00,1.480068353007446824e-01
3.096000000000000085e+00,2.315559313892153970e+00,1.480787007612630601e-01
3.097999999999999865e+00,2.316661395329865591e+00,1.481506362885846861e-01
3.100000000000000089e+00,2.317762871904414990e+00,1.482226304290873431e-01
3.101999999999999869e+00,2.318863745621056349e+00,1.482946710766788467e-01
3.104000000000000092e+00,2.319964018517057358e+00,1.483667466268709934e-01
3.105999999999999872e+00,2.321063692652969745e+00,1.484388447869433858e-01
3.108000000000000096e+00,2.322162770114955421e+00,1.485109535819881532e-01
3.109999999999999876e+00,2.323261253013042538e+00,1.485830608154938004e-01
3.112000000000000099e+00,2.324359143489273194e+00,1.486551541677768040e-01
3.113999999999999879e+00,2.325456443701404918e+00,1.487272213063469684e-01
3.116000000000000103e+00,2.326553155835136000e+00,1.487992498370242223e-01
3.117999999999999883e+00,2.327649282107013384e+00,1.488712270963455375e-01
3.120000000000000107e+00,2.328744824742316144e+00,1.489431404208559073e-01
3.121999999999999886e+00,2.329839786012307901e+00,1.490149773057472538e-01
3.124000000000000110e+00,2.330934168192907219e+00,1.490867250749932371e-01
3.125999999999999890e+00,2.332027973595541148e+00,1.491583708694959598e-01
3.128000000000000114e+00,2.333121204552007999e+00,1.492299019887406986e-01
3.129999999999999893e+00,2.334213863411569001e+00,1.493013054029894982e-01
3.132000000000000117e+00,2.335305952555499776e+00,1.493725686185684021e-01
3.133999999999999897e+00,2.336397474384284578e+00,1.494436783619272069e-01
3.136000000000000121e+00,2.337488431315869253e+00,1.495146219804533161e-01
3.137999999999999901e+00,2.338578825801960193e+00,1.495853866382869934e-01
3.140000000000000124e+00,2.339668660312891113e+00,1.496559591464451389e-01
3.141999999999999904e+00,2.340757937325979476e+00,1.497263268989467710e-01
3.144000000000000128e+00,2.341846659366856542e+00,1.497964768633978372e-01
3.145999999999999908e+00,2.342934828966972471e+00,1.498663963828774648e-01
3.148000000000000131e+00,2.344022448672912873e+00,1.499360724348325624e-01
3.149999999999999911e+00,2.345109521066770064e+00,1.500054922986626960e-01
3.152000000000000135e+00,2.346196048746933105e+00,1.500746432639137318e-01
3.153999999999999915e+00,2.347282034329255307e+00,1.501435128359873972e-01
3.156000000000000139e+00,2.348367480450542555e+00,1.502120880936134439e-01
3.157999999999999918e+00,2.349452389770886107e+00,1.502803567063133450e-01
3.160000000000000142e+00,2.350536764967255277e+00,1.503483061585026148e-01
3.161999999999999922e+00,2.351620608743978824e+00,1.504159242212800285e-01
3.164000000000000146e+00,2.352703923808294295e+00,1.504831983350455316e-01
3.165999999999999925e+00,2.353786712912260715e+00,1.505501165644614892e-01
3.168000000000000149e+00,2.354868978802696855e+00,1.506166667151646321e-01
3.169999999999999929e+00,2.355950724253198292e+00,1.506828369979882898e-01
3.172000000000000153e+00,2.357031952061806823e+00,1.507486156054527460e-01
3.173999999999999932e+00,2.358112665041117051e+00,1.508139907718089590e-01
3.176000000000000156e+00,2.359192866017692847e+00,1.508789511704841102e-01
3.177999999999999936e+00,2.360272557845455754e+00,1.509434851897757390e-01
3.180000000000000160e+00,2.361351743385311952e+00,1.510075819208877013e-01
3.181999999999999940e+00,2.362430425519705945e+00,1.510712302410308627e-01
3.184000000000000163e+00,2.363508607152616570e+00,1.511344193431163052e-01
3.185999999999999943e+00,2.364586291198502277e+00,1.511971386505523707e-01
3.188000000000000167e+00,2.365663480589864864e+00,1.512593777442848286e-01
3.189999999999999947e+00,2.366740178278414319e+00,1.513211262900189258e-01
3.192000000000000171e+00,2.367816387227503760e+00,1.513823746024593464e-01
3.193999999999999950e+00,2.368892110426095154e+00,1.514431125506657261e-01
3.196000000000000174e+00,2.369967350861989175e+00,1.515033310473925532e-01
3.197999999999999954e+00,2.371042111551505460e+00,1.515630205584986845e-01
3.200000000000000178e+00,2.372116395519697107e+00,1.516221722791969706e-01
3.201999999999999957e+00,2.373190205811988474e+00,1.516807774247687368e-01
3.204000000000000181e+00,2.374263545480789439e+00,1.517388275059263214e-01
3.205999999999999961e+00,2.375336417600046879e+00,1.517963144837150558e-01
3.208000000000000185e+00,2.376408825254766377e+00,1.518532304449343451e-01
3.209999999999999964e+00,2.377480771538685200e+00,1.519095681164932821e-01
3.212000000000000188e+00,2.378552259561256488e+00,1.519653198225673907e-01
3.213999999999999968e+00,2.379623292458127093e+00,1.520204790764520530e-01
3.216000000000000192e+00,2.380693873348063594e+00,1.520750392863297884e-01
3.217999999999999972e+00,2.381764005396980632e+00,1.521289942573919030e-01
3.220000000000000195e+00,2.382833691759733696e+00,1.521823379518277564e-01
3.221999999999999975e+00,2.383902935612713936e+00,1.522350651813218769e-01
3.224000000000000199e+00,2.384971740130568119e+00,1.522871707214661918e-01
3.225999999999999979e+00,2.386040108521701786e+00,1.523386499683341277e-01
3.228000000000000203e+00,2.387108043990447293e+00,1.523894986268836960e-01
3.229999999999999982e+00,2.388175549753359661e+00,1.524397128057190243e-01
3.232000000000000206e+00,2.389242629035143395e+00,1.524892889446842759e-01
3.233999999999999986e+00,2.390309285083785706e+00,1.525382241122900384e-01
3.236000000000000210e+00,2.391375521138543458e+00,1.525865157303856467e-01
3.237999999999999989e+00,2.392441340461955335e+00,1.526341615973187682e-01
3.240000000000000213e+00,2.393506746318889711e+00,1.526811600778654743e-01
3.241999999999999993e+00,2.394571741985855429e+00,1.527275097568866480e-01
3.244000000000000217e+00,2.395636330752749732e+00,1.527732100699721596e-01
3.245999999999999996e+00,2.396700515905977102e+00,1.528182607188818820e-01
3.248000000000000220e+00,2.397764300749986255e+00,1.528626618020296479e-01
3.250000000000000000e+00,2.398827688590390750e+00,1.529064140875133482e-01
3.251999999999999780e+00,2.399890682746772530e+00,1.529495187981060322e-01
3.254000000000000004e+00,2.400953286543372034e+00,1.529919776344364490e-01
3.255999999999999783e+00,2.402015503304428368e+00,1.530337930358842136e-01
3.258000000000000007e+00,2.403077336373389716e+00,1.530749676449230934e-01
3.259999999999999787e+00,2.404138789086719186e+00,1.531155048534275365e-01
3.262000000000000011e+00,2.405199864801252474e+00,1.531554086711625351e-01
3.263999999999999790e+00,2.406260566862765682e+00,1.531946834876581343e-01
3.266000000000000014e+00,2.407320898637990592e+00,1.532333342380857166e-01
3.267999999999999794e+00,2.408380863479687939e+00,1.532713665689092730e-01
3.270000000000000018e+00,2.409440464768558776e+00,1.533087869202717779e-01
3.271999999999999797e+00,2.410499705879483479e+00,1.533456017186512199e-01
3.274000000000000021e+00,2.411558590175700179e+00,1.533818186460694788e-01
3.275999999999999801e+00,2.412617121052462732e+00,1.534174454888092842e-01
3.278000000000000025e+00,2.413675301884067981e+00,1.534524911214546483e-01
3.279999999999999805e+00,2.414733136061113505e+00,1.534869642971541104e-01
3.282000000000000028e+00,2.415790626974776423e+00,1.535208754372090478e-01
3.283999999999999808e+00,2.416847778015071668e+00,1.535542346868565278e-01
3.286000000000000032e+00,2.417904592577833522e+00,1.535870532305570468e-01
3.287999999999999812e+00,2.418961074059479799e+00,1.536193429005141553e-01
3.290000000000000036e+00,2.420017225852934661e+00,1.536511160698483536e-01
3.291999999999999815e+00,2.421073051361017914e+00,1.536823860075303971e-01
3.294000000000000039e+00,2.422128553978400323e+00,1.537131661797091209e-01
3.295999999999999819e+00,2.423183737111976210e+00,1.537434711846206170e-01
3.298000000000000043e+00,2.424238604152924470e+00,1.537733159830257379e-01
3.299999999999999822e+00,2.425293158509302938e+00,1.538027165251264206e-01
3.302000000000000046e+00,2.426347403569961703e+00,1.538316891470226100e-01
3.303999999999999826e+00,2.427401342740049373e+00,1.538602508900097920e-01
3.306000000000000050e+00,2.428454979411326153e+00,1.538884197486030669e-01
3.307999999999999829e+00,2.429508316979045013e+00,1.539162141383096927e-01
3.310000000000000053e+00,2.430561358840786834e+00,1.539436532501810839e-01
3.311999999999999833e+00,2.431614108383073347e+00,1.539707568851728658e-01
3.314000000000000057e+00,2.432666568992426726e+00,1.539975459383294831e-01
3.315999999999999837e+00,2.433718744062935091e+00,1.540240414770991384e-01
3.318000000000000060e+00,2.434770636965404300e+00,1.540502654264499505e-01
3.319999999999999840e+00,2.435822251081117606e+00,1.540762407338150952e-01
3.322000000000000064e+00,2.436873589790775618e+00,1.541019905187355210e-01
3.323999999999999844e+00,2.437924656456452954e+00,1.541275391470384171e-01
3.326000000000000068e+00,2.438975454446044910e+00,1.541529112625404929e-01
3.327999999999999847e+00,2.440025987121625661e+00,1.541781324831996425e-01
3.330000000000000071e+00,2.441076257837703434e+00,1.542032289405386447e-01
3.331999999999999851e+00,2.442126269942964445e+00,1.542282275625177501e-01
3.334000000000000075e+00,2.443176026782603039e+00,1.542531558490278232e-01
3.335999999999999854e+00,2.444225531689590003e+00,1.542780422488670977e-01
3.338000000000000078e+00,2.445274787996313481e+00,1.543029157464821111e-01
3.339999999999999858e+00,2.446323799032834145e+00,1.543278059912385758e-01
3.342000000000000082e+00,2.447372568107675672e+00,1.543527433322351705e-01
3.343999999999999861e+00,2.448421098528196893e+00,1.543777587234143878e-01
3.346000000000000085e+00,2.449469393605249845e+00,1.544028840292486215e-01
3.347999999999999865e+00,2.450517456618253931e+00,1.544281516822207379e-01
3.350000000000000089e+00,2.451565290857106394e+00,1.544535944112271630e-01
3.351999999999999869e+00,2.452612899596569918e+00,1.544792462418718149e-01
3.354000000000000092e+00,2.453660286099184518e+00,1.545051413529927309e-01
3.355999999999999872e+00,2.454707453621085556e+00,1.545313148646920987e-01
3.358000000000000096e+00,2.455754405406187502e+00,1.545578021778903910e-01
3.359999999999999876e+00,2.456801144692581040e+00,1.545846397853296306e-01
3.362000000000000099e+00,2.457847674702643204e+00,1.546118644110172358e-01
3.363999999999999879e+00,2.458893998645362622e+00,1.546395134796604565e-01
3.366000000000000103e+00,2.459940119724487673e+00,1.546676251738702823e-01
3.367999999999999883e+00,2.460986041132128044e+00,1.546962379267746990e-01
3.370000000000000107e+00,2.462031766042346081e+00,1.547253909496248969e-01
3.371999999999999886e+00,2.463077297621057316e+00,1.547551241944937206e-01
3.374000000000000110e+00,2.464122639019624472e+00,1.547854777175403651e-01
3.375999999999999890e+00,2.465167793374275718e+00,1.548164926055538848e-01
3.378000000000000114e+00,2.466212763816583831e+00,1.548482097515618272e-01
3.379999999999999893e+00,2.467257553449599072e+00,1.548806714034926812e-01
3.382000000000000117e+00,2.468302165377535662e+00,1.549139196343624347e-01
3.383999999999999897e+00,2.469346602682489955e+00,1.549479971973522219e-01
3.386000000000000121e+00,2.470390868424437780e+00,1.549829473467984331e-01
3.387999999999999901e+00,2.471434965665102901e+00,1.550188136005868633e-01
3.390000000000000124e+00,2.472478897434775558e+00,1.550556401362063741e-01
3.391999999999999904e+00,2.473522666756180044e+00,1.550934713299072787e-01
3.394000000000000128e+00,2.474566276631667172e+00,1.551323518826343839e-01
3.395999999999999908e+00,2.475609730050782886e+00,1.551723269456182497e-01
3.398000000000000131e+00,2.476653029989683841e+00,1.552134419760611006e-01
3.399999999999999911e+00,2.477696179389022202e+00,1.552557427686195035e-01
3.402000000000000135e+00,2.478739181198761798e+00,1.552992752172721591e-01
3.403999999999999915e+00,2.479782038326375115e+00,1.553440855926396247e-01
3.406000000000000139e+00,2.480824753670603844e+00,1.553902205611317200e-01
3.407999999999999918e+00,2.481867330120876236e+00,1.554377266070537389e-01
3.410000000000000142e+00,2.482909770529949878e+00,1.554866507424671473e-01
3.411999999999999922e+00,2.483952077744179476e+00,1.555370398355585826e-01
3.414000000000000146e+00,2.484994254586636142e+00,1.555889410040177945e-01
3.415999999999999925e+00,2.486036303857108720e+00,1.556424016101271013e-01
3.418000000000000149e+00,2.487078228336758734e+00,1.556974689051964511e-01
3.419999999999999929e+00,2.488120030788122605e+00,1.557541899782370065e-01
3.422000000000000153e+00,2.489161713954526789e+00,1.558126124167514559e-01
3.423999999999999932e+00,2.490203280546702480e+00,1.558727832270918878e-01
3.426000000000000156e+00,2.491244733269559308e+00,1.559347497752201217e-01
3.427999999999999936e+00,2.492286074792500639e+00,1.559985590926757648e-01
3.430000000000000160e+00,2.493327307769795720e+00,1.560642581864534473e-01
3.431999999999999940e+00,2.494368434826028658e+00,1.561318939052806221e-01
3.434000000000000163e+00,2.495409458573558226e+00,1.562015126547288968e-01
3.435999999999999943e+00,2.496450381593894985e+00,1.562731611489413808e-01
3.438000000000000167e+00,2.497491206443519296e+00,1.563468851241754665e-01
3.439999999999999947e+00,2.498531935656792324e+00,1.564227306141966756e-01
3.442000000000000171e+00,2.499572571745957372e+00,1.565007430135744726e-01
3.443999999999999950e+00,2.500613117196480939e+00,1.565809673866718765e-01
3.446000000000000174e+00,2.501653574466472296e+00,1.566634484970026442e-01
3.447999999999999954e+00,2.502693945991341096e+00,1.567482303490441986e-01
3.450000000000000178e+00,2.503734234179137097e+00,1.568353567985391883e-01
3.451999999999999957e+00,2.504774441415793085e+00,1.569248709320587576e-01
3.454000000000000181e+00,2.505814570054062607e+00,1.570168155955399825e-01
3.455999999999999961e+00,2.506854622423998258e+00,1.571112324506065416e-01
3.458000000000000185e+00,2.507894600828876719e+00,1.572081629550366733e-01
3.459999999999999964e+00,2.508934507537633252e+00,1.573076479289643170e-01
3.462000000000000188e+00,2.509974344808142632e+00,1.574097270302626528e-01
3.463999999999999968e+00,2.511014114851132017e+00,1.575144395601000558e-01
3.466000000000000192e+00,2.512053819856373771e+00,1.576218238113265002e-01
3.467999999999999972e+00,2.513093461988028299e+00,1.577319172153002214e-01
3.470000000000000195e+00,2.514133043379406462e+00,1.578447565919649520e-01
3.471999999999999975e+00,2.515172566129476817e+00,1.579603771552925140e-01
3.474000000000000199e+00,2.516212032313342117e+00,1.580788139627233024e-01
3.475999999999999979e+00,2.517251443974091618e+00,1.582001005412711214e-01
3.478000000000000203e+00,2.518290803122799737e+00,1.583242693697883285e-01
3.479999999999999982e+00,2.519330111740273548e+00,1.584513519804219284e-01
3.482000000000000206e+00,2.520369371782871681e+00,1.585813788418547754e-01
3.483999999999999986e+00,2.521408585163298799e+00,1.587143790485002759e-01
3.486000000000000210e+00,2.522447753774467838e+00,1.588503805039243877e-01
3.487999999999999989e+00,2.523486879467382149e+00,1.589894098404981415e-01
3.490000000000000213e+00,2.524525964068597972e+00,1.591314924312162704e-01
3.491999999999999993e+00,2.525565009365672964e+00,1.592766524702932396e-01
3.494000000000000217e+00,2.526604017115314349e+00,1.594249124146898677e-01
3.495999999999999996e+00,2.527642989049200040e+00,1.595762935006186933e-01
3.498000000000000220e+00,2.528681926847784922e+00,1.597308156198083973e-01
3.500000000000000000e+00,2.529720832175808010e+00,1.598884968555329411e-01
3.501999999999999780e+00,2.530759706653770813e+00,1.600493540674074733e-01
3.504000000000000004e+00,2.531798551863758018e+00,1.602134024853499594e-01
3.505999999999999783e+00,2.532837369368644342e+00,1.603806553744802632e-01
3.508000000000000007e+00,2.533876160681247658e+00,1.605511248922413814e-01
3.509999999999999787e+00,2.534914927284116715e+00,1.607248210618498763e-01
3.512000000000000011e+00,2.535953670621966083e+00,1.609017525616382172e-01
3.513999999999999790e+00,2.536992392112151773e+00,1.610819260191490854e-01
3.516000000000000014e+00,2.538031093121389858e+00,1.612653463932776365e-01
3.517999999999999794e+00,2.539069774991367101e+00,1.614520169375202874e-01
3.520000000000000018e+00,2.540108439025352549e+00,1.616419390064391948e-01
3.521999999999999797e+00,2.541147086482960837e+00,1.618351118078271977e-01
3.524000000000000021e+00,2.542185718592954835e+00,1.620315331451477603e-01
3.525999999999999801e+00,2.543224336538696839e+00,1.622311985517739252e-01
3.528000000000000025e+00,2.544262941476772344e+00,1.624341015967626090e-01
3.529999999999999805e+00,2.545301534513709996e+00,1.626402339988502477e-01
3.532000000000000028e+00,2.546340116726351077e+00,1.628495854273983579e-01
3.533999999999999808e+00,2.547378689144388808e+00,1.630621435620098758e-01
3.536000000000000032e+00,2.548417252765502905e+00,1.632778939517423589e-01
3.537999999999999812e+00,2.549455808541970292e+00,1.634968201096632101e-01
3.540000000000000036e+00,2.550494357392308231e+00,1.637189034294762313e-01
3.541999999999999815e+00,2.551532900187885478e+00,1.639441232254550129e-01
3.544000000000000039e+00,2.552571437767474194e+00,1.641724566285943376e-01
3.545999999999999819e+00,2.553609970919205718e+00,1.644038786059099921e-01
3.548000000000000043e+00,2.554648500401526690e+00,1.646383621016906107e-01
3.549999999999999822e+00,2.555687026919913674e+00,1.648758777036984091e-01
3.552000000000000046e+00,2.556725551150157205e+00,1.651163939737864128e-01
3.553999999999999826e+00,2.557764073720318443e+00,1.653598771381753763e-01
3.556000000000000050e+00,2.558802595211891351e+00,1.656062913082057830e-01
3.557999999999999829e+00,2.559841116171446718e+00,1.658555983486981189e-01
3.560000000000000053e+00,2.560879637097823291e+00,1.661077578574960134e-01
3.561999999999999833e+00,2.561918158447369809e+00,1.663627272550292913e-01
3.564000000000000057e+00,2.562956680643837970e+00,1.666204616988528342e-01
3.565999999999999837e+00,2.563995204048114651e+00,1.668809141084205139e-01
3.568000000000000060e+00,2.565033728998969309e+00,1.671440352118253037e-01
3.569999999999999840e+00,2.566072255769977328e+00,1.674097734729799725e-01
3.572000000000000064e+00,2.567110784606775109e+00,1.676780751283496462e-01
3.573999999999999844e+00,2.568149315700866353e+00,1.679488841262172238e-01
3.576000000000000068e+00,2.569187849203590446e+00,1.682221422290659518e-01
3.577999999999999847e+00,2.570226385221467513e+00,1.684977891044780740e-01
3.580000000000000071e+00,2.571264923817361492e+00,1.687757618765247936e-01
3.581999999999999851e+00,2.572303464997676148e+00,1.690559959514817134e-01
3.584000000000000075e+00,2.573342008737963482e+00,1.693384241705926108e-01
3.585999999999999854e+00,2.574380554958479284e+00,1.696229772797454016e-01
3.588000000000000078e+00,2.575419103538151955e+00,1.699095839342735503e-01
3.589999999999999858e+00,2.576457654300611466e+00,1.701981706824353124e-01
3.592000000000000082e+00,2.577496207037475173e+00,1.704886617464160814e-01
3.593999999999999861e+00,2.578534761480987036e+00,1.707809794020773431e-01
3.596000000000000085e+00,2.579573317321483206e+00,1.710750438125634432e-01
3.597999999999999865e+00,2.580611874198657674e+00,1.713707731395541500e-01
3.600000000000000089e+00,2.581650431707966931e+00,1.716680832506553289e-01
3.601999999999999869e+00,2.582688989392481815e+00,1.719668882653585529e-01
3.604000000000000092e+00,2.583727546758018523e+00,1.722671003560470038e-01
3.605999999999999872e+00,2.584766103242873037e+00,1.725686293716867381e-01
3.608000000000000096e+00,2.585804658256820598e+00,1.728713836437416329e-01
3.609999999999999876e+00,2.586843211153754929e+00,1.731752693023578260e-01
3.612000000000000099e+00,2.587881761226453747e+00,1.734801907632947393e-01
3.613999999999999879e+00,2.588920307734515536e+00,1.737860504557978969e-01
3.616000000000000103e+00,2.589958849881659475e+00,1.740927493052513708e-01
3.617999999999999883e+00,2.590997386823291837e+00,1.744001863446401068e-01
3.620000000000000107e+00,2.592035917663015443e+00,1.747082586524202341e-01
3.621999999999999886e+00,2.593074441456119317e+00,1.750168619765255229e-01
3.624000000000000110e+00,2.594112957204925074e+00,1.753258902722747148e-01
3.625999999999999890e+00,2.595151463867514607e+00,1.756352359177770495e-01
3.628000000000000114e+00,2.596189960338524561e+00,1.759447896990334048e-01
3.629999999999999893e+00,2.597228445475339154e+00,1.762544408977728405e-01
3.632000000000000117e+00,2.598266918078297572e+00,1.765640776146568391e-01
3.633999999999999897e+00,2.599305376894772035e+00,1.768735862656702906e-01
3.636000000000000121e+00,2.600343820622074364e+00,1.771828520686233865e-01
3.637999999999999901e+00,2.601382247909787004e+00,1.774917587142011421e-01
3.640000000000000124e+00,2.602420657348702537e+00,1.778001890831772402e-01
3.641999999999999904e+00,2.603459047480137123e+00,1.781080245766401560e-01
3.644000000000000128e+00,2.604497416792437292e+00,1.784151455942001585e-01
3.645999999999999908e+00,2.605535763726802401e+00,1.787214314466295806e-01
3.648000000000000131e+00,2.606574086660403022e+00,1.790267604717400707e-01
3.649999999999999911e+00,2.607612383932573774e+00,1.793310099858934359e-01
3.652000000000000135e+00,2.608650653812219389e+00,1.796340568021555784e-01
3.653999999999999915e+00,2.609688894529826886e+00,1.799357765595369363e-01
3.656000000000000139e+00,2.610727104255929465e+00,1.802360444104047776e-01
3.657999999999999918e+00,2.611765281106927628e+00,1.805347348235035176e-01
3.660000000000000142e+00,2.612803423145669601e+00,1.808317216696445906e-01
3.661999999999999922e+00,2.613841528385528523e+00,1.811268783658500359e-01
3.664000000000000146e+00,2.614879594779922822e+00,1.814200779168692601e-01
3.665999999999999925e+00,2.615917620227555584e+00,1.817111931355291921e-01
3.668000000000000149e+00,2.616955602577654805e+00,1.820000965901800993e-01
3.669999999999999929e+00,2.617993539622402555e+00,1.822866604120133849e-01
3.672000000000000153e+00,2.619031429096358110e+00,1.825707570098942523e-01
3.673999999999999932e+00,2.620069268689840136e+00,1.828522587927715048e-01
3.676000000000000156e+00,2.621107056023320059e+00,1.831310382911009726e-01
3.677999999999999936e+00,2.622144788665464077e+00,1.834069680977651606e-01
3.680000000000000160e+00,2.623182464140699999e+00,1.836799214325544327e-01
3.681999999999999940e+00,2.624220079907681580e+00,1.839497717811804656e-01
3.684000000000000163e+00,2.625257633368601073e+00,1.842163932970218854e-01
3.685999999999999943e+00,2.626295121875591665e+00,1.844796607549261391e-01
3.688000000000000167e+00,2.627332542719086561e+00,1.847394495539547155e-01
3.689999999999999947e+00,2.628369893139461233e+00,1.849956363585506802e-01
3.692000000000000171e+00,2.629407170317717757e+00,1.852480985260425983e-01
3.693999999999999950e+00,2.630444371376070123e+00,1.854967147934834248e-01
3.696000000000000174e+00,2.631481493384344450e+00,1.857413650770825264e-01
3.697999999999999954e+00,2.632518533350666878e+00,1.859819306934004934e-01
3.700000000000000178e+00,2.633555488233687569e+00,1.862182946273095718e-01
3.701999999999999957e+00,2.634592354929190972e+00,1.864503413293837897e-01
3.704000000000000181e+00,2.635629130276502252e+00,1.866779574208031200e-01
3.705999999999999961e+00,2.636665811059647258e+00,1.869010311959309334e-01
3.708000000000000185e+00,2.637702394006773865e+00,1.871194533727610354e-01
3.709999999999999964e+00,2.638738875784329085e+00,1.873331168574794703e-01
3.712000000000000188e+00,2.639775253001717115e+00,1.875419169861342883e-01
3.713999999999999968e+00,2.640811522217118235e+00,1.877457518812271631e-01
3.716000000000000192e+00,2.641847679924103520e+00,1.879445224386391278e-01
3.717999999999999972e+00,2.642883722556871540e+00,1.881381324892338613e-01
3.720000000000000195e+00,2.643919646499562237e+00,1.883264893078158142e-01
3.721999999999999975e+00,2.644955448071705018e+00,1.885095032803613402e-01
3.724000000000000199e+00,2.645991123544517709e+00,1.886870885863536351e-01
3.725999999999999979e+00,2.647026669109473040e+00,1.888591630981482916e-01
3.728000000000000203e+00,2.648062080924864947e+00,1.890256488980023020e-01
3.729999999999999982e+00,2.649097355076810434e+00,1.891864722264653964e-01
3.732000000000000206e+00,2.650132487594382802e+00,1.893415637400059637e-01
3.733999999999999986e+00,2.651167474450194295e+00,1.894908588650049408e-01
3.736000000000000210e+00,2.652202311553992331e+00,1.896342981135381578e-01
3.737999999999999989e+00,2.653236994766048351e+00,1.897718270355313597e-01
3.740000000000000213e+00,2.654271519875619489e+00,1.899033967480041885e-01
3.741999999999999993e+00,2.655305882623652192e+00,1.900289643112688942e-01
3.744000000000000217e+00,2.656340078685316186e+00,1.901484926087742000e-01
3.745999999999999996e+00,2.657374103678739719e+00,1.902619508228539369e-01
3.748000000000000220e+00,2.658407953163259840e+00,1.903693149784592975e-01
3.750000000000000000e+00,2.659441622638841984e+00,1.904705679151277309e-01
3.751999999999999780e+00,2.660475107546663054e+00,1.905656999209133506e-01
3.754000000000000004e+00,2.661508403269108314e+00,1.906547084995979524e-01
3.755999999999999783e+00,2.662541505128610986e+00,1.907375996298010246e-01
3.758000000000000007e+00,2.663574408382992420e+00,1.908143871465654839e-01
3.759999999999999787e+00,2.664607108238851829e+00,1.908850937007077475e-01
3.762000000000000011e+00,2.665639599842834162e+00,1.909497511388801860e-01
3.763999999999999790e+00,2.666671878274064600e+00,1.910084006299783144e-01
3.766000000000000014e+00,2.667703938558697807e+00,1.910610930431654864e-01
3.767999999999999794e+00,2.668735775660607157e+00,1.911078897484222716e-01
3.770000000000000018e+00,2.669767384485457917e+00,1.911488626686638492e-01
3.771999999999999797e+00,2.670798759878962425e+00,1.911840949643667520e-01
3.774000000000000021e+00,2.671829896627459622e+00,1.912136811417805837e-01
3.775999999999999801e+00,2.672860789455007602e+00,1.912377281263791529e-01
3.778000000000000025e+00,2.673891433027165476e+00,1.912563549991644629e-01
3.779999999999999805e+00,2.674921821948664569e+00,1.912696941738223355e-01
3.782000000000000028e+00,2.675951950768939991e+00,1.912778914652859819e-01
3.783999999999999808e+00,2.676981813969905311e+00,1.912811068094495970e-01
3.786000000000000032e+00,2.678011405979923598e+00,1.912795147778874327e-01
3.787999999999999812e+00,2.679040721165365735e+00,1.912733050872145180e-01
3.790000000000000036e+00,2.680069753833522750e+00,1.912626832075011996e-01
3.791999999999999815e+00,2.681098498227656890e+00,1.912478708792996751e-01
3.794000000000000039e+00,2.682126948532823185e+00,1.912291068908638092e-01
3.795999999999999819e+00,2.683155098879942635e+00,1.912066475065025140e-01
3.798000000000000043e+00,2.684182943331834270e+00,1.911807670495878630e-01
3.799999999999999822e+00,2.685210475895146498e+00,1.911517588681141133e-01
3.802000000000000046e+00,2.686237690516281695e+00,1.911199355119014565e-01
3.803999999999999826e+00,2.687264581081107995e+00,1.910856299093671440e-01
3.806000000000000050e+00,2.688291141415538821e+00,1.910491954780829393e-01
3.807999999999999829e+00,2.689317365284659811e+00,1.910110074045814621e-01
3.810000000000000053e+00,2.690343246397387755e+00,1.909714629125944807e-01
3.811999999999999833e+00,2.691368778395699213e+00,1.909309819650461260e-01
3.814000000000000057e+00,2.692393954867438932e+00,1.908900083893539934e-01
3.815999999999999837e+00,2.693418769339623431e+00,1.908490098714226979e-01
3.818000000000000060e+00,2.694443215280480253e+00,1.908084795888658480e-01
3.819999999999999840e+00,2.695467286093335080e+00,1.907689361560585550e-01
3.822000000000000064e+00,2.696490975123597256e+00,1.907309244512123136e-01
3.823999999999999844e+00,2.697514275659050220e+00,1.906950169045169285e-01
3.826000000000000068e+00,2.698537180928978874e+00,1.906618136232573757e-01
3.827999999999999847e+00,2.699559684097184942e+00,1.906319430192345565e-01
3.830000000000000071e+00,2.700581778271007316e+00,1.906060630026791547e-01
3.831999999999999851e+00,2.701603456502780443e+00,1.905848613843027506e-01
3.834000000000000075e+00,2.702624711774987976e+00,1.905690564163164680e-01
3.835999999999999854e+00,2.703645537018892320e+00,1.905593974971069859e-01
3.838000000000000078e+00,2.704665925100270929e+00,1.905566658347725983e-01
3.839999999999999858e+00,2.705685868829605045e+00,1.905616750265588799e-01
3.842000000000000082e+00,2.706705360962951001e+00,1.905752713391586917e-01
3.843999999999999861e+00,2.707724394179240157e+00,1.905983347345705514e-01
3.846000000000000085e+00,2.708742961115786052e+00,1.906317785360300554e-01
3.847999999999999865e+00,2.709761054346745190e+00,1.906765506392956167e-01
3.850000000000000089e+00,2.710778666380501800e+00,1.907336330946351188e-01
3.851999999999999869e+00,2.711795789672178270e+00,1.908040427540727835e-01
3.854000000000000092e+00,2.712812416618398892e+00,1.908888317267109780e-01
3.855999999999999872e+00,2.713828539546520702e+00,1.909890868258276586e-01
3.858000000000000096e+00,2.714844150738790596e+00,1.911059299176946780e-01
3.859999999999999876e+00,2.715859242415463282e+00,1.912405182296059436e-01
3.862000000000000099e+00,2.716873806727817087e+00,1.913940433930040041e-01
3.863999999999999879e+00,2.717887835775618655e+00,1.915677318898157400e-01
3.866000000000000103e+00,2.718901321606535859e+00,1.917628440788090305e-01
3.867999999999999883e+00,2.719914256202464298e+00,1.919806745711067075e-01
3.870000000000000107e+00,2.720926631482725622e+00,1.922225504267799923e-01
3.871999999999999886e+00,2.721938439317164171e+00,1.924898312669984790e-01
3.874000000000000110e+00,2.722949671506940117e+00,1.927839082023496131e-01
3.875999999999999890e+00,2.723960319811885800e+00,1.931062025624604994e-01
3.878000000000000114e+00,2.724970375913544629e+00,1.934581650922801432e-01
3.879999999999999893e+00,2.725979831449512947e+00,1.938412743097856494e-01
3.882000000000000117e+00,2.726988677995686672e+00,1.942570353435452146e-01
3.883999999999999897e+00,2.727996907068300114e+00,1.947069781755961515e-01
3.886000000000000121e+00,2.729004510124214189e+00,1.951926558095061215e-01
3.887999999999999901e+00,2.730011478570231631e+00,1.957156426900551194e-01
3.890000000000000124e+00,2.731017803751165207e+00,1.962775323415469619e-01
3.891999999999999904e+00,2.732023476950707686e+00,1.968799355076199520e-01
3.894000000000000128e+00,2.733028489403950712e+00,1.975244775608341885e-01
3.895999999999999908e+00,2.734032832279626568e+00,1.982127964510484730e-01
3.898000000000000131e+00,2.735036496696411579e+00,1.989465397964167159e-01
3.899999999999999911e+00,2.736039473712444270e+00,1.997273626127067103e-01
3.902000000000000135e+00,2.737041754327947274e+00,2.005569243404415058e-01
3.903999999999999915e+00,2.738043329496286038e+00,2.014368862479734013e-01
3.906000000000000139e+00,2.739044190102431386e+00,2.023689085112072017e-01
3.907999999999999918e+00,2.740044326976640132e+00,2.033546473697728785e-01
3.910000000000000142e+00,2.741043730899691777e+00,2.043957520348423929e-01
3.911999999999999922e+00,2.742042392593575517e+00,2.054938621094591356e-01
3.914000000000000146e+00,2.743040302718873225e+00,2.066506044293500433e-01
3.915999999999999925e+00,2.744037451886106371e+00,2.078675902756917104e-01
3.918000000000000149e+00,2.745033830651373297e+00,2.091464122964659944e-01
3.919999999999999929e+00,2.746029429512272912e+00,2.104886423889621161e-01
3.922000000000000153e+00,2.747024238911690119e+00,2.118958281533840637e-01
3.923999999999999932e+00,2.748018249233136867e+00,2.133694913300911433e-01
3.926000000000000156e+00,2.749011450812977486e+00,2.149111242562647128e-01
3.927999999999999936e+00,2.750003833929076880e+00,2.165221886033301124e-01
3.930000000000000160e+00,2.750995388805458575e+00,2.182041125178180163e-01
3.931999999999999940e+00,2.751986105608230204e+00,2.199582890737775409e-01
3.934000000000000163e+00,2.752975974451401076e+00,2.217860742081994851e-01
3.935999999999999943e+00,2.753964985395432663e+00,2.236887853268846316e-01
3.938000000000000167e+00,2.754953128451306910e+00,2.256676998361889230e-01
3.939999999999999947e+00,2.755940393562486879e+00,2.277240540861008300e-01
3.942000000000000171e+00,2.756926770632562640e+00,2.298590420749655749e-01
3.943999999999999950e+00,2.757912249506917046e+00,2.320738150833817903e-01
3.946000000000000174e+00,2.758896819975634518e+00,2.343694807389332113e-01
3.947999999999999954e+00,2.759880471774376787e+00,2.367471032519575524e-01
3.950000000000000178e+00,2.760863194592821035e+00,2.392077026682155882e-01
3.951999999999999957e+00,2.761844978061853695e+00,2.417522553602920177e-01
3.954000000000000181e+00,2.762825811763468753e+00,2.443816940536050752e-01
3.955999999999999961e+00,2.763805685222905595e+00,2.470969085221996209e-01
3.958000000000000185e+00,2.764784587917674674e+00,2.498987460046887543e-01
3.959999999999999964e+00,2.765762509271153302e+00,2.527880121114071676e-01
3.962000000000000188e+00,2.766739438653749161e+00,2.557654717153251545e-01
3.963999999999999968e+00,2.767715365384938231e+00,2.588318501002339622e-01
3.966000000000000192e+00,2.768690278736467114e+00,2.619878339674349688e-01
3.967999999999999972e+00,2.769664167923037823e+00,2.652340730082647924e-01
3.970000000000000195e+00,2.770637022113369152e+00,2.685711811091577861e-01
3.971999999999999975e+00,2.771608830423792913e+00,2.719997378758441942e-01
3.974000000000000199e+00,2.772579581914760727e+00,2.755202901784890024e-01
3.975999999999999979e+00,2.773549265606561676e+00,2.791333537990950409e-01
3.978000000000000203e+00,2.774517870460404101e+00,2.828394149383441358e-01
3.979999999999999982e+00,2.775485385391511794e+00,2.866389319537587244e-01
3.982000000000000206e+00,2.776451799267961373e+00,2.905323370611619382e-01
3.983999999999999986e+00,2.777417100902530578e+00,2.945200379743052599e-01
3.986000000000000210e+00,2.778381279059685571e+00,2.986024196187668234e-01
3.987999999999999989e+00,2.779344322459073702e+00,3.027798455068632100e-01
3.990000000000000213e+00,2.780306219769700160e+00,3.070526599516706368e-01
3.991999999999999993e+00,2.781266959611675915e+00,3.114211890322172716e-01
3.994000000000000217e+00,2.782226530553889354e+00,3.158857426082599673e-01
3.995999999999999996e+00,2.783184921121574007e+00,3.204466155036227448e-01
3.998000000000000220e+00,2.784142119790194769e+00,3.251040893674497778e-01
4.000000000000000000e+00,2.785098114987485829e+00,3.298584335831071246e-01
4.001999999999999780e+00,2.786052895092579806e+00,3.347099072179784418e-01
4.003999999999999559e+00,2.787006448441243123e+00,3.396587597071936138e-01
4.006000000000000227e+00,2.787958763318601818e+00,3.447052327116174597e-01
