X,Y,time
0.50036549745984,0.500095568593612,0.062688827514649
0.50083923854057,0.500195811948824,0.074682474136353
0.501457561120404,0.500297958580824,0.089016199111939
0.502165588249901,0.500399990760848,0.100179195404053
0.502931454719612,0.500501833839675,0.111958503723145
0.503724999944905,0.50060454934282,0.125180959701538
0.504483324519665,0.500706681036527,0.139611721038818
0.5052211566431,0.500807660166428,0.151890993118286
0.505955742968271,0.500908272309003,0.165592432022095
0.506698558839932,0.501008643170519,0.177648782730103
0.507455741113438,0.501108806198314,0.193510055541992
0.508230898271462,0.501208816969932,0.206470012664795
0.509032892858117,0.501316620276583,0.217379570007324
0.509858853676331,0.501456623647683,0.229192733764648
0.510647661545955,0.501559735113459,0.240961790084839
0.511394869748123,0.501663189064727,0.254417896270752
0.512129479168358,0.501766766101652,0.265629768371582
0.512866369054239,0.501870367614193,0.277473926544189
0.513613038644768,0.501973960022215,0.29003643989563
0.514377723380538,0.502077459000718,0.302418947219849
0.515162820914669,0.502180814170544,0.313357830047607
0.515970140439842,0.502283973545302,0.325448036193848
0.51680127778757,0.502386881013113,0.339223623275757
0.517602290088566,0.502489892053674,0.350409507751465
0.518360987429089,0.502593173412904,0.362088680267334
0.519106807740553,0.502696550018303,0.374113798141479
0.519855525502911,0.502799934022894,0.387971639633179
0.520615880932437,0.502903260203842,0.399544715881348
0.521393089518119,0.503006471945419,0.411179780960083
0.522190542761615,0.503109514734096,0.424002885818482
0.523010723828534,0.503212332457799,0.438317060470581
0.523794525393175,0.503315073161424,0.449697494506836
0.524538065507082,0.503418137674,0.461586475372314
0.52526974296673,0.50352133021715,0.474742889404297
0.526003667492116,0.503624621469205,0.489063024520874
0.526748799171278,0.503727862386591,0.500157594680786
0.527510820691634,0.503830987446029,0.512481212615967
0.528293332371245,0.503933974333671,0.526657342910767
0.52909803496655,0.50403677151263,0.539618253707886
0.529926463594703,0.504139323404719,0.551468133926392
0.530723974565433,0.504241954055214,0.562593221664429
0.531479468402657,0.504344865593515,0.574413776397705
0.53222221499362,0.504447880430206,0.588289737701416
0.532967869835811,0.504550910571402,0.599831581115723
0.533725092106088,0.504653890944061,0.611458778381348
0.534499045198573,0.504756765073992,0.624118089675903
0.535293084675998,0.504859478774345,0.637830495834351
0.536109664594906,0.504961976422847,0.649477005004883
0.536889135442619,0.505064362975811,0.661457538604736
0.537628095806315,0.505167123179982,0.67332935333252
0.538354426267282,0.50527004347205,0.685778856277466
0.539084013384022,0.505372960685009,0.696662664413452
0.539826482742877,0.505475853674056,0.708385467529297
0.540586015509242,0.505578669355595,0.722408771514893
0.541365275026365,0.505681357156541,0.733441591262817
0.542166215570401,0.505783865754641,0.745214462280273
0.542990494095854,0.505886140364047,0.756170272827148
0.543782060158677,0.505988401537096,0.767658472061157
0.544532198545208,0.506090963336511,0.778875112533569
0.545269874412842,0.506193641249799,0.790462017059326
0.546010525979893,0.506296346859064,0.804557085037231
0.546762366946363,0.506399032587533,0.81654167175293
0.547530161969101,0.50650165323081,0.828455924987793
0.548317438885567,0.506604079808394,0.840993165969849
0.5491277146915,0.506706304709089,0.85484766960144
0.54996229272575,0.506808270506329,0.866610050201416
0.550768317444112,0.506910411732677,0.878486394882202
0.551531715528564,0.507012805912635,0.88984227180481
0.552282100532905,0.507115285031956,0.904077529907227
0.553035379075472,0.507217762813401,0.915178775787354
0.553800389722898,0.507320174270979,0.927080154418945
0.554582414473248,0.507422462640696,0.940418720245361
0.555384890544737,0.507524572891803,0.954280138015747
0.556210339173892,0.507626448052724,0.965493202209473
0.557000850724246,0.507728312810163,0.977460622787476
0.557750581462707,0.507830477068471,0.991863250732422
0.558488236159917,0.507932755852813,1.00573921203613
0.559229083433308,0.50803506152819,1.01687741279602
0.559981547878315,0.508137329634829,1.02861595153809
0.560750643387772,0.508239503990129,1.04105997085571
0.561539399924607,0.508341542122176,1.05523824691772
0.562349810885354,0.508443407737918,1.066570520401
0.563183449392476,0.508544969720521,1.07865738868713
0.563989076313287,0.50864670750587,1.0927197933197
0.564752433562811,0.508748693856585,1.10589504241943
0.565502970870301,0.508850763558796,1.11701655387878
0.566256509910416,0.508952831007215,1.1284875869751
0.567021844145884,0.509054831433975,1.13973045349121
0.567804232071027,0.509156708088961,1.15212678909302
0.568607098799135,0.509258405855145,1.16297817230225
0.569432959466502,0.509359867613135,1.17467045783997
0.570224085165305,0.509461341227985,1.18960356712341
0.570974373368977,0.509563109508293,1.20066905021667
0.571712552127809,0.509664990968294,1.21203064918518
0.57245390943742,0.509766898499412,1.22322487831116
0.573206881210032,0.509868767773318,1.23630690574646
0.57397649075416,0.509970542631239,1.24733805656433
0.574766009844811,0.510072169216366,1.25913977622986
0.575577177540053,0.51017362030763,1.27271270751953
0.576411256867921,0.510274789704134,1.28378510475159
0.57721703862097,0.510376111795588,1.29539012908936
0.577980614270248,0.510477678922067,1.307537317276
0.578731410681771,0.510579328178133,1.31892395019531
0.579485236596475,0.510680974390057,1.32993721961975
0.580250877151483,0.510782552913307,1.34199237823486
0.581033586248301,0.510884006960973,1.35592603683472
0.581836786589081,0.510985281302564,1.3676598072052
0.582662991922023,0.511086318645901,1.3789005279541
0.583454631042482,0.511187390064309,1.39065146446228
0.584205377041668,0.511288751848788,1.40455675125122
0.584943976976855,0.51139022552751,1.41606450080872
0.585685737743099,0.511491724557333,1.42793130874634
0.586439104606177,0.511593184730041,1.44072651863098
0.587209109941101,0.511694549925388,1.45464420318604
0.587999030443092,0.511795766217611,1.46614193916321
0.588811015356896,0.51189678896479,1.47777223587036
0.58964520063365,0.511997547746602,1.48979902267456
0.590451558364335,0.512098481329441,1.50247168540955
0.591215743383683,0.512199655803642,1.51345682144165
0.591967166982375,0.512300910897803,1.52528500556946
0.592721635123041,0.512402161921304,1.53918266296387
0.593487936593986,0.512503344359553,1.55015277862549
0.594271329965614,0.512604401388892,1.56184887886047
0.595075242113712,0.512705277648303,1.57370066642761
0.595902191175761,0.512805915665964,1.58530688285828
0.596694571932412,0.512906577801213,1.59627413749695
0.597446089843208,0.513007523892099,1.60773396492004
0.598185495017302,0.513108579193475,1.62216186523438
0.598928094635566,0.513209657691924,1.63314771652222
0.599682338615507,0.513310695327116,1.6450035572052
0.600453260429039,0.513411635971406,1.65751624107361
0.601244140048783,0.513512425568183,1.67155885696411
0.602057043434524,0.513613006521917,1.68256568908691
0.602892111879433,0.513713330549823,1.69422268867493
0.603700041384624,0.513813864541949,1.70613527297974
0.604465662552002,0.513914632649137,1.71731901168823
0.60521845980204,0.514015478079723,1.72870373725891
0.605974286286903,0.514116316627252,1.73995709419251
0.606741964446297,0.514217083895439,1.75283670425415
0.607526775277311,0.514317722954124,1.76408004760742
0.608332160648271,0.514418178234939,1.7761754989624
0.609160650839646,0.514518391919903,1.78908610343933
0.609954870809444,0.514618644785279,1.80012202262878
0.610708092583895,0.514719171929661,1.81160640716553
0.611449151458707,0.514819803752848,1.82357311248779
0.612193406653805,0.514920454840736,1.8370635509491
0.612949342761673,0.515021061236677,1.84810829162598
0.613722014158916,0.515121566795016,1.86005449295044
0.61451471674923,0.515221917242245,1.87263441085815
0.615329863609889,0.515322056836731,1.88355827331543
0.616125845379257,0.515421380018224,1.89498996734619
0.616894573053214,0.515521921493278,1.90625810623169
0.617638593217808,0.515622644614776,1.9177258014679
0.618379013188329,0.515723436259755,1.92933797836304
0.619127452094083,0.515824211066291,1.94164443016052
0.619890385923966,0.515924905809836,1.95551776885986
0.620671760918679,0.516025467035087,1.96674370765686
0.621474244219836,0.51612584415635,1.97900104522705
0.622299902253181,0.516225984403051,1.99343252182007
0.623091727704611,0.516326061542113,2.00635862350464
0.623842551963208,0.516426423254412,2.01764917373657
0.624581148686119,0.516526900084381,2.02877926826477
0.625322851290132,0.516627406544856,2.03988790512085
0.626076027555019,0.516727883669332,2.05254721641541
0.626844986212265,0.51682831549948,2.06395578384399
0.62763444587436,0.516928588441743,2.07632565498352
0.628446013728045,0.517028640820823,2.08917832374573
0.629281000152949,0.517128403707079,2.10032606124878
0.630087455521599,0.517228319002931,2.11200976371765
0.630851554057313,0.517328476796405,2.12459206581116
0.63160279105175,0.517428717523744,2.13872575759888
0.632357008364445,0.517528956982129,2.14998245239258
0.633123008421007,0.517629130799484,2.16160202026367
0.633906053987608,0.517729182153363,2.1745548248291
0.63470957203857,0.517829055650133,2.18828868865967
0.635536077665429,0.517928693791357,2.20033717155457
0.636327905240143,0.51802836122954,2.2137348651886
0.637078929713927,0.518128315179268,2.22565293312073
0.63781785023893,0.518228381234506,2.24008083343506
0.638559948434292,0.518328474171435,2.25371742248535
0.639313656492778,0.518428530191211,2.26473879814148
0.640084000832679,0.518528493206499,2.27682900428772
0.640874254279847,0.518628309190347,2.28943347930908
0.641685361169888,0.518727939181645,2.30076503753662
0.642520412645859,0.51882729515132,2.31260538101196
0.643327409769257,0.518926825322376,2.32627964019775
0.644092131047298,0.519026593600611,2.33916473388672
0.644844033542366,0.519126443049415,2.3501124382019
0.645598945897411,0.519226289999191,2.36173915863037
0.646365669165309,0.519326070225062,2.37338948249817
0.647149468317418,0.519425726867473,2.38653659820557
0.64795377340542,0.519525204412463,2.39755392074585
0.648781103515474,0.519624445164694,2.40966868400574
0.64957378176876,0.519723706524536,2.42265963554382
0.650325675529934,0.519823247891785,2.43402290344238
0.651065493437661,0.519922898489453,2.44579195976257
0.651808521639683,0.520022573620951,2.45956444740295
0.652563199570782,0.520122209615703,2.47255849838257
0.653334556435197,0.520221750381998,2.48378157615662
0.654125869393278,0.520321141729429,2.49527525901794
0.654937970425123,0.520420326957085,2.50676727294922
0.655774224800855,0.52051925658883,2.51984739303589
0.656582906052203,0.520618389975748,2.53096199035645
0.657349177823266,0.520717754373463,2.54300212860107
0.658102570549885,0.520817196322954,2.55592012405395
0.658858961234881,0.520916632658465,2.56692790985107
0.659627185984308,0.521015999254862,2.57892608642578
0.660412533373784,0.521115239150385,2.59310030937195
0.661218449362401,0.52121429660488,2.60591006278992
0.662047466071418,0.52131311355573,2.61717200279236
0.662842175085528,0.521411968151668,2.62871122360229
0.663595944890637,0.521511092712797,2.64053010940552
0.664337580109913,0.521610321621394,2.65410923957825
0.665082425995647,0.521709570753096,2.66526794433594
0.665838961038663,0.52180877652561,2.6770486831665
0.666612238181346,0.521907882821428,2.68950414657593
0.667405552475271,0.52200683521719,2.70107984542847
0.668221184345038,0.522105573465587,2.71227598190308
0.669017247155445,0.522203518583911,2.72380137443542
0.669786688633183,0.522302673205571,2.7376024723053
0.670531632768301,0.522401995375289,2.74908709526062
0.671272888747972,0.522501386264073,2.76083421707153
0.672022119919696,0.522600761261615,2.77323484420776
0.672785828252033,0.522700057146354,2.7856867313385
0.673567974054813,0.522799220361126,2.79672265052795
0.674371232198135,0.52289820013092,2.80809783935547
0.675197673176067,0.522996943458541,2.82187557220459
0.675990317977757,0.523095626839087,2.83331632614136
0.6767419834757,0.523194589350265,2.8446307182312
0.677481434890808,0.523293665945283,2.85633397102356
0.678224003790794,0.52339277241572,2.86787271499634
0.678977909935493,0.52349185879393,2.87917590141296
0.679747850844578,0.523590891271435,2.89099884033203
0.680538275517351,0.523689765270116,2.90507960319519
0.681350550332276,0.523788410303907,2.91645336151123
0.682186670494163,0.523886776217532,2.92803883552551
0.682994281427211,0.52398529779745,2.94002366065979
0.683759497528152,0.524084056425415,2.95308113098145
0.684511836117832,0.524182896627446,2.96405649185181
0.68526715482271,0.524281735367796,2.97652578353882
0.686034268859245,0.524380508584083,2.98959302902222
0.686818450032217,0.524479159420639,3.00136137008667
0.687623131541676,0.524577632257153,3.01255869865417
0.688450833306153,0.524675869256289,3.02471160888672
0.689244024824467,0.52477414359849,3.038658618927
0.689996387614035,0.524872697243559,3.04985380172729
0.69073663785764,0.5249713608389,3.06177282333374
0.691480074504297,0.525070050507856,3.07369112968445
0.692235143129322,0.525168702792029,3.08624792098999
0.693006881179074,0.525267261615674,3.09720611572266
0.693798569388947,0.525365672731048,3.10936212539673
0.694611343563732,0.525463898229001,3.12290525436401
0.695447798676775,0.525561846361537,3.13391804695129
0.696256546866533,0.525659981109469,3.14544272422791
0.697022977545683,0.525758346112287,3.15691804885864
0.697776578457704,0.525856789281223,3.17030310630798
0.698533202765152,0.525955228181494,3.18138456344604
0.699301672630467,0.526053598908648,3.19344353675842
0.700087268483793,0.526151844520095,3.2060534954071
0.700893431511249,0.526249909198241,3.21799445152283
0.701722690270635,0.526347734787517,3.23170828819275
0.702517683689365,0.526445600264277,3.2436854839325
0.703271776980947,0.526543735322286,3.25615119934082
0.704013746843717,0.526641975413987,3.26800870895386
0.704758930172648,0.526740237236275,3.27968406677246
0.705515800655229,0.526838457427312,3.29248952865601
0.70628941188873,0.526936579875596,3.30585432052612
0.707083058374331,0.527034550073111,3.31696057319641
0.707898978536228,0.527132307536619,3.32852292060852
0.708694906860457,0.52722930688713,3.33968353271484
0.709464968802706,0.527327484924227,3.35161828994751
0.710210461968878,0.527425830362356,3.36283564567566
0.71095221609163,0.527524245753589,3.3746440410614
0.71170192007929,0.527622646716406,3.38850092887878
0.712466090473369,0.527720969955209,3.39989423751831
0.713248695675932,0.527819161882952,3.41195702552795
0.714052414802922,0.527917171648222,3.42618608474731
0.714879320518879,0.528014946195916,3.43917846679687
0.715672307223433,0.528112642551764,3.45032835006714
0.716424378788975,0.528210617329037,3.46240091323853
0.71716427642858,0.528308706486571,3.47658324241638
0.717907317296085,0.52840682654275,3.48979377746582
0.718660955805667,0.528504971118751,3.50095129013062
0.719431853741952,0.52860301551441,3.51240420341492
0.720223050183385,0.52870090252823,3.5244677066803
0.721035801195531,0.528798554490423,3.5382969379425
0.721872676407589,0.528895936106252,3.54986166954041
0.722681311074097,0.528993494631808,3.56150937080383
0.723447507904075,0.529091288029966,3.57359981536865
0.724200803062228,0.529189162547155,3.58711934089661
0.724957070529207,0.529287035907818,3.59822273254395
0.7257251411806,0.529384844253288,3.61049914360046
0.726510298049266,0.529482530732412,3.62296581268311
0.727315982087206,0.529580039613698,3.63392663002014
0.728144719458278,0.529677312883234,3.64559602737427
0.728939008034607,0.529774611648139,3.6578311920166
0.7296924716571,0.529872186681421,3.67155146598816
0.730433839013548,0.529969870536143,3.68318200111389
0.731178417035233,0.530067580095561,3.69507718086243
0.731934661147631,0.530165252081208,3.70950102806091
0.732707614523087,0.530262830370397,3.72242379188538
0.733500536715438,0.53036026180834,3.73333859443665
0.734314875444241,0.530457531319337,3.74525618553162
0.735152550099426,0.530554491107927,3.75733804702759
0.735962680740534,0.530651634803588,3.7709538936615
0.736730439930546,0.530749004454507,3.78232622146606
0.737485354600762,0.53084645023615,3.79395842552185
0.738243303522724,0.530943890458829,3.80628299713135
0.739013127129494,0.531041261417456,3.81749534606934
0.739800117944131,0.531138506121244,3.82919239997864
0.74060772546456,0.531235568567781,3.84228777885437
0.741438484908833,0.531332390290418,3.85590815544128
0.74223547034307,0.531429283843683,3.86710977554321
0.74299136736338,0.531526442268354,3.87871384620667
0.743735041210078,0.531623703576472,3.89003133773804
0.74448189409216,0.531720985315629,3.90305781364441
0.74524043997596,0.531818224250566,3.91429400444031
0.746015761760434,0.531915364227429,3.92651748657227
0.746811172227671,0.532012350538752,3.93953490257263
0.74762909785188,0.532109126767719,3.95151257514954
0.748409024411911,0.532205798166769,3.9633412361145
0.749147743501,0.532302809542153,3.97689175605774
0.74987531105625,0.532399935172676,3.98946833610535
0.75060756153165,0.532497107082498,4.00087761878967
0.751352253331989,0.532594263343973,4.01223802566528
0.752113747319672,0.532691349917121,4.02339744567871
0.752894821709737,0.532788315587193,4.03597760200501
0.753697488526192,0.532885108163083,4.04755997657776
0.754523430393433,0.532981672001681,4.06020545959473
0.755316252427799,0.533078212695284,4.07313585281372
0.756067914096968,0.533175034951165,4.0858051776886
0.756807252265421,0.53327197243021,4.0966637134552
0.757549175394842,0.533368970032284,4.10845351219177
0.758301274000468,0.533465935530963,4.12233018875122
0.759070908401111,0.533562790782506,4.13406252861023
0.759861232847085,0.5336595022763,4.14558219909668
0.760674001036589,0.533756016557854,4.15763831138611
0.761510785880699,0.533852275740976,4.17139053344727
0.762318564645679,0.533948697760992,4.18295669555664
0.763083882834224,0.534045355834743,4.1947386264801
0.763836271580269,0.534142098184643,4.20693445205689
0.764591590261453,0.534238843271343,4.21766018867493
0.765358655830848,0.534335527470048,4.22877597808838
0.76614274048695,0.53443209401367,4.24101424217224
0.766947276377263,0.53452848717695,4.25509142875671
0.76777478072324,0.534624648995887,4.26637506484985
0.768567186175093,0.534720800308972,4.27768349647522
0.769319057014363,0.53481722982867,4.28975033760071
0.770058970965408,0.53491377139165,4.30180025100708
0.770802137385483,0.535010342891193,4.31320810317993
0.77155695486443,0.53510688149719,4.32566428184509
0.772327491526138,0.535203378191672,4.33909726142883
0.77311739631221,0.535299684434763,4.35028553009033
0.773930466119203,0.535395792170818,4.3622100353241
0.774767940872806,0.535491642579857,4.37605834007263
0.775576823055374,0.53558766409347,4.38918304443359
0.776343267554372,0.53568391540562,4.40056085586548
0.777096806165723,0.535780247570411,4.41237020492554
0.777853307556538,0.535876579604955,4.42554831504822
0.778621598839174,0.535972848009051,4.43910789489746
0.779406960673557,0.536068995922451,4.45031070709229
0.780212832168285,0.53616496742554,4.46185374259949
0.781041737321609,0.536260704232657,4.47309923171997
0.781836046419144,0.536356465862298,4.48493623733521
0.782589635743384,0.536452497288254,4.49618053436279
0.783331177748212,0.536548636755997,4.50843191146851
0.784075948275319,0.536644802708242,4.52239608764648
0.784832386345823,0.536740932359587,4.5335693359375
0.785605526817918,0.536836969654911,4.545654296875
0.786398154408418,0.536932883825676,4.55977511405945
0.787211774139307,0.537028572712874,4.57259726524353
0.788050448396951,0.53712400094535,4.58346891403198
0.788861020981231,0.537219604751688,4.59560608863831
0.789629130772865,0.537315429787434,4.60710644721985
0.790384342685562,0.537411330757346,4.62073183059692
0.791142553087322,0.537507227202955,4.63192701339722
0.79191261092223,0.53760305575063,4.64365744590759
0.792699812828176,0.537698759375624,4.65616679191589
0.793507609894228,0.537794281871804,4.66769242286682
0.794338537052472,0.537889564507344,4.67965650558472
0.795135541996682,0.537984917957747,4.69342112541199
0.79589156285699,0.538080529948474,4.70627498626709
0.796635408826139,0.538176244037402,4.71849679946899
0.797382450998263,0.538271979309091,4.7294340133667
0.798141187429713,0.538367673016522,4.74102878570557
0.798916692737365,0.538463269054509,4.755366563797
0.799712274426294,0.538558712587976,4.76717281341553
0.800530355085091,0.538653946978001,4.77878499031067
0.801370624724641,0.538748916698169,4.79086589813232
0.802183990804869,0.53884411750723,4.8046190738678
0.802954980752164,0.538939526325856,4.81587266921997
0.803713145305902,0.539035002980543,4.82763981819153
0.804474396650511,0.539130467736728,4.8399715423584
0.805247611584118,0.539225857397025,4.85277700424194
0.806038112342881,0.539321114687217,4.86406826972961
0.806849371310753,0.539416182974299,4.87633919715881
0.807683944808634,0.539511002781737,4.88923621177673
0.808485462713426,0.539605927481075,4.90043497085571
0.80924567200836,0.539701091900737,4.91200041770935
0.809993586734608,0.53979634759465,4.92324423789978
0.810744711204988,0.539891614322932,4.9356963634491
0.811507628908312,0.539986829357138,4.94676518440247
0.812287469503257,0.540081936430966,4.95825004577637
0.813087581149282,0.540176880121364,4.97233080863953
0.813910419373193,0.540271602982534,4.98326444625855
0.814696949497229,0.540366291127708,4.99513602256775
0.815443534257278,0.540461264569515,5.00697636604309
0.816178428355368,0.540556359904074,5.01784110069275
0.816914856361352,0.540651465935484,5.02916765213013
0.817663035021172,0.540746596387023,5.04107594490051
0.818429083003751,0.540841646058906,5.05521631240845
0.819215410851877,0.540936563591815,5.06694865226746
0.820023837652838,0.541031295878913,5.078861951828
0.820855958287933,0.541125785614566,5.09038090705872
0.821656770783824,0.541220333186704,5.10190272331238
0.822415891126,0.541315125559676,5.11303997039795
0.823162449203851,0.541410014262153,5.1249086856842
0.823912028494975,0.541504919148159,5.13868570327759
0.82467325967587,0.541599777306209,5.1501190662384
0.825451295982095,0.541694532359699,5.16193437576294
0.826248317002737,0.541789111747364,5.17335319519043
0.827067551648659,0.541883501674835,5.18583989143372
0.827852313474357,0.541977806142145,5.19670176506043
0.828595109920963,0.542072395624794,5.2084686756134
0.829326027300274,0.542167141039043,5.22225594520569
0.830061623518617,0.542261927695448,5.23323440551758
0.830809710636274,0.542356693908249,5.24541139602661
0.831574688361424,0.542451385602586,5.25981402397156
0.832359361475371,0.542545950977109,5.27299404144287
0.833165760624293,0.542640336974454,5.28526973724365
0.833995585842183,0.542734486697621,5.29653286933899
0.834793277307111,0.542828670389864,5.30917453765869
0.835549502710509,0.542923108783932,5.32243657112122
0.836293261465358,0.543017650737431,5.33346462249756
0.83704003855556,0.54311221621494,5.34515476226807
0.837798397458585,0.543206742592103,5.35619139671326
0.83857188946479,0.543301167673805,5.36804151535034
0.839365808717507,0.543395455104999,5.37963509559631
0.840182838415831,0.54348953584441,5.39243721961975
0.841024340901097,0.543583350798663,5.40578842163086
0.841837907196088,0.543677363958648,5.41678094863892
0.842608693415201,0.54377158461211,5.4284873008728
0.843366432367071,0.543865875001424,5.43951201438904
0.844127121735336,0.543960156063286,5.45142006874085
0.844899676081794,0.544054364747944,5.46273374557495
0.845689433679165,0.544148443764537,5.47509264945984
0.84649987248762,0.544242336399197,5.48916602134705
0.847333547711187,0.544335983128625,5.50019955635071
0.848133913085775,0.544429740495856,5.51195240020752
0.84889308685365,0.544523737232655,5.5255138874054
0.849639999510787,0.544617827490431,5.53904557228088
0.850390106336235,0.544711932163422,5.55012249946594
0.851151963486648,0.544805988879684,5.56181073188782
0.851930683708708,0.544899941509525,5.57310295104981
0.852729602113554,0.5449937346843,5.58595633506775
0.853551163651294,0.5450873110047,5.5971462726593
0.854335746619539,0.545180815822199,5.60937428474426
0.855079679387284,0.545274572782645,5.62242650985718
0.855810903441067,0.545368485228121,5.63350319862366
0.856546430551573,0.545462468626654,5.64561414718628
0.857294780813091,0.545556430672729,5.6595733165741
0.858060215613265,0.545650317397276,5.67266035079956
0.858845457702162,0.545744076995169,5.68394875526428
0.859652496217958,0.545837656233541,5.69542455673218
0.860483010278832,0.545930997938893,5.70666551589966
0.861281495782104,0.546024377455296,5.71933674812317
0.862038523876303,0.546118004789446,5.73053789138794
0.862783095998097,0.54621173299712,5.74287128448486
0.863530702785745,0.546305482951969,5.75580430030823
0.864289895417917,0.546399191530575,5.76693868637085
0.865064165531958,0.54649278377133,5.77853083610535
0.865859059955583,0.546586252686675,5.7898383140564
0.866677062850144,0.546679512747364,5.80230689048767
0.867519557400985,0.546772504796636,5.81354308128357
0.868334720075228,0.546865735260573,5.82548046112061
0.869107021312333,0.546959166298008,5.83883309364319
0.869866235575537,0.54705266362787,5.8498420715332
0.8706283938904,0.547146148963376,5.86167788505554
0.871402439669378,0.547239559437642,5.87632656097412
0.872193732176823,0.547332837630748,5.88951563835144
0.873005764139403,0.547425926564481,5.90147972106934
0.873841103328745,0.547518766284234,5.91260981559753
0.874643267095045,0.547611711785445,5.924072265625
0.875404196279141,0.54770488595839,5.93774938583374
0.876152873133077,0.547798148423573,5.94928646087647
0.876904783437098,0.547891420896263,5.96102142333984
0.877668503899286,0.547984641243986,5.97307872772217
0.878449161046405,0.548077753221352,5.98491764068604
0.87925010221472,0.548170701124479,5.99639248847961
0.880073782605588,0.548263427089641,6.00791692733765
0.880861118239035,0.548356123236371,6.02223348617554
0.881608562651241,0.548449093784753,6.03320622444153
0.88234286122253,0.548542122682597,6.04510402679443
0.88308057827367,0.548635227431912,6.05750775337219
0.883830447112404,0.548728351237384,6.07129764556885
0.884597876712625,0.548821394445904,6.08287692070007
0.88538542749089,0.548914305157167,6.09449696540833
0.886195002449516,0.549007029698493,6.10683703422546
0.887028240516708,0.549099510128539,6.12006545066834
0.887830343651795,0.549192073003621,6.1310076713562
0.888590712875175,0.54928486874243,6.14335107803345
0.88933849556704,0.549377757038162,6.15680122375488
0.890089291105427,0.549470659832991,6.16806507110596
0.890851744891445,0.549563514751008,6.17929124832153
0.891631020851949,0.549656265413155,6.1909065246582
0.892429519832046,0.549748822653418,6.2046058177948
0.893250244384694,0.549841193357133,6.21605801582336
0.894054733637813,0.549932842807552,6.22851943969727
0.894831855758042,0.550025627820753,6.24026870727539
0.895583773186124,0.550118577712353,6.25103569030762
0.896331974709291,0.550211585421865,6.26200938224793
0.897088225445674,0.550304569420923,6.27463269233704
0.897859105664668,0.55039746705401,6.2889666557312
0.898648628422112,0.55049022404991,6.29991388320923
0.899459510168737,0.550582787955495,6.31192469596863
0.900293854238734,0.550675103266397,6.32646298408508
0.90109617753866,0.550767458996341,6.3394296169281
0.90185700752103,0.550860044554042,6.35121560096741
0.902605390303962,0.550952723450791,6.36231350898743
0.903356873114788,0.551045417956456,6.37384915351868
0.904120076577994,0.551138065518609,6.38749432563782
0.90490015087227,0.551230609502663,6.3986713886261
0.905700450934623,0.55132299397705,6.41036558151245
0.906523227893075,0.551415169501906,6.42309594154358
0.907309687877352,0.551507273445287,6.43538665771484
0.908055900385789,0.551599672802126,6.44630646705627
0.908788180057488,0.551692193121873,6.45785260200501
0.909525381955922,0.551784745203345,6.4725079536438
0.91027540950324,0.551877274019062,6.48366928100586
0.911042543205959,0.551969725712783,6.49546575546265
0.911829526758358,0.552062048247603,6.50732421875
0.912638363387239,0.552154188039685,6.52108573913574
0.913470741976746,0.552246087453358,6.53227877616882
0.914271529482352,0.552338044754927,6.5439555644989
0.91503073229768,0.552430240681396,6.5564444065094
0.915777421836403,0.552522533060215,6.56888294219971
0.916527142487894,0.552614844029489,6.57982540130615
0.917288502598024,0.552707111430738,6.59184455871582
0.918066264626177,0.552799266655787,6.60590934753418
0.918862667743135,0.552891285801655,6.61724257469177
0.919682622136551,0.552983092421422,6.62888336181641
0.920467012458838,0.553074800757175,6.64076924324036
0.921209486078094,0.553166829722672,6.6548023223877
0.921941178221464,0.553258982893226,6.66665697097778
0.922677291482604,0.55335118003515,6.67842435836792
0.923425732469053,0.553443360135299,6.69092035293579
0.924190966286868,0.553535468983295,6.70496463775635
0.924975830127897,0.553627454633159,6.71641373634338
0.925782369121682,0.55371926377827,6.72820353507996
0.926612288211709,0.553810839309643,6.74117755889893
0.92740961308323,0.553902426295516,6.75559568405151
0.928165683212476,0.553994262286239,6.76658749580383
0.928909396565775,0.554086202022113,6.77828645706177
0.929656173163528,0.55417816776215,6.79096150398254
0.930412342348497,0.5542701085121,6.80486130714417
0.931186475484517,0.554361952979767,6.81654691696167
0.931981462832027,0.554453648402906,6.82810854911804
0.93279906455385,0.554545139994345,6.84053015708923
0.933640861752107,0.554636368019154,6.85146856307983
0.934454556710088,0.554727803660856,6.86258459091187
0.935225572101331,0.55481944159763,6.87442588806152
0.935983577404202,0.554911149614702,6.888103723526
0.936744535910615,0.555002850765131,6.89978313446045
0.937517345575571,0.555094482587116,6.91153860092163
0.938307335747883,0.55518598786368,6.92349720001221
0.939117978891269,0.555277309655978,6.93694257736206
0.93995182566694,0.555368388146762,6.94795560836792
0.940752001065155,0.555459553079393,6.95988655090332
0.941511201609249,0.555550951874767,6.97309947013855
0.942258251252431,0.555642444209701,6.98585486412048
0.943008542392583,0.555733953203707,6.99681115150452
0.943770596337413,0.555825417191681,7.00861406326294
0.944549506849858,0.555916780073219,7.02176308631897
0.945348597438452,0.556007986269279,7.03323268890381
0.946170004313295,0.556098968235667,7.04489231109619
0.946972407538954,0.556189268354982,7.05790424346924
0.947748327180148,0.556280683522901,7.07201790809631
0.948499691964219,0.556372247729187,7.08336186408997
0.949247386363604,0.556463871663016,7.09507536888123
0.950003138137767,0.556555474808941,7.10644435882568
0.950773503719642,0.556646994542298,7.11903142929077
0.95156248205469,0.556738376688182,7.1304132938385
0.952372777494225,0.556829568910659,7.1425256729126
0.953206484279884,0.55692051593689,7.15576076507568
0.954007818382527,0.557011488480327,7.16685581207275
0.954767813426032,0.557102692902623,7.17902588844299
0.955515433549051,0.557193993640362,7.19345331192017
0.956266170291332,0.557285313891797,7.2061665058136
0.957028609031627,0.557376591538461,7.21752190589905
0.957807879622111,0.557467770042965,7.2288875579834
0.958606988910016,0.557558809300445,7.2404408454895
0.959428191161059,0.557649661837716,7.25391840934753
0.960212961803217,0.557740406271317,7.26474475860596
0.960956653902112,0.557831451608749,7.27673840522766
0.961688861488621,0.557922594638574,7.29051518440247
0.962425765121075,0.558013779522932,7.30419850349426
0.963175174299363,0.558104945946443,7.31519460678101
0.963941488709401,0.558196039744821,7.32708668708801
0.964727513960816,0.55828700895498,7.33963966369629
0.965535280688058,0.558377800121383,7.35204601287842
0.966366487530797,0.558468355937687,7.36343574523926
0.9671655225257,0.55855894405729,7.37568736076355
0.967923188296432,0.558649776957185,7.38907313346863
0.968668442235955,0.558740711169871,7.40013408660889
0.969416748672526,0.558831669687663,7.41221952438355
0.97017603228456,0.558922626566273,7.4265296459198
0.970950931494507,0.559013461348935,7.43943524360657
0.971747000256012,0.559104141409608,7.45103049278259
0.972565976442471,0.559194615363971,7.46238398551941
0.973409340488172,0.559284823147171,7.47388744354248
0.974225225511759,0.559375263748279,7.48787045478821
0.974998306140217,0.559465900905301,7.49932098388672
0.975758323574179,0.559556604638703,7.51084446907043
0.976521292478284,0.559647298697909,7.52317786216736
0.977296150779602,0.55973792078204,7.5357711315155
0.978088255156171,0.559828413561264,7.54766869544983
0.978901096911799,0.559918719835211,7.56072783470154
0.979737242153569,0.560008779345238,7.57306432723999
0.980540172434903,0.560098933713147,7.58550429344177
0.981301954543133,0.560189314515746,7.59646725654602
0.982051520694428,0.560279784128453,7.60805535316467
0.982804336038578,0.560370266375221,7.62200570106506
0.983568970125873,0.560460699621407,7.6336190700531
0.984350548187435,0.560551027635167,7.64537596702576
0.98515241635672,0.560641194425831,7.65735650062561
0.985977028968543,0.560731141733103,7.6712429523468
0.986765343846785,0.560821050001346,7.68311905860901
0.987513824873001,0.560911224512954,7.69493079185486
0.988248703278785,0.561001557081202,7.70762205123901
0.98898707239104,0.561091907224233,7.72130584716797
0.989738601466336,0.561182231930475,7.73289060592651
0.990507464387506,0.561272477619625,7.74452185630798
0.991296329982573,0.561362592123469,7.75690340995789
0.992107165441807,0.561452521480318,7.77076363563538
0.992941643183603,0.561542207531873,7.7817108631134
0.993745033125215,0.561631978184998,7.79365658760071
0.994506702037734,0.561721976662924,7.80632901191711
0.995255792378028,0.561812066778843,7.81767725944519
0.996007904744891,0.561902172524175,7.82890605926514
0.996771689302668,0.561992232171573,7.84106802940369
0.997552316840351,0.56208218937521,7.85497307777405
0.998352217980496,0.56217200178642,7.86605620384216
0.999174006450007,0.562261587591075,7.87764263153076
0.999960533076318,0.562351105945802,7.88989925384522
1.00070555515803,0.562440905331791,7.90307211875916
1.00143979772335,0.56253082207985,7.91404247283936
1.00217848473724,0.562620778561437,7.92643523216248
1.00292955008126,0.562710714181699,7.93957281112671
1.00369748082966,0.562800574627266,7.95147204399109
1.00448513037806,0.562890307584514,7.96278810501099
1.00529455610354,0.562979859169256,7.97435998916626
1.00612747326127,0.563069171512696,7.98895454406738
1.00692879949398,0.563158558409074,8.00009512901306
1.007688538336,0.563248179107046,8.01221418380737
1.00843575212123,0.563337896091563,8.02458596229553
1.00918597869906,0.563427633626752,8.03906512260437
1.00994782482025,0.563517330256125,8.05002593994141
1.01072612592208,0.563606945756413,8.06195497512817
1.01152310100808,0.563696401486694,8.07438540458679
1.012343383109,0.563785640374256,8.08884024620056
1.01318846391555,0.563874608761004,8.10002970695496
1.0140066021782,0.563963823310789,8.11185455322266
1.01478187968468,0.564053223233323,8.12389802932739
1.01554408592496,0.564142683542002,8.137855052948
1.01630927394011,0.564232129045467,8.14920949935913
1.01708641216599,0.564321497700886,8.16107487678528
1.01788087953291,0.564410731913756,8.17335653305054
1.01869618364996,0.564499774020098,8.18671917915344
1.01953490489174,0.564588563049014,8.19769334793091
1.02034114445191,0.56467749128847,8.20982599258423
1.0211059927013,0.564766630748887,8.22308135032654
1.02185851500524,0.564855851074473,8.23496222496033
1.02261427094096,0.564945077349613,8.24656248092651
1.02338189436084,0.565034248187636,8.25984406471252
1.02416655356754,0.565123307151558,8.27281522750855
1.02497162411845,0.565212197749477,8.28479909896851
1.02579958407308,0.565300860968489,8.29843330383301
1.0265921171732,0.565389540782056,8.31032562255859
1.02734449743866,0.565478470056868,8.32547879219055
1.02808509823878,0.565567507624469,8.33961081504822
1.02882900313844,0.565656578817016,8.35077786445618
1.02958254783829,0.565745624078951,8.36226224899292
1.0303536235288,0.56583459385236,8.37392163276672
1.0311455479044,0.565923423807616,8.38758707046509
1.03195998569445,0.566012059581229,8.3993706703186
1.03279845877239,0.566100441923878,8.41097116470337
1.03360708276903,0.56618895420275,8.42332601547241
1.03437368186426,0.566277673468987,8.43677854537964
1.03512757557872,0.566366471460315,8.44773054122925
1.03588450216285,0.566455273544437,8.46006298065186
1.03665321074556,0.566544018074933,8.47282409667969
1.0374389371887,0.566632648365886,8.48436403274536
1.03824509290407,0.56672110768397,8.49602818489075
1.03907405133058,0.566809332503593,8.50795483589172
1.03986821849686,0.566897587930903,8.52143430709839
1.04062205952057,0.566986084368408,8.53301572799683
1.04136401123181,0.567074685515868,8.54497337341309
1.04210739732171,0.567163307141987,8.55814933776856
1.04286277761793,0.567251920926983,8.5724139213562
1.04363615194294,0.567340444543585,8.58341670036316
1.04443000293889,0.567428825384647,8.59526038169861
1.04524620450586,0.56751700839106,8.6095654964447
1.04608639035259,0.56760493377399,8.62270212173462
1.04689726420771,0.567693023607369,8.63408255577087
1.04766587057479,0.567781312711773,8.64559578895569
1.04842165219009,0.567869675820256,8.65704798698425
1.04918042863561,0.567958038814647,8.67096543312073
1.04995100469375,0.568046340103552,8.68242931365967
1.05073865151567,0.568134522793044,8.69410300254822
1.05154680341304,0.568222529866839,8.70645618438721
1.05237798011278,0.568310301481549,8.71899795532227
1.05317425165402,0.568398107905027,8.72995090484619
1.05393007727796,0.568486149233341,8.74172210693359
1.05467398147057,0.568574289499052,8.75582337379456
1.0554208409778,0.568662441802009,8.76694774627686
1.05617792348149,0.568750553886798,8.77864813804626
1.05695257398509,0.568838603744687,8.79057121276856
1.05774812657238,0.568926505163306,8.80432343482971
1.05856630588521,0.569014203154592,8.81552672386169
1.05940867220995,0.56910163725759,8.82769060134888
1.06022263092754,0.56918928270651,8.84030914306641
1.06099404404511,0.569277116352672,8.85371279716492
1.061752505126,0.569365017025054,8.86525583267212
1.06251393321509,0.569452911128402,8.87757873535156
1.06328720262284,0.569540737128527,8.89023041725159
1.06407762947914,0.569628437810467,8.90219473838806
1.06488867780027,0.569715955758028,8.91314816474915
1.06572289143496,0.569803230460656,8.92522287368774
1.06652320258915,0.569890600573788,8.93896794319153
1.06728273735498,0.569978188287478,8.94988107681274
1.06803020995177,0.57006586584008,8.96178150177002
1.06878095287541,0.570153560091258,8.97363114356995
1.06954345780674,0.570241210514458,8.98482966423035
1.07032280367627,0.570328761091078,8.99595046043396
1.0711212636321,0.570416118829358,9.00845956802368
1.07194233823812,0.570503285356171,9.02222299575806
1.07278753703179,0.570590207661915,9.03342413902283
1.07360601379495,0.570677378606504,9.04516625404358
1.07438188764992,0.570764720165927,9.05752182006836
1.07514483135523,0.570852116404705,9.07128620147705
1.07591083830358,0.570939494167633,9.08312964439392
1.07668884558897,0.571026791946513,9.09645771980286
1.07748421706601,0.57111395190688,9.11071085929871
1.07830045325714,0.571200915877747,9.12341809272766
1.07914013135745,0.571287622120841,9.13664984703064
1.07994767080208,0.571374517321115,9.14765048027039
1.08071380474324,0.57146160480996,9.16041707992554
1.08146759664938,0.571548766126123,9.17426657676697
1.08222461707063,0.571635928709371,9.18905735015869
1.08299351416879,0.571723031883499,9.20063018798828
1.08377946903426,0.57181001912796,9.21277976036072
1.08458586632861,0.571896833565004,9.22537016868591
1.08541519199268,0.571983415530017,9.23926830291748
1.08620888972644,0.572070023244501,9.25043749809265
1.08696248209099,0.572156856064314,9.26282334327698
1.08770332134994,0.572243746638953,9.2765736579895
1.08844753806192,0.572330644017034,9.28878927230835
1.08920406041308,0.572417536052724,9.30065250396729
1.08997701056641,0.572504396684468,9.31422781944275
1.09077065264183,0.572591113369569,9.32618832588196
1.09158674758847,0.572677631455777,9.34093761444092
1.09242686885877,0.572763890599783,9.35494041442871
1.09323765890745,0.572850329753476,9.36669158935547
1.09400630843619,0.572936956218059,9.37803149223328
1.09476219146745,0.573023653074774,9.39066100120544
1.09552109147505,0.57311034811558,9.40211343765259
1.09629179334394,0.573196980302067,9.41311955451965
1.09707955761528,0.573283492677603,9.42472100257874
1.09788781259423,0.573369827966921,9.43860244750977
1.09871898850455,0.573455923137596,9.44982481002808
1.09951539513316,0.573542077678648,9.46209144592285
1.10027143840071,0.573628455875682,9.47358179092407
1.10101494895999,0.573714901670291,9.48540639877319
1.1017612193095,0.573801334443531,9.49636673927307
1.102520105804,0.573887744115529,9.50780010223389
1.10329540416456,0.573974118416344,9.52082943916321
1.1040911960359,0.574060356421822,9.53179740905762
1.10490964261318,0.574146389842082,9.54341173171997
1.10575228459303,0.574232157921798,9.55535793304443
1.10656611242157,0.574318120979094,9.56639242172241
1.10733754447044,0.574404260208828,9.57747054100037
1.10809610498938,0.574490462794847,9.58918642997742
1.10885767363936,0.574576656913095,9.60001659393311
1.10963109892528,0.574662781528422,9.61117291450501
1.11042168250215,0.574748779313675,9.62249350547791
1.11123288019586,0.574834592519453,9.63347244262695
1.11206723007168,0.574920160155472,9.64499020576477
1.11286766905827,0.575005845014039,9.65754508972168
1.1136273706311,0.575091736998587,9.67110395431519
1.114375016318,0.575177714390283,9.6823000907898
1.11512592444418,0.575263706175757,9.69384717941284
1.11588735944895,0.575349604324691,9.70550656318665
1.11666632011221,0.575435408420614,9.71664786338806
1.11746589788785,0.575521067355269,9.72783041000366
1.11828815295346,0.575606519875767,9.73891258239746
1.11909228827049,0.575691363169496,9.75003910064697
1.11986910246603,0.575777284301996,9.76110816001892
1.12062138335,0.575863338857406,9.77221727371216
1.12136998804824,0.575949449710073,9.78337049484253
1.12212663298008,0.576035539318728,9.79453063011169
1.12289786469693,0.576121545515901,9.80568146705627
1.12368767660172,0.57620741369761,9.81684899330139
1.12449876855966,0.576293090681802,9.82794165611267
1.12533323049641,0.576378520148679,9.83925867080689
1.12613474424678,0.576463978909628,9.85031175613403
1.12689530419107,0.57654963693525,9.86137437820435
1.12764368376564,0.576635382225511,9.87263584136963
1.12839526761584,0.576721143842033,9.88370752334595
1.1291582428791,0.576806848045341,9.89485383033752
1.12993707823346,0.576892436030567,9.90612721443176
1.13073628840348,0.576977907364393,9.91711473464966
1.13155874207632,0.57706316338504,9.92817759513855
1.13236476565768,0.577147746135888,9.93951487541199
1.13314275268656,0.577233440507019,9.95055890083313
1.1338960929383,0.577319270205048,9.96160840988159
1.13464571519231,0.57740515612895,9.97283554077148
1.13540336824992,0.577491020565042,9.98388481140137
1.13617562525548,0.577576801178796,9.99498152732849
1.1369664955297,0.577662443281107,10.006110906601
1.13777869048056,0.577747893525294,10.0170693397522
1.13861430848684,0.577833095406838,10.0282700061798
1.13941723296371,0.577918321645518,10.0394611358643
1.14017908670298,0.578003748148153,10.0505163669586
1.14092871123112,0.578089261138602,10.0619659423828
1.14168153632194,0.578174789575061,10.0730063915253
1.1424461210167,0.578260272989471,10.0843715667725
1.1432272886286,0.578345670135807,10.0954573154449
1.14402708249373,0.578430897756608,10.1066470146179
1.14485048447831,0.578515907409075,10.1181888580322
1.14565820444632,0.578600247696785,10.1291389465332
1.14643787331769,0.578685698351793,10.1403596401215
1.14719278999469,0.578771284378499,10.1520309448242
1.14794396921686,0.57885692452628,10.1630787849426
1.14870319606649,0.578942541067244,10.1745307445526
1.14947707138118,0.579028071629477,10.1860158443451
1.15026962218882,0.579113461412652,10.1970031261444
1.15108357333033,0.579198656834804,10.2084209918976
1.15183119861585,0.579280302354824,0.013499259948731
1.15254333362255,0.579344423991171,0.024662971496582
1.15310130959655,0.579395842149831,0.035954713821411
1.15351406155701,0.579431583676498,0.047312498092651
1.15375486520876,0.579450988559283,0.058367729187012
1.15387668521141,0.579474458120236,0.069444179534912
1.15384280433802,0.579497080103322,0.081202983856201
1.15379627375806,0.579458952002885,0.092022180557251
1.15369962687208,0.579447330360628,0.103077411651611
1.15374242597081,0.579532040514534,0.114285945892334
1.15373711836329,0.579619441772664,0.125393390655518
1.15381745222642,0.579655881289433,0.136386394500732
1.15380358880948,0.579672253624941,0.147626161575317
1.15377806338782,0.579712566678091,0.159013509750366
1.15374939540406,0.579686881925493,0.170698642730713
1.15366004844177,0.579662766757093,0.182425260543823
1.15360451668751,0.579716087731161,0.193642139434814
1.15356688146131,0.579699623290526,0.205414772033691
1.15347914062103,0.579684273350198,0.217450857162476
1.1533658795738,0.579666176938411,0.231925964355469
1.15333086194447,0.579664076759821,0.243885278701782
1.153363556562,0.579791887780676,0.255164384841919
1.15352292523545,0.580088169840152,0.267353296279907
1.15395594625103,0.580648257143514,0.281032800674438
1.15467644644648,0.581321534191258,0.292548656463623
1.15555019111831,0.582121073742618,0.30397891998291
1.1567045121632,0.58308632180717,0.315758466720581
1.15803551789188,0.584116650579976,0.329444169998169
1.15947284241966,0.585134141332333,0.340947866439819
1.16092410307837,0.586158494356492,0.352352619171143
1.1623717195288,0.587180221910778,0.364287614822388
1.16383864738108,0.588190618146546,0.375653982162476
1.16529430327064,0.589218520239017,0.387120246887207
1.16675105231065,0.590264497958479,0.398652791976929
1.16822358082947,0.591307587966615,0.412029266357422
1.16972151730762,0.592333582483115,0.423205614089966
1.17120155003208,0.593376401482289,0.435227870941162
1.17268701934548,0.594439168083846,0.447151899337769
1.17418783123489,0.595499298753738,0.458578586578369
1.17570218950933,0.596543762768641,0.469879150390625
1.17719589201829,0.597607163333464,0.482082605361939
1.17868388405482,0.598663050126999,0.494401216506958
1.18018102440083,0.59973026999508,0.505467414855957
1.18171860564827,0.600791118107374,0.517335653305054
1.18325377957334,0.60188256732019,0.531453132629395
1.18476776918567,0.602954718946902,0.543134927749634
1.18629770513167,0.604011174916217,0.554686784744263
1.18781116822807,0.605084231982934,0.567563772201538
1.18933606420287,0.606169751994644,0.581824541091919
1.19086473057857,0.607256064051799,0.595032453536987
1.19242076946648,0.608330058323417,0.606027603149414
1.19396034832068,0.609419944896004,0.617960691452026
1.19548210453892,0.610502729074941,0.632530212402344
1.19702397451925,0.611574912100235,0.645053625106812
1.19855195123363,0.612665366978235,0.656038522720337
1.20009223157311,0.613768455800893,0.6688551902771
1.20163389970133,0.614870793533205,0.682158708572388
1.20320462813961,0.615961830908549,0.693804979324341
1.20475992841972,0.617069626974447,0.705316781997681
1.20632706776732,0.618189687050832,0.717689752578735
1.20790954497781,0.61930032139624,0.731459617614746
1.20946301634298,0.620416165919937,0.744294881820679
1.21100978455556,0.621529008420888,0.755802869796753
1.21260279104097,0.622656794568117,0.767849683761597
1.21420420131622,0.623772111358013,0.782157897949219
1.21578099190113,0.62490093857647,0.794485092163086
1.21737492505869,0.626040814169674,0.805617094039917
1.2189822088114,0.627173637821414,0.818162202835083
1.22052158327757,0.62826951416878,0.831897735595703
1.22208485169466,0.629401433802128,0.843137979507446
1.22369084258212,0.630542071712362,0.854583740234375
1.22530644196988,0.631666853136278,0.867189407348633
1.2268928976959,0.63279900944903,0.881418466567993
1.22848993864693,0.633940067410747,0.894013404846191
1.23011084059481,0.635086056444843,0.905088901519775
1.23170718435377,0.636236581142501,0.917229652404785
1.2333137382063,0.637398870280382,0.931526899337769
1.23492471815918,0.638543339239025,0.943859338760376
1.23651217419447,0.639692610947058,0.955594062805176
1.23811054029493,0.640854099835424,0.969282865524292
1.23973288883647,0.642027821402976,0.982241868972778
1.24137996376503,0.64319344110841,0.995418787002564
1.24299879553998,0.644357928180129,1.00642967224121
1.24462535967942,0.645531545858003,1.01920413970947
1.24626020802371,0.646690013511316,1.03283452987671
1.24786699671023,0.647849314756128,1.04478001594543
1.24948170038198,0.649018579176968,1.05611443519592
1.25109524069393,0.650166914348835,1.06798243522644
1.25268503252189,0.65131971691364,1.08168172836304
1.25427980390362,0.652483514295755,1.09470391273499
1.2558986966276,0.653658023256457,1.10600090026855
1.25754489601928,0.65482026113764,1.11849045753479
1.25915996894363,0.655982442920795,1.13265657424927
1.26078178650075,0.65715411414693,1.14747524261475
1.26240723095183,0.658308013372328,1.16007947921753
1.26400648975794,0.659464438725317,1.17138385772705
1.26561457690321,0.660631314102497,1.18477940559387
1.26720716160477,0.661789009924619,1.19708657264709
1.26883843406146,0.662934075044752,1.20876836776733
1.27044995143523,0.66409518921519,1.22200632095337
1.2720737628501,0.665269357717076,1.2345130443573
1.27370961581854,0.666430557767404,1.24959278106689
1.27531713164997,0.667590763150432,1.26430511474609
1.27693246819109,0.668760601298082,1.27605414390564
1.27854736244592,0.669909670309854,1.28771090507507
1.28013819988572,0.671062969414339,1.30076551437378
1.28173670503185,0.672225216028687,1.31530237197876
1.28335098890405,0.673399501216728,1.32844114303589
1.28499785671715,0.674564771065114,1.33961391448975
1.28661392069798,0.67572796890014,1.35249710083008
1.28823679298516,0.676900289982395,1.36575365066528
1.28986430281315,0.678055114821242,1.37971258163452
1.29146507173112,0.679212209680721,1.39142465591431
1.29307441789703,0.680379655339726,1.40450930595398
1.29467366530325,0.681538131729835,1.41676902770996
1.29630477097368,0.682684771002061,1.43071937561035
1.29791704044787,0.683846606726267,1.44248700141907
1.29954202256126,0.685021428294424,1.45369148254395
1.30118074172653,0.68618399587034,1.46486663818359
1.30279044088537,0.687345154507546,1.47757148742676
1.30440765542217,0.688515789889246,1.48845314979553
1.30602611646052,0.689666510578028,1.50027465820313
1.30761969436327,0.690821030389172,1.51319479942322
1.3092214286493,0.691985238675083,1.52444243431091
1.31084412510958,0.693159740649249,1.53587651252747
1.31249149084213,0.694327510148396,1.54707169532776
1.31410925526755,0.695491996097719,1.55825662612915
1.31573421793582,0.696665300452392,1.56947708129883
1.31736635038544,0.697822369469264,1.58063530921936
1.31897072322633,0.698980979524777,1.59182620048523
1.32058321073546,0.700149687547546,1.60308384895325
1.32219327995863,0.701296245515671,1.61433625221252
1.3237802023048,0.702448008765139,1.62551808357239
1.32537369048403,0.7036094221563,1.6372983455658
1.32698564116466,0.704782258721012,1.64901041984558
1.32862715927923,0.705944532058052,1.6632661819458
1.33023868799258,0.707106042495026,1.67483592033386
1.33185739933385,0.70827702945322,1.68670868873596
1.33347799133778,0.709428529892779,1.70006537437439
1.33507316901885,0.710583599382578,1.71385812759399
1.3366765115517,0.711748443102741,1.72498154640198
1.33829434932566,0.712922526231032,1.73684287071228
1.33994699136016,0.714090872286833,1.74871826171875
1.34156779180229,0.715256077417695,1.76261782646179
1.34319491535542,0.716430028323993,1.77428007125855
1.34483036595361,0.717588478907494,1.78600311279297
1.34643719949543,0.718748035687316,1.79873371124268
1.34805177937124,0.719917517630426,1.81222796440125
1.34966568281113,0.721065842215909,1.82385683059692
1.35125556346565,0.722218854249055,1.83601593971252
1.35285493467913,0.723382759695299,1.84842133522034
1.35447236183064,0.724554929452458,1.85941362380981
1.35611417231877,0.725719562105529,1.87056303024292
1.35772741264943,0.726882332637681,1.88152599334717
1.35934831080572,0.728054281954933,1.89452886581421
1.36097362982802,0.72920802666814,1.90554571151733
1.36257253575119,0.730364604084767,1.91679406166077
1.36418014314375,0.731531689724958,1.92872858047485
1.36582301571812,0.732697300170712,1.93988108634949
1.36742402166982,0.733850393570301,1.95193767547607
1.36902493720821,0.735045853098441,1.9637303352356
1.37064319651784,0.736222026918844,1.97496509552002
1.37228305952827,0.737381217416303,1.98612570762634
1.37389095113232,0.738541214529918,1.99726390838623
1.37550501453986,0.739710356227679,2.00838804244995
1.37711821466762,0.740859793130053,2.01948523521423
1.37867583886523,0.741973479431594,2.03079748153687
1.38024689887447,0.74316796997824,2.04190635681152
1.38186696502434,0.74434459502033,2.05298352241516
1.38350281090567,0.745505350358699,2.06416344642639
1.38510894664249,0.746667361139337,2.07516193389893
1.38672246745143,0.74783937397404,2.08631634712219
1.38833516660844,0.748990355754589,2.09759902954102
1.38992322870899,0.750145103670496,2.10857224464416
1.39151419004149,0.751310018007471,2.11962032318115
1.39313124824224,0.752487728469735,2.13090634346008
1.39477789293609,0.753655298962534,2.1419186592102
1.39639247713967,0.754820909802987,2.15307903289795
1.39801338268309,0.755995713948368,2.16428780555725
1.39963852870111,0.757152640789826,2.17525291442871
1.40123696437386,0.758312033661924,2.18628191947937
1.40284397517825,0.759481894701612,2.19754385948181
1.40448747028819,0.760651516283499,2.20853686332703
1.40608999145642,0.761801711702806,2.21961116790771
1.40769178314255,0.762998594714502,2.23092889785767
1.40931143586568,0.764177880408446,2.24185967445374
1.41095804835916,0.765341396721053,2.25292921066284
1.41257140238935,0.766505135288996,2.26411747932434
1.41419069000143,0.767678401028116,2.27520442008972
1.41581269800594,0.768832927528515,2.28633809089661
1.41740851443257,0.769990691104907,2.29758048057556
1.41901313925841,0.771159096514956,2.30861783027649
1.42065505881092,0.772328456634898,2.31964540481567
1.42225336706678,0.773474578076626,2.33093166351318
1.42385081359335,0.774671127864629,2.34191632270813
1.42547688172715,0.775850017298895,2.35293579101562
1.42711338791914,0.777009728166243,2.36410117149353
1.42871870571974,0.778170956487409,2.37515068054199
1.43033087855986,0.779342258804189,2.38624429702759
1.43194064187546,0.780491646021367,2.39751386642456
1.4335266004888,0.781646104200689,2.40852832794189
1.43511434620257,0.782810156941772,2.41958212852478
1.43672937541086,0.783985906829168,2.43087100982666
1.43837194699855,0.785151345481633,2.44199895858765
1.43998328828651,0.7863157947739,2.45314860343933
1.4416013142199,0.787489697752355,2.46505236625671
1.4432217699963,0.788644433297056,2.47878479957581
1.44481643045198,0.789802473315483,2.48972249031067
1.44641883987629,0.790970014022336,2.50165319442749
1.44805754373323,0.792137834434727,2.51440811157227
1.44965128146341,0.793283192346518,2.52540016174316
1.45124843747717,0.794476152050564,2.53640604019165
1.45287388567407,0.795654756997599,2.54761719703674
1.45450912274513,0.796814352950267,2.55861020088196
1.4561134184933,0.797975636452282,2.56966423988342
1.45772467705217,0.799147070677852,2.58092617988586
1.45933313524702,0.800296497908005,2.5919668674469
1.46091510581378,0.801451269940909,2.60313606262207
1.46250425969154,0.802615080956288,2.61440134048462
1.46411988732457,0.803791542190647,2.62535452842712
1.46576149459435,0.804956890587995,2.63640952110291
1.46737184984359,0.806121335185444,2.64764785766602
1.46898889659815,0.807295293560959,2.6586606502533
1.47060785319696,0.808449942573572,2.66973614692688
1.47220133774903,0.809608005038538,2.68096041679382
1.47380255119316,0.810775453827224,2.69187545776367
1.4754212148322,0.811953309005098,2.70292067527771
1.47707128252567,0.813125051847325,2.7142186164856
1.47868991202605,0.81429331192305,2.72519516944885
1.48031499604594,0.815470330072631,2.73625779151916
1.48194867480913,0.816631990605005,2.74758791923523
1.48355380091781,0.817794639751251,2.7585620880127
1.48516668122361,0.818967264609758,2.76962375640869
1.48677889542997,0.82011860683763,2.78085041046143
1.48836704945358,0.821274531059016,2.79182720184326
1.48996382491142,0.822440527729655,2.80287575721741
1.49158159459349,0.823616924058755,2.81408166885376
1.49322162960373,0.82478506242171,2.82506275177002
1.49483313722527,0.825950979648578,2.8363983631134
1.49645228735661,0.827126081841871,2.84767818450928
1.49807602175602,0.828283032627827,2.85870575904846
1.49967332687179,0.829442653966574,2.86979579925537
1.50127930131997,0.830612812115179,2.88099074363708
1.50243954872283,0.831294292389499,0.012285470962525
1.5032651306347,0.831706015813426,0.023250579833984
1.50365467188899,0.831837149383182,0.035073280334473
1.50385176563419,0.831897534833133,0.048950672149658
1.50400445275912,0.831955747159849,0.060180187225342
1.50414654936993,0.832014659433439,0.071743965148926
1.50428668605228,0.832073062508684,0.083489179611206
1.50431746382216,0.832071339051113,0.095280647277832
1.50438048186733,0.832123449336404,0.106217861175537
1.5044127405734,0.832140007138315,0.1172194480896
1.50452995164242,0.832180560772826,0.129948854446411
1.50457610148137,0.832102443408904,0.140904903411865
1.50467082994969,0.832076512017549,0.152677536010742
1.50478585197142,0.832104387361437,0.165390729904175
1.50490649471913,0.832140709910873,0.176842212677002
1.50503031000575,0.832178616108709,0.188541412353516
1.50515664619778,0.832217209105719,0.200601100921631
1.50528542120881,0.832256205808797,0.213902950286865
1.50532275057174,0.832266453437197,0.224802017211914
1.50536929776773,0.832301217514446,0.236650705337524
1.5054483580153,0.832302729831362,0.24904465675354
1.50552433040291,0.832300202788842,0.260157346725464
1.50559730060048,0.832295605275511,0.271430492401123
1.50566725215483,0.832289235906199,0.283459901809692
1.50573453965435,0.832281415776128,0.295108795166016
1.50580011497247,0.832273178098354,0.306087255477905
1.50582559100858,0.832278547081539,0.31716775894165
1.50586109705776,0.832301538709025,0.328901052474976
1.50587920754618,0.832295982933739,0.339866399765015
1.50594590580323,0.832283652061949,0.350965023040771
1.50601718746057,0.832270681950859,0.362669229507446
1.50608805150543,0.832256623300726,0.373686790466309
1.50616124682972,0.832243807782527,0.385284662246704
1.50618686794396,0.832214448824092,0.396753311157227
1.50615767147522,0.832191494437714,0.407642841339111
1.50614302425624,0.832190914153214,0.418944120407105
1.50613954777479,0.832181367030843,0.430450916290283
1.50613692969129,0.832153090820174,0.441441535949707
1.50613819264994,0.832139751308926,0.4526526927948
1.50621205298201,0.832130734165088,0.46477222442627
1.50629862092774,0.832122800583315,0.475842237472534
1.50638829492416,0.832112363401528,0.48771595954895
1.50647449535313,0.832141734378654,0.499192714691162
1.50655584483255,0.832170212750778,0.510261297225952
1.50663635952177,0.832197429584156,0.521472215652466
1.50671778829349,0.832223300112842,0.532687902450562
1.50680085631741,0.83224771283005,0.54374623298645
1.50694081272692,0.832241801622912,0.554893255233765
1.50708671957638,0.83223379399384,0.566013813018799
1.50723482313374,0.832223560466596,0.577167510986328
1.50734664902532,0.832246839222856,0.588297128677368
1.50743762758691,0.832267835519319,0.599380493164063
1.50752015365301,0.832286633153715,0.610554218292236
1.50759952622062,0.832303205319034,0.621636152267456
1.50773163319939,0.832280579767019,0.632758855819702
1.50786983971499,0.832263442399246,0.643895626068115
1.50797888064673,0.832243598516642,0.654941320419312
1.5080456689459,0.832269476908653,0.666064977645874
1.50807832764626,0.832267711327146,0.677241802215576
1.50809316084239,0.832274130065966,0.68836522102356
1.50808706473221,0.832275051519232,0.699485778808594
1.50813873616226,0.832278522357694,0.710609197616577
1.50821146325365,0.83224881330021,0.721759080886841
1.50830669397309,0.832226043817576,0.732865333557129
1.50842845647055,0.832197597327192,0.74407148361206
1.50852980581059,0.832219451863428,0.755202531814575
1.50856093920698,0.832225907410269,0.766156435012817
1.50861448825591,0.832232229529174,0.777134418487549
1.5087117696072,0.832229161664387,0.788926124572754
1.50879694736628,0.832199595109125,0.802435636520386
1.5088820668693,0.832177235160562,0.815088748931885
1.5089684105878,0.832144554937866,0.82629132270813
1.50904279909758,0.832104212183002,0.83768367767334
1.50905366845894,0.832123128938259,0.849694013595581
1.50908207391163,0.83212536303085,0.86050009727478
1.50913828015149,0.832117963371683,0.871759414672852
1.50917896008554,0.832106628019409,0.883332490921021
1.50918902076057,0.832092133170895,0.894090890884399
1.50918936938691,0.832068383777003,0.905409812927246
1.50917604700168,0.832034822885695,0.916756391525269
1.50913521951628,0.832057063983556,0.927566051483154
1.50909585359642,0.832063498542181,0.938562631607056
1.50907723415202,0.832056372174662,0.949880361557007
1.50904462294843,0.83204856833041,0.960862159729004
1.50900237196481,0.832040680916585,0.971859216690064
1.50895213754806,0.832032244629031,0.983027458190918
1.5088721486272,0.832022263377451,0.994017124176025
1.50874482927819,0.832073390516987,1.00511431694031
1.50862226420312,0.832104329288826,1.01637744903564
1.50854727673178,0.832106162478842,1.02744078636169
1.50847077528564,0.832107966941246,1.03850173950195
1.50843253501942,0.832080527279852,1.04985523223877
1.50841834252055,0.832053193352884,1.06085300445557
1.50837798117211,0.832050392368156,1.07184529304504
1.5083403112598,0.832062613833015,1.0831093788147
1.50832952739817,0.832040481435273,1.09409809112549
1.50831136104418,0.832018592834153,1.10516905784607
1.50829034054303,0.831996843010072,1.11635160446167
1.50827143671294,0.831975357732383,1.12742924690247
1.50825783725319,0.831954217510144,1.13849258422852
1.50825088343072,0.831933472648665,1.149827003479
1.50829571882367,0.831875047647151,1.16083598136902
1.50832207568614,0.831859394566026,1.17189717292786
1.50831425589666,0.831842491015874,1.18304491043091
1.50829329521755,0.831825681915727,1.19406819343567
1.50826996369515,0.831809413464188,1.20523309707642
1.5082902657192,0.831750229169775,1.21652626991272
1.50831183272394,0.831694021919491,1.22756814956665
1.50826690398365,0.831695035781222,1.23864054679871
1.50816750815947,0.831768515418796,1.2499270439148
1.50803959623291,0.831818008317842,1.26088738441467
1.50791939151053,0.83185799323876,1.27187371253967
1.50784284342704,0.831859897820101,1.28300786018372
1.50775952592126,0.831867797813649,1.29408025741577
1.50767120662238,0.831879276950458,1.30521178245544
1.50756875685516,0.831947696109478,1.31647229194641
1.50745114124264,0.832004864643231,1.32747411727905
1.50755159881253,0.831711065349008,1.33859086036682
1.50776828299954,0.831245296005733,1.35000491142273
1.50811677386358,0.830646340027521,1.36102795600891
1.50878919901561,0.829925669335128,1.37264752388
1.50977120248859,0.828994702016856,1.38469433784485
1.51093087876616,0.827996727397142,1.39873003959656
1.51226832994296,0.826932022900663,1.41021943092346
1.51369975737095,0.825865845590442,1.42210030555725
1.51512894917371,0.824794614880927,1.43329215049744
1.51656383122793,0.823726712614903,1.44414067268372
1.51800641098873,0.822673698745648,1.45563459396362
1.5194211486999,0.821612358941163,1.46670460700989
1.52084021666225,0.820550253537444,1.47750067710876
1.52227619889695,0.819478878275865,1.48872947692871
1.52373336344937,0.818419246512047,1.50076365470886
1.52516433251105,0.817345153213062,1.51436257362366
1.52660314753776,0.816273327793307,1.52528214454651
1.52806462700339,0.815192986079691,1.53696489334106
1.52954933454776,0.814122198308147,1.54847264289856
1.53101129941576,0.813035878472062,1.55974626541138
1.53247016408632,0.811953184919673,1.57095313072205
1.53395464455286,0.810861777047332,1.58248782157898
1.53544845216461,0.809787869094765,1.59358429908752
1.5369177677112,0.808707706681122,1.60458850860596
1.53839730390014,0.807617733279343,1.61585307121277
1.53989760088214,0.806517785803143,1.62700843811035
1.54141895912047,0.805427318978933,1.63818836212158
1.542914913322,0.804334999965877,1.64947295188904
1.54442180046574,0.803232868955749,1.6606707572937
1.54592285160698,0.802151391642588,1.67172718048096
1.54740227084998,0.801062834428267,1.68289828300476
1.54888973364639,0.799961402818636,1.69398713111877
1.55040872238743,0.798849157915806,1.70512437820435
1.5519432252359,0.797751516507012,1.71634888648987
1.55345337441929,0.796649589148132,1.72736978530884
1.55496864724181,0.795537574700064,1.73850512504578
1.55651146272171,0.794417479223223,1.74990510940552
1.55808271694592,0.793303152374949,1.76085114479065
1.55962576017279,0.792188082138484,1.77187895774841
1.56117886986471,0.791063619993258,1.78305101394653
1.56273269609026,0.789955244665656,1.7940046787262
1.56426089700818,0.788840786717934,1.80502843856812
1.56580123714536,0.787716017575702,1.81624221801758
1.5673600779765,0.78658715564034,1.82733035087585
1.568935925076,0.78548898854177,1.83848452568054
1.57047702724533,0.784370751913401,1.8497896194458
1.57205918387408,0.78320672873638,1.86086845397949
1.57364919995684,0.782057675615058,1.87189435958862
1.5752670967382,0.780931007059388,1.88311839103699
1.57684854296444,0.779785928991293,1.89417576789856
1.5784377708232,0.778642587226681,1.90536093711853
1.58001253001111,0.777533305303219,1.91663837432861
1.58157577904217,0.776377146406166,1.92766332626343
1.583160481271,0.775219261388862,1.9387629032135
1.5847796977099,0.774034721038871,1.94996953010559
1.58640919470918,0.772897823998898,1.96112036705017
1.58801168024911,0.771748642570628,1.97217345237732
1.58961352783968,0.770593231317605,1.98318481445313
1.59122177019003,0.76944167290059,1.99451398849487
1.59287457092678,0.768290937787838,2.00574254989624
1.59448957477344,0.767142945247799,2.016756772995
1.59609971202907,0.765992053564866,2.02844142913818
1.59775185863717,0.764844797721035,2.03973984718323
1.59937622111516,0.763693210652739,2.05143117904663
1.60100189993457,0.762531150979563,2.06510329246521
1.6026277696616,0.761391080621336,2.0764946937561
1.60422585938767,0.760219473180119,2.08765125274658
1.60582631959055,0.759063826194218,2.09963369369507
1.60741813402134,0.757930898175724,2.11047053337097
1.60905295679159,0.756790709078127,2.12163496017456
1.61067065211633,0.755601114097473,2.13339614868164
1.61232727388325,0.754427231884189,2.14434719085693
1.61396605444254,0.753284592650256,2.15550208091736
1.61557568634791,0.752128935178747,2.16676926612854
1.61717822685562,0.750968798734821,2.17778301239014
1.61878772992008,0.749818706366868,2.18889832496643
1.62042751592129,0.748676912359235,2.20003390312195
1.62204072444798,0.747531716541104,2.21102404594421
1.62367689031037,0.746360971789927,2.22219300270081
1.62531557230798,0.745213380587676,2.23341941833496
1.62693104788474,0.744053714222736,2.24452662467957
1.62855098423944,0.742887649180133,2.25569701194763
1.6301723387902,0.74174710694108,2.2668194770813
1.63177271641771,0.740592562033345,2.27786159515381
1.63337458123504,0.739433433765037,2.28899073600769
1.63498008748022,0.738278211463291,2.30009984970093
1.63662506525513,0.737126900940282,2.31109380722046
1.63827489706441,0.735905777200794,2.32215070724487
1.63991784227703,0.734729770046031,2.33334851264954
1.64154998738348,0.733585756488418,2.34442472457886
1.64315706797178,0.732429022358068,2.35557842254639
1.64476414815159,0.73126560385219,2.3667848110199
1.64637679755934,0.730107747467958,2.37777018547058
1.64802504955158,0.728958053376099,2.3889148235321
1.64964097385681,0.727800786723963,2.40009117126465
1.65125462611924,0.726654695560121,2.41113638877869
1.65289799503119,0.725507447024767,2.42234992980957
1.65453008354881,0.724313245099712,2.43360114097595
1.65615916678215,0.723140688589075,2.44482159614563
1.65778230911417,0.721999089380644,2.45593237876892
1.65937719046262,0.720844074040917,2.4670717716217
1.66098003770207,0.719682993912186,2.47832942008972
1.66259476986385,0.718526542554056,2.48948907852173
1.66423964087388,0.717379382898608,2.5006308555603
1.66585112480792,0.716224468884734,2.51211547851562
1.66745993302055,0.715078876476355,2.52303004264832
1.66909180208632,0.713933342271716,2.53411722183228
1.67071679774024,0.712750392572053,2.54584431648254
1.67233727346756,0.711560818461883,2.55684900283813
1.67396082523325,0.710398865176392,2.56871199607849
1.67562528157228,0.709242446439561,2.58272576332092
1.67725683021306,0.708082425695716,2.59372282028198
1.6788792549603,0.706934416802931,2.60480093955994
1.68053236524119,0.705784114906427,2.6166615486145
1.68214138105348,0.704636075397556,2.62752747535706
1.68374435820189,0.703493928540072,2.63862252235413
1.68535337714089,0.702365615193412,2.6499662399292
1.68695181688197,0.701194677351466,2.66102123260498
1.68855477079838,0.699992754659918,2.67208337783813
1.69016274254951,0.698846940679795,2.68331599235535
1.69181223623346,0.697696737925247,2.69436240196228
1.69342371065507,0.696542895033121,2.70547080039978
1.69502819431683,0.695400071621837,2.71666502952576
1.69666070795502,0.694256235340761,2.72762727737427
1.69826865614691,0.693095121002091,2.73883509635925
1.69987639077536,0.691909436120027,2.75006794929504
1.70150244140683,0.690720497508081,2.76112794876099
1.70315858187852,0.689568268025845,2.77225017547607
1.70477642401911,0.688409013470907,2.78337740898132
1.70638824893279,0.687259452672939,2.79434108734131
1.7080220025861,0.686110611698054,2.8053879737854
1.70962033268901,0.684959879497876,2.81658458709717
1.71119854855411,0.683807251576448,2.82753682136536
1.71280740866211,0.682657027056008,2.83862376213074
1.71446602040126,0.681500078055163,2.8499903678894
1.71608605447074,0.680340968953493,2.86098694801331
1.7177030070107,0.679189860715223,2.87205934524536
1.71934027535604,0.678039327008112,2.88327765464783
1.72094503796044,0.676885078235449,2.89428782463074
1.72252951583253,0.675731378814226,2.90542459487915
1.72413189825953,0.674578158137163,2.91662216186523
1.72578190995406,0.673421230109299,2.92759895324707
1.72740754452741,0.672253857167032,2.93865156173706
1.72902455792392,0.671090959225724,2.94993352890015
1.73065433434165,0.669943228230792,2.96096777915955
1.73225528129082,0.668785789934511,2.97201943397522
1.73385220186678,0.667630869784271,2.9832124710083
1.73546592132825,0.666469125581537,2.99416613578796
1.73710258061106,0.665325937352975,3.00531077384949
1.73867646905896,0.664227783035892,3.016597032547
1.74027827827258,0.663056816455944,3.02752232551575
1.74193944363176,0.661889467927638,3.03862333297729
1.74355549742941,0.660726125517344,3.04995489120483
1.7451662195833,0.659578354885554,3.06090497970581
1.74681172659447,0.658373365488438,3.07201027870178
1.7484671164124,0.657221438719772,3.08322525024414
1.75008447554587,0.656071403492178,3.09417104721069
1.75168442759967,0.654954074108267,3.10531520843506
1.7532936351374,0.653823723782898,3.116619348526
1.75488078351025,0.65268146212042,3.12765717506409
1.75647930127004,0.651525617266759,3.1388669013977
1.75810169953459,0.650360221950449,3.15003538131714
1.75974749057685,0.649208011937581,3.16109871864319
1.7613652837089,0.648059589907583,3.17213249206543
1.76299189429209,0.646904304215021,3.18389081954956
1.76462119811288,0.645763521178263,3.1967556476593
1.76622250962894,0.644619932895706,3.2077157497406
1.76783196426645,0.64346605400258,3.21972823143005
1.76948187879797,0.642309097786778,3.232825756073
1.77109062440183,0.641151632513034,3.24373412132263
1.77269317228873,0.640008191139536,3.25483751296997
1.77431590075404,0.638850048735769,3.26605987548828
1.77595656702148,0.637702928864491,3.27729082107544
1.77756836049782,0.636553973872847,3.2884156703949
1.77918808731448,0.635397039551379,3.29964375495911
1.78081019116492,0.63425904826829,3.31078171730041
1.78238881584424,0.633136123257846,3.32208323478699
1.7839851092214,0.631981916790346,3.33340525627136
1.78561267364957,0.63082098506011,3.34447312355041
1.78725937994403,0.629671352626055,3.35553359985352
1.78884591681318,0.628563015032883,3.36669635772705
1.79043722333308,0.627414065621124,3.37780952453613
1.79207163865756,0.626263014755054,3.38890695571899
1.79368594716686,0.625103286195272,3.40005922317505
1.79529235895316,0.623957818274926,3.41104984283447
1.79691573682386,0.622814414731949,3.42214560508728
1.79856139016523,0.621665293985176,3.43332433700562
1.80017777082812,0.620513135930255,3.44433522224426
1.80180186723407,0.619352930997302,3.45537257194519
1.80343333397872,0.618211700574814,3.4666256904602
1.80500851057435,0.617108451005337,3.47763299942017
1.8065865160203,0.615971511002346,3.48875522613525
1.80820895010806,0.614815360948865,3.50010514259338
1.80985830202573,0.613664781625836,3.51104283332825
1.81148122401171,0.612518356276933,3.52221345901489
1.81311282228597,0.611364165774428,3.53341960906982
1.81474925642199,0.610222538395848,3.54436135292053
1.81635757769449,0.609077738015458,3.55542945861816
1.81797400487981,0.607923240379464,3.56674981117249
1.8196280579668,0.606768919372191,3.57775902748108
1.82124343606204,0.605616183534877,3.58891177177429
1.82284701743888,0.604478820298836,3.60007333755493
1.82447151494401,0.603320824361734,3.61097407341003
1.82611817529432,0.602172548683289,3.62209820747375
1.82773507859947,0.601022916308346,3.6333315372467
1.82935943555472,0.59986543633472,3.64430999755859
1.83098972946508,0.598724965767592,3.65533089637756
1.83259151807596,0.597579841381409,3.66655850410461
1.83389608777747,0.596803424224052,0.018737554550171
1.83487360557657,0.59632242853445,0.030940532684326
1.83544006744325,0.596071507780978,0.041793823242188
1.83563996076831,0.596042474373206,0.05381441116333
1.83577484200524,0.596097505495272,0.066680669784546
1.83580937658581,0.596107313831092,0.077935934066773
1.83582183542089,0.596119520926653,0.089266538619995
1.83582300797464,0.596133047737711,0.100415229797363
1.83581739098432,0.596191077046664,0.113056659698486
1.835819890662,0.596219370279544,0.124006271362305
1.83581690053163,0.596246504014275,0.135777711868286
1.83576603410675,0.596215418178139,0.148532629013062
1.83589642591558,0.596179207510676,0.159898996353149
1.83605691983966,0.596147326121198,0.171188592910767
1.83629877661145,0.596070543820316,0.183250904083252
1.83647149499978,0.59598466019898,0.194084405899048
1.83668831449505,0.595970808301533,0.205172300338745
1.83685463905929,0.596005848796194,0.216362476348877
1.8369976258919,0.59594414066504,0.227446317672729
1.83714327108185,0.595886459316167,0.238514184951782
1.83736032687507,0.59590228277573,0.249770641326904
1.83755174479517,0.595862276043814,0.260808706283569
1.83769702376976,0.595838064257165,0.27186918258667
1.83791708221719,0.595888155864938,0.28315806388855
1.83814819540497,0.595869158025795,0.294156074523926
1.83831363320726,0.595863753468879,0.305225849151611
1.83845387007186,0.595875401603248,0.316409587860107
1.83863042924044,0.59581835219788,0.327401638031006
1.83896501112718,0.595773124285814,0.338446617126465
1.83944454449912,0.595738780312007,0.349631786346436
1.84003245963183,0.595703783442055,0.360758543014526
1.84068957200926,0.595669404376834,0.371917724609375
1.84139390236945,0.595635442416897,0.383200407028198
1.84213351815464,0.59560175850123,0.394247770309448
1.84290232723698,0.595568250261365,0.405281066894531
1.8436977667806,0.595534844371398,0.416463136672974
1.84451989054922,0.595501508181017,0.427534341812134
1.84531215354214,0.595467842884861,0.438888072967529
1.84606379247023,0.595433932120233,0.45009970664978
1.84680305357893,0.59540002701037,0.461096048355103
1.84754455396254,0.59536627491985,0.472288846969605
1.84829697388481,0.595332720860811,0.483478784561157
1.8490666179839,0.595299320446282,0.494477272033691
1.84985617196988,0.595266035393133,0.505568027496338
1.85066721520539,0.595232803836245,0.516745090484619
1.85150265537289,0.595199615363265,0.527670383453369
1.85230964141292,0.595166189459202,0.53877592086792
1.85307401933102,0.595132503214965,0.550051212310791
1.8538250554195,0.595098809414575,0.56121039390564
1.85457859272167,0.595065231962775,0.572334289550781
1.85534352704725,0.595031806456908,0.583474636077881
1.85612520950277,0.59499852652533,0.594539642333984
1.85692713089812,0.594965362043132,0.60565447807312
1.85775184168056,0.594932268207632,0.616738557815552
1.85854219622801,0.594898775512536,0.627718925476074
1.85929166970098,0.594865053626545,0.638804912567139
1.86002746320738,0.594831389508441,0.649986982345581
1.86076629051196,0.594797882648297,0.661000728607178
1.86151713383189,0.594764544283593,0.672088146209717
1.86228469829573,0.594731364324348,0.683324337005615
1.86307202664392,0.594698318502458,0.694280624389648
1.86388133051778,0.594665371373628,0.705303907394409
1.86471382534181,0.594632460967462,0.716449499130249
1.86551651968952,0.59459920112616,0.728090763092041
1.86627713419527,0.594565722752572,0.741782903671265
1.86702466672787,0.594532251069399,0.753729820251465
1.86777478289264,0.594498907199901,0.766146659851074
1.86853626483666,0.594465727307534,0.777038812637329
1.86931399093275,0.594432720833285,0.788473606109619
1.87011137799657,0.594399866547165,0.800036430358887
1.87093172471082,0.594367095841165,0.81083345413208
1.87176180222533,0.59433503553937,0.821857452392578
1.87255155279552,0.594301620197176,0.833063125610352
1.87331013582128,0.594268025904191,0.844202518463135
1.87406151395311,0.59423447909484,0.855302810668945
1.87481881259494,0.594201066981757,0.866600513458252
1.87558954855356,0.594167807565395,0.87762188911438
1.87637835243204,0.594134688146637,0.888538360595703
1.87718833410998,0.59410167548185,0.899579048156738
1.87800570373349,0.594069497725443,0.910785436630249
1.87877914361929,0.59403572168782,0.921800136566162
1.87952323035705,0.594001834235423,0.932900905609131
1.88026085396765,0.593968020749079,0.944145679473877
1.8810047190308,0.593934375593176,0.955183982849121
1.88176191996562,0.593900923953239,0.966449975967407
1.88253673712323,0.593867653846005,0.977519750595093
1.88333124903606,0.593834560212188,0.988515853881836
1.88414835748422,0.593801576720013,0.999667406082153
1.88497631494294,0.593769412683165,1.01080346107483
1.88576302028738,0.593735828281121,1.02185606956482
1.88651862140886,0.593702082446619,1.03299331665039
1.88726701914327,0.593668390742907,1.04416346549988
1.88802128057866,0.593634840145703,1.05521583557129
1.88878802570547,0.593601407919011,1.06636333465576
1.88957308414581,0.593568127120134,1.07743549346924
1.89037948358526,0.593534974409586,1.08884811401367
1.89120888224869,0.593501899233112,1.09998607635498
1.89200683651903,0.59346845556974,1.1109824180603
1.89276316816359,0.593434854578739,1.12214374542236
1.89350665514885,0.59340127485722,1.13336181640625
1.89425152125622,0.593367881756096,1.14433908462524
1.89500836251517,0.593334669507633,1.1555540561676
1.89578236492451,0.593301616482428,1.16675233840942
1.89657653952556,0.593268697768563,1.17768144607544
1.89739277759432,0.593235877341785,1.18865180015564
1.89821836392247,0.593203851029097,1.19985747337341
1.89900247642417,0.59317031565045,1.21087694168091
1.89975578659915,0.593136650836343,1.22200727462769
1.90050204287758,0.593103051166711,1.23328495025635
1.9012542061958,0.593069601974743,1.244304895401
1.90201967859334,0.593036322781273,1.25543189048767
1.90280301315076,0.593003203143394,1.26668620109558
1.90360702535136,0.592970208272,1.27762484550476
1.90443181619301,0.592937294593712,1.28872895240784
1.90522516860757,0.592903919752109,1.30004906654358
1.90597701483953,0.592870477153405,1.31165528297424
1.90671673170637,0.59283708317301,1.32278537750244
1.90745976940519,0.592803830142025,1.33378338813782
1.90821455862155,0.592770748229393,1.34600472450256
1.90898601669046,0.592737831378583,1.35696125030518
1.90977731058937,0.592705058339161,1.36820650100708
1.91059023403688,0.592672395799582,1.37967658042908
1.9114121202287,0.592640577586618,1.39078688621521
1.91219179626556,0.592607142130734,1.40211176872253
1.91294098414915,0.592573618039428,1.41343712806702
1.91368325772344,0.592540171035757,1.42433524131775
1.91443144057441,0.592506884298601,1.43556690216064
1.9151921704763,0.592473804201992,1.44746708869934
1.91597051046913,0.592440912849917,1.45843768119812
1.91676901668146,0.592408120900942,1.46996998786926
1.91759033877114,0.592375423988145,1.48240804672241
1.91842396318359,0.592343554798086,1.49354267120361
1.91921656544009,0.592310241098744,1.50492238998413
1.91997790199499,0.592276798921723,1.51612973213196
1.92073203932242,0.592243418813068,1.52730011940002
1.92149217092647,0.592210183621271,1.53866934776306
1.92226585471879,0.592177111844746,1.54999589920044
1.92305774852258,0.592144192550459,1.56110382080078
1.92387038075094,0.592111394703265,1.57226753234863
1.92469158942127,0.592079478984554,1.58339929580688
1.92546906320847,0.592045925572147,1.59437155723572
1.92621657241563,0.592012327556298,1.60544371604919
1.92695746685583,0.591978815598738,1.61661553382874
1.92770387239772,0.591945488974223,1.62756204605103
1.92846305939858,0.591912378791833,1.63869786262512
1.92924051412818,0.59187942140956,1.64994239807129
1.93003815862993,0.591846577298837,1.66087293624878
1.93085843097681,0.591813837373139,1.67199397087097
1.93169090642356,0.591781951511934,1.68332672119141
1.93248202013614,0.591748567708388,1.69425249099731
1.93324197351352,0.591715071992249,1.70530462265015
1.93399477334973,0.591681643822232,1.71648597717285
1.93475356740919,0.591648365026143,1.72749423980713
1.935525881033,0.591615254579884,1.73854517936707
1.93631630184943,0.591582302455908,1.74967384338379
1.93712731406914,0.591549478489863,1.76076745986938
1.93794686792415,0.591517565050869,1.77183508872986
1.93872237349917,0.591483956076986,1.78323650360107
1.93946800315135,0.591450322946789,1.7942111492157
1.94020554170623,0.591416847377398,1.80526375770569
1.94095023029541,0.591383540853485,1.81642627716064
1.94170886204401,0.591350411301107,1.82748341560364
1.94248549099226,0.591317447925632,1.83856344223022
1.94328193750592,0.591284609334606,1.84969830513001
1.94410000325937,0.591251859117368,1.86076402664185
1.94493011782118,0.591219996019252,1.87187552452087
1.94571844129379,0.591186572704523,1.8831639289856
1.94647589208608,0.591153063002534,1.89422011375427
1.94722633298796,0.591119628539937,1.90525150299072
1.94798280712451,0.591086349800084,1.91639494895935
1.94875276926622,0.591053246193438,1.92751336097717
1.94954070959189,0.591020309118083,1.93935918807983
1.95034849432861,0.590987529237522,1.95388197898865
1.95116435403567,0.590955714097576,1.96624183654785
1.95197780135484,0.590923522644827,1.97709083557129
1.9527653084025,0.590889727968164,1.98844146728516
1.95352949282948,0.590856220231498,2.0001072883606
1.95429162517878,0.590823630760897,2.01129722595215
1.95506142022969,0.590791320622606,2.02265930175781
1.95584565155483,0.590759267185522,2.03387022018433
1.9566493071702,0.590726486225638,2.04602384567261
1.95747499244995,0.590693039368927,2.05710339546204
1.95830718960339,0.590660794755317,2.06834387779236
1.95909535259023,0.59062714628041,2.07983160018921
1.95985322470702,0.590593418832552,2.09088683128357
1.96060444094951,0.590559766384702,2.10227394104004
1.96136189283954,0.590526265576146,2.11373901367187
1.9621329772793,0.59049293612658,2.12469434738159
1.96292224472245,0.590459767533834,2.1359486579895
1.96373210025094,0.59042673061569,2.14802765846252
1.96455032562877,0.590394621148887,2.15910720825195
1.96532442071827,0.590360777529242,2.17122864723206
1.96606882000988,0.590326920356553,2.18273687362671
1.96680521640633,0.590293217365082,2.19379019737244
1.9675484428622,0.59025969267409,2.2049286365509
1.9683056510703,0.590226347262578,2.21612977981567
1.969079970669,0.590193129359395,2.22726583480835
1.96987504730418,0.590160063946935,2.23834800720215
1.97069220471347,0.590127114076678,2.24948930740356
1.97152088541073,0.590095074520093,2.26057386398315
1.97230731622482,0.590061432956231,2.27167630195618
1.97306295302613,0.590027716700458,2.28286910057068
1.9738116040754,0.589994078876387,2.29398226737976
1.97456626262635,0.589960599906479,2.30545616149902
1.97533434712768,0.589927299686919,2.31667876243591
1.97611931477883,0.589894209420673,2.32764410972595
1.976925193733,0.589861258152049,2.33876776695251
1.97773916121385,0.5898292742437,2.34998464584351
1.97855055781609,0.589796916568406,2.36093926429749
1.97933548481855,0.589762932234966,2.37206721305847
1.98009717017313,0.589729246566349,2.38340091705322
1.98085684207835,0.589696478775388,2.39437222480774
1.98162321757425,0.589664102374929,2.40548253059387
1.98240406975166,0.589632004427948,2.41665434837341
1.98320564194694,0.589598675524174,2.42763686180115
1.98402996463821,0.589565250928607,2.43873763084412
1.98486109780632,0.589533090011523,2.44995427131653
1.98564770314703,0.589499388723354,2.4609067440033
1.9864034728427,0.589465612902339,2.47203493118286
1.98715225005798,0.589431912470375,2.48337697982788
1.98790701654481,0.589398366424515,2.49433588981628
1.98867520787105,0.58936499630747,2.50540590286255
1.98946138559811,0.589331792667514,2.51670503616333
1.99026801778684,0.589298728022457,2.52766275405884
1.99108196795298,0.589266644445113,2.53941321372986
1.99188741818911,0.589234464322611,2.55113935470581
1.99267267164791,0.58920050301736,2.56456589698791
1.99343406067319,0.589167040139177,2.57554388046265
1.99419167359017,0.589134483419615,2.58707523345947
1.99495728569485,0.58910223748797,2.5985701084137
1.99573803583431,0.589070224170934,2.60996389389038
1.99653915709268,0.589037083141579,2.62120079994202
1.99736299586574,0.589003698901722,2.6325740814209
1.99819322582772,0.588971590903828,2.64371657371521
1.99897901775526,0.588937936608913,2.65478801727295
1.999734252353,0.588904200677196,2.66602444648743
2.00048263872187,0.588870538695237,2.67704010009766
2.00123708226947,0.588837030055275,2.68821167945862
2.00200497736199,0.588803696000253,2.69942617416382
2.00279086204939,0.588770526646243,2.71047163009644
2.00359731476206,0.588737493982214,2.72149348258972
2.00441109211028,0.588705441200329,2.73273944854736
2.00521571337174,0.588673230776895,2.74390029907227
2.00600046807957,0.588639574674793,2.75502347946167
2.00676084678018,0.58860621001617,2.76618981361389
2.00751743520205,0.588572598050703,2.77734208106995
2.00828507035047,0.588539981670277,2.7884476184845
2.00906624960681,0.588507645308211,2.79957270622253
2.00986580336702,0.588474748472141,2.81079292297363
2.01068818955799,0.588440837046918,2.82189917564392
2.01151592322701,0.588408350365657,2.83311986923218
2.01229982949804,0.588374235138108,2.84420776367187
2.01305394490076,0.588340041898541,2.85537433624268
2.01380162940803,0.588305923801161,2.86670541763306
2.01455558585107,0.588271958205058,2.87765622138977
2.01532310141328,0.588238165909516,2.88883686065674
2.0161085268847,0.588204530717371,2.90002179145813
2.01691385095763,0.588170996258018,2.91103482246399
2.01772771580639,0.58813847683413,2.92208456993103
2.01853058307093,0.588105727818787,2.9333381652832
2.01931541651045,0.588072234076974,2.94432330131531
2.02007577445216,0.588038258974014,2.95554780960083
2.02083259706034,0.588004132944135,2.96679282188416
2.02159976139973,0.587970908316268,2.97775626182556
2.02238065693907,0.587937940365041,2.98879098892212
2.02317956447109,0.587905334764374,2.99999666213989
2.02400127071497,0.58787080267786,3.01099133491516
2.02482883805192,0.587837699165345,3.02208209037781
2.02561292946693,0.587802966629031,3.03332495689392
2.02636728720925,0.58776814477047,3.04434967041016
2.02711524460953,0.58773339325293,3.05542635917664
2.02786949102286,0.587698790453873,3.06669735908508
2.0286373064613,0.587664356738577,3.07765817642212
2.0294225750514,0.587630054844999,3.08867478370666
2.03022862051068,0.587595872913346,3.09997248649597
2.03105766383505,0.58756178122025,3.11098909378052
2.03185509546793,0.58752725069843,3.12204384803772
2.03261011901578,0.587492662341648,3.13327646255493
2.03335276063757,0.587458131610028,3.14421916007996
2.03409891884898,0.587423741183555,3.15565633773804
2.03485698944028,0.587389519948358,3.16679763793945
2.03563187250808,0.587355462157412,3.17785549163818
2.03642668871881,0.587321546942524,3.18905901908875
2.03724315931812,0.587287740731414,3.20070743560791
2.03806910109033,0.587254786765895,3.21301913261414
2.0388531528807,0.587220216498304,3.22402596473694
2.03960663815514,0.587185551164118,3.23565316200256
2.04035322099432,0.587150958544232,3.24806451797485
2.04110579281746,0.587116522207656,3.25916337966919
2.04187170846113,0.587082262715142,3.27093005180359
2.04265472197311,0.58704819902258,3.28281402587891
2.04345838967876,0.587014284347616,3.29397082328796
2.04428479123373,0.586980457230117,3.30499696731567
2.04512317421843,0.586947412948888,3.31618499755859
2.04592128239912,0.586912949119582,3.32729339599609
2.04668813320791,0.586878350332711,3.33843779563904
2.04744786332397,0.586843809525451,3.34960293769836
2.04821373266789,0.586809408817089,3.3607439994812
2.04899334971095,0.586775166161373,3.37183451652527
2.04979125457713,0.586741070380822,3.38308215141296
2.05061007493056,0.586707088205926,3.39420342445374
2.05143842217318,0.58667396715745,3.40529704093933
2.0522237783383,0.586639270258568,3.41663765907288
2.05297885498786,0.586604499177539,3.42761635780334
2.05372723895791,0.586569804106431,3.43874716758728
2.05448176903845,0.586535264688702,3.45000505447388
2.05524978098084,0.586500901234418,3.46096038818359
2.05603578885815,0.586466704734291,3.4720184803009
2.05684221763817,0.586432650794633,3.48330402374268
2.05765535010515,0.586399612117143,3.4942684173584
2.05846103987808,0.586366417075586,3.50528883934021
2.05924654731531,0.586331354375447,3.51654481887817
2.06000821291359,0.586297075570258,3.52759313583374
2.06076531552241,0.586263505632713,3.53872585296631
2.06153101514351,0.58623020423206,3.55002498626709
2.06231176662644,0.586197133392133,3.56106853485107
2.0631126750436,0.586162885709367,3.57224535942078
2.06393633014043,0.586128425785413,3.58336067199707
2.06476606919696,0.586095333235076,3.59429407119751
2.06555122564472,0.586060618092008,3.60542035102844
2.06630595866404,0.586025822078073,3.61670351028442
2.06705391543586,0.585991098698015,3.62769937515259
2.06780795166741,0.585956527732273,3.63884377479553
2.06857543128581,0.585922131506225,3.65002369880676
2.06936052171353,0.585887884856768,3.6610119342804
2.07016523495661,0.585853773271865,3.67217874526978
2.07097843725853,0.585820704418943,3.683349609375
2.0717818794353,0.58578737448361,3.69430494308472
2.07256673948417,0.585752731077131,3.70538926124573
2.07332695198797,0.585718298690672,3.7166211605072
2.07408349270414,0.585683601840951,3.72764205932617
2.07485085104809,0.58564988961533,3.73876190185547
2.07563158877876,0.585616458032216,3.75002408027649
2.0764306177207,0.585582098815955,3.76100921630859
2.07725240378031,0.585547041071114,3.77221155166626
2.07807911264039,0.58551356717614,3.78338313102722
2.07886202722222,0.585478357370203,3.79447460174561
2.07961525690607,0.585443065593316,3.80560398101807
2.08036209668874,0.585407845391528,3.81684160232544
2.08111520102241,0.585372775707957,3.82789039611816
2.08188122305589,0.585337848369141,3.83898115158081
2.08266522427797,0.585303072679801,3.85016989707947
2.08347038683145,0.58526844114506,3.86109519004822
2.08429765110305,0.585233926253183,3.87223625183105
2.08513709901853,0.585200242205794,3.88342833518982
2.08593661865848,0.585165176109732,3.89440989494324
2.08645712240914,0.585151017461885,0.019048929214478
2.08679795061313,0.585141400192381,0.03007173538208
2.08700927488264,0.58513468195653,0.041857719421387
2.08713849663664,0.585127950120607,0.055138349533081
2.08722492420282,0.585119749890062,0.066382169723511
2.08729342991833,0.585111885000235,0.07817816734314
2.08734350703361,0.585102694427438,0.089272499084473
2.08738600797932,0.585092234031997,0.100034236907959
2.0874260907499,0.585080426076658,0.110986232757568
2.08746686930422,0.585066285900444,0.122081995010376
2.08750912531727,0.585049929957087,0.13307785987854
2.08754520896433,0.585032212471072,0.144150495529175
2.08752767373155,0.585044694813551,0.155392408370972
2.08749755221248,0.585053549791297,0.166393756866455
2.0874636387839,0.585062937820082,0.177529811859131
2.08742729572387,0.585071866312459,0.188792943954468
2.08738902719392,0.58508032958888,0.200032472610474
2.08736980537374,0.585075371099841,0.212579250335693
2.08736802123886,0.585055881067675,0.224003553390503
2.0873792144488,0.585012057411916,0.235404014587402
2.08738834244087,0.584993186116303,0.24635910987854
2.0874014445987,0.58496998535109,0.257670402526856
2.0874197660895,0.584954785017715,0.268965721130371
2.08743859187806,0.584940660191976,0.280051708221436
2.08745428844801,0.584929923529742,0.291254758834839
2.08746552702362,0.584919533737014,0.302915573120117
2.08747930070773,0.584907993619068,0.313875198364258
2.08749373869792,0.584896328824202,0.325248003005981
2.08750580560428,0.584884657529479,0.337664842605591
2.08746839447413,0.584899965842587,0.348951816558838
2.08741587221844,0.584908215220521,0.360560655593872
2.0873582170114,0.584913839876688,0.372149229049683
2.08730183052958,0.584920191912366,0.383158922195435
2.08724551944574,0.584926879124739,0.394201278686523
2.08721700904522,0.584920257922523,0.405485391616821
2.08719177048829,0.584913842352701,0.416499614715576
2.08716779764246,0.584907505703912,0.427563428878784
2.08714441781876,0.584901240471981,0.438835382461548
2.08712146164143,0.584895049633285,0.449796915054321
2.0870989407903,0.584888942141252,0.460866212844849
2.08707693373305,0.584882928957325,0.472164630889893
2.08705555151092,0.584877021906552,0.48304009437561
2.08703492847444,0.584871232896543,0.494060039520264
2.08701522244724,0.584865573410208,0.505186557769775
2.08699661341548,0.584860054061899,0.516329526901245
2.08697916769642,0.58485467204535,0.527369976043701
2.08696309614893,0.584849433722807,0.538472652435303
2.08699014200205,0.584828635299338,0.549562931060791
2.08697999234157,0.584825624138946,0.560600757598877
2.08694215948963,0.584822716027964,0.571707487106323
2.08699298807193,0.58472210629184,0.58286452293396
2.08718511488663,0.58459065103144,0.593892097473145
2.08746341026311,0.584448773891369,0.605065584182739
2.08774970563324,0.584323225990354,0.6162269115448
2.08804739688099,0.584196972710401,0.62733006477356
2.08835297619159,0.584070758839781,0.638482809066772
2.08866667914588,0.583944692864113,0.650097846984863
2.08898879191973,0.583818798114127,0.663762331008911
2.08931962708652,0.583693069228817,0.675873041152954
2.08965953094763,0.583567492746276,0.688568830490112
2.09000887064242,0.58344205353235,0.699476718902588
2.09036805967369,0.58331673667572,0.711207151412964
2.09073755040146,0.583191525348988,0.722392559051514
2.09111783151114,0.583066400469251,0.733744621276856
2.09150942854844,0.582941340350543,0.744763135910034
2.09191286281523,0.582816319601971,0.755995512008667
2.09232874618133,0.582691310894747,0.767680644989014
2.09275773341173,0.582566282506723,0.778630256652832
2.09320052866587,0.582441198400538,0.789935827255249
2.09360665699139,0.582314579007292,0.801673412322998
2.09398999124242,0.582187923195211,0.812621116638184
2.09433625675338,0.582064506965165,0.824162244796753
2.09466424256153,0.58193923938156,0.836641550064087
2.09498725618485,0.581813764266561,0.847781896591187
2.09531214231328,0.581688313197676,0.859450101852417
2.09564245363486,0.581562962093543,0.871439695358276
2.09598021935685,0.581437733807316,0.882532358169556
2.09632652486404,0.58131262857327,0.893782377243042
2.09668186503462,0.581187632928094,0.90497350692749
2.09704759435378,0.581062755785725,0.916113615036011
2.09742425942368,0.5809379777134,0.927257537841797
2.09781224739114,0.580813276805155,0.938380479812622
2.09821204620003,0.580688629246368,0.949501752853394
2.09862417343499,0.580564007543079,0.960714101791382
2.09904925738412,0.580439381956666,0.971956968307495
2.09948798060625,0.580314718056859,0.983056545257568
2.0998882264241,0.580188447285885,0.994137287139893
2.10026627185274,0.580062145198421,1.00534844398499
2.10060737174452,0.579938899531997,1.01645183563232
2.10093001147841,0.579813931962642,1.02754330635071
2.10124793196245,0.579688781013912,1.03879523277283
2.10156803381241,0.579563670400264,1.04986023902893
2.10189372012406,0.579438671111186,1.06097197532654
2.10222685756627,0.57931380148198,1.07221102714539
2.10256854051373,0.579189070690851,1.08315324783325
2.10291950860427,0.579064471709037,1.0942063331604
2.10328034144861,0.57893999332056,1.10557508468628
2.10365157097504,0.578815622083048,1.11665177345276
2.10403356562214,0.578691329709981,1.12769532203674
2.10442715565844,0.578567107071274,1.13881707191467
2.10483287436038,0.578442931368723,1.14981269836426
2.10525129286338,0.578318774184226,1.16098403930664
2.10568305083017,0.578194603528787,1.17223691940308
2.10612885174842,0.578070383017498,1.18325448036194
2.10650366269349,0.577948126490728,1.19428658485413
2.10683552789798,0.577823441059675,1.20552229881287
2.10715065734593,0.577698396154373,1.21654462814331
2.10746123913377,0.577573323033096,1.22761011123657
2.10777350754082,0.577448363452455,1.23881554603577
2.1080920085144,0.577323566215879,1.24980664253235
2.1084182058746,0.577198937754834,1.26143264770508
2.10875294544107,0.57707447284416,1.27288484573364
2.10909684213416,0.576950168415658,1.28635787963867
2.109450417195,0.576826011844516,1.29729890823364
2.1098141244529,0.576701986458395,1.30914306640625
2.11018844612502,0.576578074499684,1.32070827484131
2.11057389679354,0.576454255937134,1.33202314376831
2.11097102664507,0.576330508094194,1.34304881095886
2.11138042505155,0.576206805281068,1.35432720184326
2.11180271164766,0.576083118170466,1.36574769020081
2.11223855983851,0.575959413810227,1.37709951400757
2.11265746801837,0.575837882857607,1.38836002349854
2.11301622819174,0.575713401800371,1.39948034286499
2.11334117469818,0.57558870728442,1.41052031517029
2.11365251518043,0.575463926058636,1.42171812057495
2.11396230700351,0.575339229824104,1.43286108970642
2.11427612231551,0.575214681306079,1.4439594745636
2.1145964290124,0.575090311329242,1.45509433746338
2.11492459929869,0.574966121798807,1.46614170074463
2.11526144009126,0.574842107233083,1.4771683216095
2.11560756522171,0.574718257754516,1.48844289779663
2.11596350719769,0.574594560510107,1.49967789649963
2.11632973844688,0.574470996252016,1.51070094108582
2.11670674957814,0.574347546274075,1.52184557914734
2.11709506500994,0.574224189899811,1.53296375274658
2.11749524597184,0.574100903769556,1.54405975341797
2.11790789423885,0.573977661465399,1.55528020858765
2.11833364395678,0.57385443288188,1.56632590293884
2.11877318235087,0.573731184152289,1.57737016677856
2.11919747945575,0.573609826692549,1.58873248100281
2.1196145483824,0.573488022789872,1.59974217414856
2.1199825049802,0.573363967475137,1.61078906059265
2.12032043475875,0.57323988237755,1.62197852134705
2.12064774397716,0.573115791463026,1.63305044174194
2.12097407221872,0.572991794570054,1.64420223236084
2.12130442282691,0.572867940897508,1.65551018714905
2.12164153480149,0.572744256939203,1.66653227806091
2.1219869447926,0.572620737084666,1.67784714698792
2.12234167921945,0.572497373976442,1.68893766403198
2.12270649984756,0.572374152879545,1.69997644424438
2.12308165881671,0.572251063999988,1.71106958389282
2.12346841021239,0.572128076987264,1.72222280502319
2.12386721122702,0.572005167267853,1.73325943946838
2.1242785868501,0.571882309808969,1.74437022209167
2.12470313951182,0.571759476139999,1.75556874275208
2.12511022539565,0.571638856974099,1.76652097702026
2.1255102106773,0.571517476091208,1.77756595611572
2.12591245487678,0.571395985494792,1.78891181945801
2.12626889590031,0.571271939412362,1.79991149902344
2.1265984543897,0.571147974506502,1.81095767021179
2.12691899072847,0.571024049417354,1.82214975357056
2.1272389929371,0.570900233112168,1.8331606388092
2.12756280811535,0.570776611076497,1.84427809715271
2.12789443886008,0.570653188699172,1.85544633865356
2.12823490942411,0.57052995301575,1.86741018295288
2.12858486719657,0.570406886677077,1.87866902351379
2.12894487686287,0.570283974834584,1.89002180099487
2.12931545834458,0.570161198720761,1.90331077575684
2.1296971119337,0.570038536845961,1.9143500328064
2.13009037597288,0.569915967236387,1.92653131484985
2.13049582936606,0.569793465191443,1.9380624294281
2.1309140942452,0.56967100282738,1.94929265975952
2.1313152306761,0.569550712321051,1.96040534973145
2.13170868164261,0.569429691565677,1.97161674499512
2.13210392229701,0.56930857407568,1.98278951644897
2.13250507294661,0.569187696803764,1.99400949478149
2.13286424997041,0.56906707750054,2.00516748428345
2.13319969404502,0.56894524967058,2.01632928848267
2.13352795146901,0.568822688865795,2.02742457389832
2.1338530306484,0.568707746323919,2.03872203826904
2.13417825644588,0.568595204255434,2.0498948097229
2.13450504181115,0.568485569148601,2.06108713150024
2.13483795766415,0.568356613507804,2.07230520248413
2.1351785839498,0.568223321883538,2.08331704139709
2.13553010852832,0.568085921778941,2.0943922996521
2.13589422569683,0.567942838823122,2.10563921928406
2.13628514338041,0.567767000733667,2.11673212051392
2.13668581331934,0.567639014052044,2.1277449131012
2.13710440433668,0.567511350807304,2.1389045715332
2.13749506681966,0.567390930543494,2.1499195098877
2.13787195933235,0.567269835992447,2.16106700897217
2.1382467296159,0.567148669321549,2.17224335670471
2.13862570662461,0.567027511304759,2.18320083618164
2.13901234452258,0.566906376574639,2.19431161880493
2.13940869864317,0.566785254094096,2.20552396774292
2.13981417608612,0.566664892583795,2.21648764610291
2.14019117337019,0.566544145646168,2.22764420509338
2.14054361400779,0.566423825806602,2.23878359794617
2.14088449414145,0.566308703929081,2.24975061416626
2.14122009328466,0.566197793279291,2.26094388961792
2.14155490026988,0.566070911453249,2.27223920822144
2.14189541656789,0.565937062309891,2.28321552276611
2.14224733302743,0.565796891231796,2.29424405097961
2.14261181084438,0.565637643989428,2.30549693107605
2.14298416700228,0.565492140937436,2.31647181510925
2.14337227768548,0.565365377187028,2.32754349708557
2.14374123214922,0.56524046562917,2.33889985084534
2.14410223558844,0.565105511906778,2.35005116462708
2.14446586013466,0.564939933101874,2.36121606826782
2.14483978011932,0.564793128489595,2.37244582176208
2.14522984544377,0.564678644713093,2.38341474533081
2.1456326520336,0.564561004410781,2.39449644088745
2.14603701604805,0.564438772085468,2.40570998191833
2.14644711373209,0.564317101031896,2.41671085357666
2.14686582603312,0.56419840778179,2.427818775177
2.14725479244337,0.564076833069731,2.43899035453796
2.14761711280595,0.563953050790685,2.45079874992371
2.14797142649384,0.563828957865994,2.46192121505737
2.14832650822463,0.563704933448639,2.47313213348389
2.14868710656407,0.563581067980485,2.48644256591797
2.14905564173787,0.563457371945423,2.49737334251404
2.14943387273477,0.563333834639879,2.50916051864624
2.14979266482418,0.563212985540566,2.5206606388092
2.15014202107156,0.56309090287818,2.5318648815155
2.15049119434279,0.562968697275768,2.54292321205139
2.15084526019235,0.562846512615857,2.55420136451721
2.15120690305714,0.562724385552147,2.56541752815247
2.151577707649,0.562602320748788,2.57691287994385
2.15195866669848,0.562480310933873,2.5882716178894
2.15235056912962,0.562358340871073,2.59952068328857
2.15275416504023,0.56223638840021,2.61061644554138
2.15316857109987,0.562114946300844,2.62181091308594
2.15359679352236,0.561993777293757,2.63297486305237
2.15400235995186,0.561870592933491,2.6441650390625
2.15437936869891,0.561753044766266,2.65549612045288
2.15474632212667,0.561636466119404,2.66651701927185
2.15511280748853,0.561520919063223,2.67769908905029
2.15548334746447,0.561406534908457,2.68899202346802
2.15582316336185,0.561301135198195,2.70006394386291
2.15614993019909,0.561186540686607,2.71118831634521
2.15647267882249,0.561074535480262,2.72231960296631
2.15679694675339,0.560964331737241,2.73340272903442
2.1571261685089,0.560855694040501,2.74459671974182
2.15746303609973,0.560740023892307,2.75577068328857
2.15781530249013,0.560619478752188,2.76673865318298
2.15818038727035,0.560498966644645,2.77800846099854
2.15855717180629,0.56037910851416,2.78907203674316
2.15894985940752,0.560262424995358,2.8001275062561
2.15936355378446,0.560144985557912,2.81119227409363
2.15978230101218,0.560026118247138,2.82235431671143
2.16017654669757,0.559905661390741,2.83343124389648
2.16054655422233,0.55978895029995,2.84463405609131
2.16090863745971,0.559673217200669,2.8558566570282
2.16126657931646,0.559561810243565,2.86692881584167
2.16163025832624,0.559425552199475,2.87803196907043
2.16200298146616,0.559293958203398,2.88916230201721
2.16235497826531,0.559163229029086,2.90043067932129
2.16269779126486,0.559020702379702,2.91153454780579
2.16304336285476,0.558855773538989,2.92266082763672
2.16339768116978,0.558689976680581,2.93386697769165
2.163755576233,0.558585291692432,2.94493579864502
2.16411248005046,0.558464838189322,2.95614171028137
2.16447935742772,0.558347113060022,2.96756148338318
2.16486219578659,0.55823388942309,2.97856712341309
2.16526803695686,0.558117299845826,2.98970818519592
2.16569920640359,0.557994003585072,3.00143814086914
2.16615085964141,0.557866241450039,3.01246666908264
2.16660659227088,0.557739302099107,3.02383661270142
2.16703757760874,0.557612408199891,3.03553080558777
2.16742873575664,0.557496910626292,3.04657936096191
2.16780567706146,0.557382667178239,3.05784177780151
2.16818023338985,0.557269572371107,3.07072973251343
2.16852773362343,0.55715129673943,3.0821807384491
2.16886347964936,0.557030622464536,3.09382605552673
2.16919779537973,0.556909613871407,3.1052975654602
2.16953598156594,0.556788544964959,3.11617398262024
2.16988082664348,0.556667504790374,3.12763071060181
2.17023382274584,0.556546624489929,3.13907933235168
2.17059528505901,0.556426963913538,3.15057563781738
2.17096612998143,0.556308521865555,3.16181659698486
2.1713562794976,0.556196597901417,3.17323660850525
2.17177121121548,0.556078000522287,3.1865291595459
2.17220867206098,0.555953545749496,3.19754528999329
2.17266514982441,0.555825004003578,3.20946764945984
2.17307768120336,0.55570382320041,3.22146391868591
2.17345785472257,0.55558776842589,3.2326123714447
2.17382627040463,0.555472731350361,3.24373483657837
2.17418703515789,0.555342272857938,3.25532245635986
2.174551836731,0.555188895214085,3.2661919593811
2.17489696262884,0.555042983783127,3.27730417251587
2.17523332396504,0.554884202272764,3.28857159614563
2.17557301529329,0.554706729504948,3.29951882362366
2.17590917248286,0.554575957376178,3.3105194568634
2.17624497098073,0.554442907617206,3.32194328308105
2.17658406677357,0.554309800335787,3.33300566673279
2.17692766040647,0.554177470505081,3.34410095214844
2.17728713684341,0.554055283494745,3.35532999038696
2.17766011000911,0.55393321526658,3.36635875701904
2.17804550159251,0.553811228784839,3.37742853164673
2.17844326504882,0.553689296247202,3.38874840736389
2.17885368446957,0.553567389538591,3.39979529380798
2.17927705303975,0.55344548322991,3.41086363792419
2.17971402956052,0.553323543449459,3.42199039459229
2.18011305445289,0.553199893758563,3.43304967880249
2.18048966164773,0.553076321979831,3.4442822933197
2.1808288660006,0.552956080291009,3.45552802085876
2.18115012434567,0.552833778965756,3.46657562255859
2.18146591576401,0.552711257731122,3.47774386405945
2.18178283197923,0.552588721517769,3.48903131484985
2.18210596151065,0.552466295248039,3.5001482963562
2.18243691987259,0.552344008459608,3.51129126548767
2.18277658943579,0.552221866673661,3.52242994308472
2.18312558051438,0.552099858516411,3.53354024887085
2.18348439205579,0.551977976708019,3.5446469783783
2.18385351114752,0.551856206307869,3.55571341514587
2.18423343653384,0.55173452990658,3.56672167778015
2.1846246986522,0.551612926686234,3.57787418365479
2.18502786312824,0.551491373004811,3.58900856971741
2.18544352447423,0.551369841834216,3.60002970695496
2.18587229533202,0.551248302640278,3.61112761497498
2.18631488828722,0.551126721521279,3.62226152420044
2.18671971849489,0.55100355676096,3.63329815864563
2.18707003150957,0.550883708801432,3.64504718780518
2.18739422237084,0.550761713992961,3.65689945220947
2.187708587399,0.550639440022974,3.67042970657349
2.18802214289485,0.550517158561531,3.68173718452454
2.18834082202677,0.550395002082916,3.69294214248657
2.18866664369737,0.55027299375164,3.70467925071716
2.18900071434773,0.550151139720197,3.71586346626282
2.18934378148083,0.55002943424915,3.72694897651672
2.18969639351307,0.549907870581999,3.73814964294434
2.19005903775728,0.549786433292979,3.7492516040802
2.19043220154451,0.549665106602449,3.76060843467712
2.19081639878155,0.549543871379685,3.77173137664795
2.19121217551407,0.549422705933726,3.78287076950073
2.19162011498812,0.54930158566488,3.79400515556335
2.19204082929731,0.549180482494701,3.80515217781067
2.19247498299223,0.549059364921724,3.81630539894104
2.19292329622204,0.548938197167005,3.82738137245178
2.19330162653355,0.548818433691843,3.83854413032532
2.19363711764646,0.548696756354581,3.84959244728088
2.19395547531006,0.548574782453885,3.8606903553009
2.19426936785852,0.548452789116323,3.87188029289246
2.19458367200369,0.548330873195803,3.88288450241089
2.19490417198011,0.548209107601575,3.89394545555115
2.19523265808391,0.548087514706866,3.90504598617554
2.19556989636967,0.547966083955874,3.91616749763489
2.19591646472423,0.547844810405558,3.927250623703
2.19627285153214,0.547723680420851,3.93836307525635
2.1966395154216,0.547602676698127,3.94946479797363
2.197016945287,0.547481781407963,3.96059656143188
2.19740566368633,0.547360974460989,3.97176241874695
2.19780622987277,0.547240233160599,3.98289632797241
2.19821924103585,0.547119531791018,3.99406957626343
2.19864532881918,0.546998841166787,4.00520372390747
2.19908517952684,0.54687812848,4.01633930206299
2.19950884758963,0.54675932026967,4.02744722366333
2.19987291612133,0.546637794186299,4.03861284255981
2.20020282683092,0.546516166070536,4.04970407485962
2.2005199725681,0.546394462767961,4.06078696250916
2.2008338921174,0.546272809818364,4.07200598716736
2.20115087252175,0.546151289405999,4.0830557346344
2.20147484395365,0.546029949382387,4.09413385391235
2.20180701501818,0.545908785717964,4.10533618927002
2.20214812653141,0.545787789959777,4.11647367477417
2.20249875741901,0.545666952420223,4.12762236595154
2.20285942246383,0.545546257337215,4.13888072967529
2.20323059903837,0.545425685889851,4.14986419677734
2.20361279363183,0.545305219304815,4.16083455085754
2.20400654680449,0.545184836460763,4.17219853401184
2.20441243681162,0.545064513525968,4.18320250511169
2.20483107997323,0.544944223515466,4.19423151016235
2.20526313047173,0.544823935878136,4.20545268058777
2.20567852490312,0.54470561903396,4.21647715568543
2.20608691570884,0.544586707572411,4.22748184204102
2.20644467629331,0.544465196761407,4.23866891860962
2.20677299341457,0.544343825873128,4.24975633621216
2.2070907897098,0.544222465987236,4.26088523864746
2.20740619602607,0.544101201826589,4.27204489707947
2.20772666871007,0.543980111564034,4.28309392929077
2.20805434241122,0.543859204941797,4.29444932937622
2.20839042436827,0.543738481837015,4.30552768707275
2.2087356461671,0.543617927882031,4.31625461578369
2.20909060584907,0.543497530374308,4.32736325263977
2.20945583813413,0.543377272754551,4.33853602409363
2.20983183540747,0.54325713512131,4.34966850280762
2.21021912053302,0.543137097643697,4.36074113845825
2.21061825207451,0.543017138058265,4.37212109565735
2.21102982801122,0.542897231263888,4.38315057754517
2.21145448429131,0.54277734883896,4.39431166648865
2.21186224109064,0.542659466867579,4.40580606460571
2.21226257483754,0.542540941672064,4.41676306724548
2.21266499064229,0.542422316210961,4.42790579795837
2.21302130895483,0.542301061985574,4.43908333778381
2.21335069075384,0.542180008147883,4.45002841949463
2.21367111037253,0.542059015013656,4.46108460426331
2.2139901269136,0.541938159807006,4.47226071357727
2.21431391303762,0.541817466642753,4.48319888114929
2.21464536491143,0.541696964196581,4.49425792694092
2.2149855454966,0.541576646477518,4.505535364151
2.2153351746459,0.541456497189894,4.51648783683777
2.21569482892365,0.54133650165744,4.52764964103699
2.21606503983883,0.541216642162405,4.53884077072144
2.21644630654184,0.541096897611113,4.5498034954071
2.21683916512944,0.540977246936815,4.56084251403809
2.21724419171618,0.540857666532636,4.57219648361206
2.21766200506972,0.540738129800254,4.5831298828125
2.21806259323733,0.540620637358408,4.5941309928894
2.21845541941701,0.540502448201262,4.60534334182739
2.21884997406495,0.540384167083209,4.61640548706055
2.2192503441207,0.540266126464606,4.62748789787293
2.21960947262872,0.540147131767934,4.63878417015076
2.21994456960182,0.540028040518257,4.64987373352051
2.22027108054135,0.539912972211359,4.66097664833069
2.22059401154431,0.539800668268471,4.67222690582275
2.22091837430747,0.53969087817428,4.68324828147888
2.22124465690266,0.539583967625893,4.69428110122681
2.22157753142302,0.539457293995574,4.70556330680847
2.22191849088662,0.539326535551397,4.71653914451599
2.2222704575167,0.539191823238162,4.72760462760925
2.22263506036057,0.539051073808779,4.73890495300293
2.2230263650507,0.538875232086604,4.74985837936401
2.22342707544025,0.538750606814889,4.7608482837677
2.22384567010542,0.538626464575132,4.77207827568054
2.22423635635147,0.538508750312858,4.78313708305359
2.22461309765065,0.538390389904789,4.79429483413696
2.22498761323969,0.538271960315385,4.80552077293396
2.22536626801446,0.538153540271152,4.81648468971252
2.22575252993138,0.538035144216569,4.82753014564514
2.22614846907543,0.537916761496643,4.83873200416565
2.22655351479868,0.53779909912825,4.84991097450256
2.22696684962309,0.537685498816275,4.8615460395813
2.22735320682071,0.53756700074657,4.87305474281311
2.2277180622409,0.537446002913148,4.88487243652344
2.22807599179035,0.537330428248234,4.89591598510742
2.22843403370168,0.537215525082411,4.90724086761475
2.22880338529767,0.53710797207854,4.9186589717865
2.22918712168252,0.536997818127013,4.92963933944702
2.2295841685804,0.53687670150708,4.94098997116089
2.22999647551516,0.536741527329572,4.95240569114685
2.23038214587973,0.536629845931684,4.96340537071228
2.2307518132424,0.536523897985547,4.97496366500855
2.23111920703433,0.536419064186114,4.9864718914032
2.23149658703361,0.536311939812877,4.99746441841126
2.23187997324802,0.536194367669836,5.00942397117615
2.23228347101313,0.536080982371009,5.02152991294861
2.23269933477519,0.535966478696069,5.03280329704285
2.23310350980435,0.535855322511037,5.04415154457092
2.23348132664763,0.535738436739665,5.0554826259613
2.23384142307833,0.5356188310057,5.06647706031799
2.23419598365922,0.535503782820735,5.07769751548767
2.23455147278897,0.53538945170119,5.08891797065735
2.23491169234704,0.535275937829939,5.10007667541504
2.23527888491143,0.535163303330779,5.11114645004272
2.23565002564471,0.535054665485422,5.12229371070862
2.23603129091331,0.534922525716289,5.1333270072937
2.2364273368703,0.53474969133908,5.14449214935303
2.2368115510894,0.534632223971219,5.15565347671509
2.23718908289124,0.534497665702242,5.16666746139526
2.23756886002277,0.534389609590342,5.1777765750885
2.23795715012798,0.534279677194523,5.18896579742432
2.23835724684926,0.534167085987174,5.19994235038757
2.23876911542703,0.534051791275156,5.21095705032349
2.23918928357898,0.533936413148715,5.22221565246582
2.23960070049493,0.533822723452521,5.23324847221375
2.23998558170431,0.533704223682397,5.24448776245117
2.24034904859239,0.533584276907463,5.25562763214111
2.24070747566641,0.533469618816992,5.2666597366333
2.24106639601164,0.533355672864979,5.27787041664124
2.24143913934333,0.533248057095622,5.28904581069946
2.24181430576878,0.533136033208513,5.30013060569763
2.24218802892296,0.533014302512792,5.31118535995483
2.24257655625947,0.532872998271141,5.32228302955627
2.24294553491148,0.532764937232174,5.33330321311951
2.24330033723576,0.532632267531901,5.34441685676575
2.24364700068252,0.532531390828878,5.35561442375183
2.24399202040549,0.532415407630472,5.36658215522766
2.24434592497725,0.532300120243332,5.37776660919189
2.24470975192399,0.532184716601386,5.38894557952881
2.24508598308617,0.532071042334284,5.39995265007019
2.2454811930838,0.531960975362559,5.41114139556885
2.24589282791409,0.531848169949636,5.42229342460632
2.24630596174057,0.531734254767973,5.43329477310181
2.24670310515136,0.531613596892335,5.44422769546509
2.2470729925198,0.53149976415571,5.45545482635498
2.24743425848267,0.531386779880911,5.46949172019959
2.24779557813232,0.531274749894963,5.48051929473877
2.24815551988226,0.531147148404838,5.49238777160645
2.24852360801706,0.530998583809629,5.50505614280701
2.24890714928583,0.530876664983483,5.51594209671021
2.24927269683229,0.530755871051758,5.52709412574768
2.24963054490952,0.530625047952286,5.53838086128235
2.24999142211511,0.530463518740572,5.54964709281921
2.25036126966828,0.530317201746021,5.56083130836487
2.2507444061615,0.530208898871473,5.5722017288208
2.25113834941226,0.530098114466123,5.58319139480591
2.25154906190811,0.529983127801623,5.59418272972107
2.25197473953258,0.529864900259689,5.60542798042297
2.25241353096375,0.529744691715949,5.61646223068237
2.25280956096613,0.529628111988059,5.62751650810242
2.253178207081,0.529513575791331,5.638747215271
2.2535316382121,0.529404082660854,5.64979410171509
2.25389401171128,0.529281997857849,5.66087698936462
2.25425263701954,0.529148830343809,5.67209839820862
2.25461864116086,0.52899893037683,5.68306851387024
2.25499091327761,0.528861646430009,5.69408059120178
2.25534289453699,0.528726464396484,5.70536208152771
2.25568469517936,0.528579366857725,5.71647667884827
2.25602846420988,0.528403712101775,5.72766399383545
2.25637267552627,0.52826905281276,5.73882436752319
2.25672468024114,0.528149488379405,5.74987578392029
2.25708538438368,0.528030015030063,5.76096057891846
2.25745582676288,0.527910619655098,5.77221512794495
2.25783656945173,0.527791274785233,5.78317856788635
2.25822873247644,0.527671982904101,5.79433035850525
2.25863285621577,0.527552721494217,5.80553698539734
2.25904953813379,0.527433461882091,5.81652140617371
2.2594785634293,0.527314436509362,5.82759809494019
2.25987711047667,0.527193341683621,5.8389003276825
2.26025191762334,0.527079011506467,5.84990310668945
2.26061872097892,0.526965755116073,5.8609824180603
2.26097978847731,0.526838007201441,5.87225794792175
2.26130740478243,0.526710447631792,5.88328409194946
2.26161484812803,0.52657985135958,5.89434242248535
2.26191656701356,0.526449319093258,5.9055552482605
2.26222042400964,0.526319474217674,5.9165620803833
2.26252860559695,0.526190458249329,5.9276487827301
2.26285082595353,0.52607034203048,5.93884491920471
2.26318521131068,0.525950399069857,5.94983267784119
2.26352998838998,0.525830602947549,5.960942029953
2.26388505713831,0.525710940864525,5.97225618362427
2.26425060666912,0.525591396126923,5.98328685760498
2.26462696938079,0.525471951593148,5.99432301521301
2.26501458053831,0.525352587119124,6.00555157661438
2.26541394744673,0.525233280287944,6.01660680770874
2.26582563641865,0.525114005915109,6.02766919136047
2.26625026852198,0.524994735533528,6.03931379318237
2.26668848793927,0.524875436848041,6.05063033103943
2.26708725062941,0.524754410797881,6.06207728385925
2.26743133319636,0.524636716141274,6.07392191886902
2.26774901411687,0.52451682916222,6.08700156211853
2.26805808266446,0.524396675796948,6.09812593460083
2.26836751975741,0.524276534818344,6.11033010482788
2.26868153672736,0.52415650739532,6.12163734436035
2.26900231945401,0.524036632113196,6.13283133506775
2.26933107112399,0.523916911138204,6.14386177062988
2.26966855518785,0.523797345684587,6.15498948097229
2.27001535850086,0.523677928899807,6.16608667373657
2.27037196011989,0.523558646815696,6.17716240882874
2.27073881975535,0.523439485118137,6.18845295906067
2.27111642664191,0.523320426318173,6.19958877563477
2.27150530251967,0.523201450652699,6.21071481704712
2.27190600526382,0.523082535777362,6.22186279296875
2.27231912691237,0.522963656311099,6.2329728603363
2.2727452987052,0.522844783595732,6.24411654472351
2.27318520565356,0.522725885341464,6.25536465644836
2.27363959003103,0.522606924900255,6.26638650894165
2.27402590544285,0.522488961196078,6.27753806114197
2.27436855717119,0.522369555430814,6.28880071640015
2.27469354919165,0.522249890597969,6.29978370666504
2.27501380875324,0.52213021809138,6.31082582473755
2.27533596375008,0.522010642240874,6.32191228866577
2.27566355303976,0.521891206348057,6.33294868469238
2.27599804615091,0.521771930254306,6.34408140182495
2.27634112827006,0.521652815094587,6.35549831390381
2.27669404410434,0.521533841959149,6.36648154258728
2.27705719362966,0.521414993649965,6.3776113986969
2.27743102268885,0.521296254065725,6.38891434669495
2.27781602903796,0.521177605659811,6.39989304542542
2.27821263124523,0.521059021527823,6.41094994544983
2.27862157452486,0.520940484380089,6.42209577560425
2.27904345048341,0.520821968160853,6.43307614326477
2.27947889934576,0.520703442169098,6.44417858123779
2.2798975812811,0.520586828034087,6.45540404319763
2.28030934471051,0.520469717520413,6.46638202667236
2.2806721984986,0.520350224174823,6.47739410400391
2.28100535162234,0.520230697545767,6.48872756958008
2.28132785585414,0.520111149948875,6.49978017807007
2.2816494229466,0.519991688253165,6.51083254814148
2.28197494928246,0.519872374862045,6.52196335792542
2.28230708854291,0.519753229515314,6.53297972679138
2.28264733413796,0.51963425154723,6.54404425621033
2.28299665460324,0.519515436806008,6.55511736869812
2.28335531233106,0.519396782698667,6.56617665290833
2.28372479211999,0.519278256340633,6.57728171348572
2.28410542112276,0.519159836079039,6.58847165107727
2.28449764072124,0.519041501037181,6.59961247444153
2.284901974706,0.518923228109358,6.61083316802979
2.28531900973603,0.518804991345574,6.62203860282898
2.28574937836907,0.518686761389039,6.63302230834961
2.28616269376709,0.518570483961765,6.64410662651062
2.28656903471252,0.518453573638879,6.65520811080933
2.28692448905973,0.51833394723361,6.66617584228516
2.28725084983264,0.518214531386339,6.67718410491943
2.28756663250096,0.518095130267068,6.6886899471283
2.28788058464443,0.517975855298904,6.69971060752869
2.2881993752987,0.517856754433994,6.71088576316834
2.28852524058171,0.517737833291308,6.7224907875061
2.28885937916571,0.517619093690358,6.73458433151245
2.28920254610384,0.517500521642073,6.74554777145386
2.28955534361326,0.517382105761555,6.75705289840698
2.28991831456081,0.517263830920362,6.76860928535461
2.29029194442793,0.517145677353335,6.77958989143372
2.29067674704127,0.517027626073171,6.79083108901978
2.291073271435,0.516909655863552,6.80206942558289
2.29148210521067,0.516791742837132,6.81302523612976
2.29190387468092,0.516673860019939,6.82445216178894
2.29230811181186,0.516558013135172,6.83647084236145
2.29270509604456,0.516441443022139,6.84756994247437
2.29310387508913,0.516324745100553,6.85974192619324
2.29350641810093,0.516209176660947,6.87161445617676
2.29386664950411,0.516099606560583,6.88279390335083
2.29420467315948,0.515981425648194,6.89391469955444
2.29453678632801,0.51586312039204,6.90507006645203
2.2948703301602,0.515746752283037,6.91635322570801
2.29520930642407,0.515630887750305,6.9273989200592
2.29555579562926,0.515515516743984,6.93861413002014
2.29591081687641,0.515400642442243,6.94967937469482
2.29626945135589,0.515291786993136,6.96082949638367
2.29663121011932,0.515165816938313,6.97219204902649
2.29700391198323,0.515032778849963,6.98323011398315
2.297406100382,0.514862891450147,6.99428987503052
2.29783723835215,0.51472457331604,7.00553560256958
2.29828821666268,0.514583554830659,7.01653432846069
2.29874536630953,0.514440699815124,7.02758026123047
2.29918917638227,0.514326159327217,7.03884267807007
2.29960779874101,0.514209606931659,7.04985880851746
2.30001972843411,0.51409298696633,7.06091952323914
2.30038082556245,0.513973723706445,7.07223033905029
2.30071203675224,0.513854766993184,7.08328437805176
2.30103298145533,0.513735888820127,7.09437227249146
2.30135387072497,0.513617148860798,7.10557126998901
2.3016793796883,0.513498578930842,7.11658906936646
2.30201195349987,0.51338018792163,7.12771344184876
2.30235300444558,0.513261972445686,7.13889384269714
2.30270340594989,0.513143918571123,7.14989137649536
2.30306382753745,0.513026012722407,7.1610152721405
2.30343485444146,0.512908239099467,7.17226839065552
2.3038170236393,0.512790578713699,7.18326544761658
2.30421086657295,0.512673010719092,7.19430088996887
2.30461693542221,0.512555510534553,7.20552515983582
2.30503588849674,0.512438053299882,7.2165219783783
2.30543829083106,0.512322426708039,7.22766804695129
2.30583247923471,0.512206241612293,7.23902010917664
2.30622812782913,0.512089982217055,7.24998235702515
2.30663027856985,0.511973691444232,7.26167058944702
2.30698826378464,0.511854707738379,7.27332878112793
2.30731981018974,0.511736092481814,7.28680634498596
2.30764335757133,0.511617596092939,7.29781341552734
2.30796795591242,0.511499259989598,7.3096022605896
2.30829785103859,0.511381102557703,7.32096433639526
2.30863530706078,0.511263126615885,7.33231592178345
2.30898161047712,0.511145325084599,7.34339594841003
2.30933759331546,0.511027681380407,7.35458087921143
2.30970392245569,0.510910181451593,7.36584043502808
2.3100811969997,0.510792808494367,7.37735033035278
2.31046995988072,0.510675541540505,7.38880062103272
2.31087078663951,0.510558359690548,7.39978003501892
2.31125266295387,0.510443465875218,7.4108407497406
2.31162643676185,0.510327560737991,7.42202186584473
2.31200123630477,0.510211541629154,7.43304252624512
2.31238149156538,0.510095477560944,7.44424438476563
2.31277081035068,0.509979421307831,7.45548057556152
2.31316881918343,0.509864040430656,7.46648669242859
2.31356968560328,0.509756420612119,7.47755908966064
2.3139418767719,0.509643523640693,7.48879408836365
2.3142943949315,0.509526193641005,7.49974989891052
2.31464179063292,0.5094107350951,7.51082944869995
2.3149901741854,0.509296656993552,7.52206921577454
2.31534354823333,0.509183297989619,7.53310060501099
2.31570396647066,0.509070641044799,7.5442214012146
2.31606406820686,0.50896548662309,7.55552458763123
2.31645070174908,0.508823187933522,7.56657218933106
2.31685205283504,0.508714845807136,7.57783889770508
2.31728279509232,0.50857899002812,7.58903646469116
2.31772643554993,0.508435938780665,7.60003614425659
2.31815190542906,0.508328617520086,7.61109232902527
2.31857013271817,0.508212673176306,7.62226605415344
2.31899600521375,0.508094431883029,7.6332471370697
2.31942709015718,0.50797541012153,7.64436101913452
2.31985570882793,0.507859546413479,7.6555826663971
2.32024341018676,0.507744312965257,7.66657447814941
2.32059889896094,0.507626139069182,7.67774248123169
2.3209447639307,0.507510500817102,7.68896770477295
2.32128900091488,0.507396120500661,7.70003390312195
2.3216368975868,0.507282576722297,7.71109437942505
2.32198087210761,0.507178345228511,7.72227835655212
2.32233246661405,0.507049236357661,7.73327231407166
2.32269422087623,0.506914378581085,7.74438166618347
2.32306926789803,0.506768819637529,7.75554728507996
2.32345402246827,0.506616446273646,7.76649212837219
2.3238556084754,0.506490716012438,7.77757048606873
2.32427606449634,0.506368909296438,7.78885698318481
2.32468328895171,0.506254265195572,7.79984140396118
2.32507673220529,0.506137710087466,7.81100177764893
2.32546830208835,0.506021076003585,7.8223032951355
2.3258646683734,0.505904419953648,7.83323931694031
2.32626935372332,0.505787743896193,7.84433221817017
2.32663122379589,0.505668493622323,7.85548400878906
2.3269682333609,0.505549572761865,7.86649489402771
2.32729612651729,0.505430778801234,7.87752151489258
2.32762552716602,0.505312145768375,7.88919639587402
2.32796059560401,0.505193687575645,7.90176033973694
2.32818488883411,0.505301257513033,0.011600017547608
2.32821701297278,0.505346878938882,0.02342414855957
2.32829680368625,0.505365425133463,0.036632299423218
2.32832720839351,0.505386195331356,0.047669410705567
2.32833073571641,0.505406543476557,0.059168100357056
2.32830383614119,0.505364724359779,0.070899963378906
2.32837623323822,0.5053903804326,0.084025382995606
2.32843598355118,0.505424214973014,0.094913244247437
2.32852590171611,0.505377541102241,0.106572151184082
2.32867699393963,0.505347582407367,0.119102478027344
2.32887791570049,0.505376107932964,0.130477666854858
2.32910911405848,0.505438978511867,0.141677618026733
2.32929243167538,0.505409637837491,0.153615236282349
2.32943378203481,0.505478835058016,0.164418935775757
2.32953325566334,0.50553902981792,0.175434350967407
2.32966033990277,0.505514913018705,0.186779737472534
2.32968157963298,0.505498013671382,0.197847604751587
2.32970507037167,0.505558531181081,0.208866834640503
2.3296969303704,0.505563019343708,0.22006893157959
2.32961482247959,0.505556225280852,0.231159448623657
2.32946564832919,0.505550240604862,0.2423415184021
2.32938457750814,0.505616510094289,0.253613233566284
2.32933299315702,0.505615406959755,0.264612197875977
2.32922517048428,0.505612397905364,0.275638103485107
2.32906645592227,0.505605151830122,0.286872863769531
2.32901963222965,0.505609024800207,0.297898292541504
2.32892272741844,0.50561132911655,0.30889105796814
2.32879054778447,0.505611210436491,0.320037364959717
2.32867790711942,0.505543712779834,0.33111310005188
2.32859315529026,0.505550397130522,0.342149972915649
2.32847610684378,0.505553237821381,0.353414297103882
2.3283339747325,0.505551997795531,0.364362716674805
2.3282324850958,0.505483284608972,0.37538743019104
2.32814469805877,0.505492113752578,0.386538505554199
2.32802768055398,0.505495082425292,0.397708177566528
2.3279392179996,0.505428381847705,0.408807516098022
2.32781487693227,0.505364258965895,0.419956207275391
2.3278139538065,0.505474229054493,0.431102991104126
2.32787206083806,0.505521485350645,0.442255735397339
2.32797102652634,0.50568105999508,0.453452348709106
2.32811686684652,0.505941110613264,0.464456796646118
2.32820967315774,0.506085539820713,0.475527048110962
2.32832419675506,0.506146531092139,0.486701726913452
2.3283918407347,0.506212830697877,0.497847557067871
2.32846378305669,0.506366733830374,0.508885383605957
2.32855550688386,0.506447912517604,0.519998550415039
2.32851922543798,0.50642849164354,0.531142711639404
2.32859996448493,0.506556648890821,0.542559623718262
2.32866519947284,0.506736774637453,0.555241584777832
2.32875566457963,0.506840837918912,0.568629741668701
2.32870671874283,0.506826104470112,0.579935312271118
2.328712404278,0.506866939638986,0.591393709182739
2.32867385097661,0.506872775878447,0.603139638900757
2.32859841635189,0.506846911549898,0.614328145980835
2.3285158287958,0.50680758195406,0.625411748886108
2.32848500847799,0.506702217110837,0.636528730392456
2.32851227489317,0.506792825640122,0.647704362869263
2.32850463231727,0.506866195344946,0.658852577209473
2.32857924789147,0.506927895404532,0.669999599456787
2.32860993395088,0.507085933697604,0.681134700775147
2.3286332630046,0.507241060530792,0.692123413085938
2.32856341476094,0.507321029108952,0.703225612640381
2.32863013764663,0.507397468971771,0.714368104934692
2.3285502012774,0.507460835247863,0.725411891937256
2.32846119255662,0.507468873298882,0.736521005630493
2.32843153433938,0.507412188528246,0.747658252716064
2.32840395274433,0.507329725529287,0.75877833366394
2.32830654537327,0.507329360401416,0.76988959312439
2.32827200381922,0.507279243710852,0.781042814254761
2.32823944648893,0.507202073126564,0.792139530181885
2.32821044151467,0.507109897326437,0.803225994110107
2.32817106417253,0.507072458055127,0.814409255981445
2.32813396598977,0.50699880681491,0.825446367263794
2.3281013962945,0.506906579515051,0.836559534072876
2.32813929089721,0.506778081358116,0.847702980041504
2.32810473392329,0.50676542895553,0.85879373550415
2.32809887497516,0.506745060429283,0.869919061660767
2.32809444594516,0.506812284330713,0.881035089492798
2.32801265682365,0.506918679359272,0.892081022262573
2.3279700304989,0.506891619889688,0.903242826461792
2.32791553746418,0.506833349133195,0.914406776428223
2.3279598384477,0.50672099932505,0.925582885742188
2.32790248914485,0.506579494692198,0.936891317367554
2.32784753035029,0.506445199620107,0.947897672653198
2.32787920118797,0.506278807373828,0.958964347839356
2.32789286930289,0.506070710601605,0.970246076583862
2.32784758264974,0.506001688840863,0.981230020523071
2.32778759586982,0.505875425913702,0.992240905761719
2.32780158543186,0.505823449610581,1.00336408615112
2.32777973489686,0.505741478626614,1.01450872421265
2.32776101173574,0.505574023758239,1.02558898925781
2.32782022219509,0.505398678069826,1.03674125671387
2.32787342316348,0.505158595608081,1.04783868789673
2.32786697497992,0.504959706475028,1.05887603759766
2.32793751205164,0.504769312957559,1.0701425075531
2.3280151453657,0.504527355713075,1.08110308647156
2.32795534996418,0.50442500346391,1.09212350845337
2.32796486551278,0.504380675720562,1.10322546958923
2.32788645258449,0.504354673573667,1.11433577537537
2.32782144037017,0.504377039072799,1.12540340423584
2.32763809983929,0.504455318491607,1.13657784461975
2.32736399075244,0.504787030482421,1.14776968955994
2.32686037580938,0.505353019470986,1.15882253646851
2.32624752167177,0.506060170417564,1.17049789428711
2.32550423030898,0.506903616779441,1.18235778808594
2.32471945536628,0.508094198739643,1.19337725639343
2.32389231184398,0.509478434024767,1.20440864562988
2.32306103302244,0.510951513260474,1.21785235404968
2.32221308927142,0.512477219811734,1.22873759269714
2.32137456882244,0.514073433089923,1.24069452285767
2.3205363077241,0.515643874267166,1.25337696075439
2.31970924878678,0.517192059841832,1.26421427726746
2.31883718871025,0.518774714516514,1.27530598640442
2.31797185543106,0.520430576059812,1.28707385063171
2.31713097251631,0.522029693379416,1.29826807975769
2.31628694717258,0.523612160835594,1.30924534797668
2.31543970779735,0.525225092425628,1.32039999961853
2.31458062647416,0.526826136384098,1.33132886886597
2.31372898241244,0.528416537207849,1.34244108200073
2.31287443107829,0.53000764437759,1.35365200042725
2.31201541034747,0.53164169809238,1.36472654342651
2.31114505761642,0.533265653894594,1.37578868865967
2.31027827485619,0.534889010010227,1.38704228401184
2.30941617065305,0.536523924117317,1.39804697036743
2.30851691568132,0.538126936023372,1.4091169834137
2.30767419423244,0.539725951538785,1.42033839225769
2.30677907612109,0.541327637551671,1.43134307861328
2.30591589891062,0.542965614524024,1.44247722625732
2.30504840554687,0.54457607110401,1.45363855361938
2.30416008806135,0.546201862882131,1.46459293365479
2.30325270888733,0.547832224211676,1.47565817832947
2.30236538863629,0.549513061252244,1.48698043823242
2.30147520967418,0.551180867079992,1.49799466133118
2.30058015108888,0.552861106218718,1.50903844833374
2.29969023890818,0.55453795811413,1.52023935317993
2.29876076001026,0.556191915788114,1.53132057189941
2.29788268346662,0.557848412746442,1.54239940643311
2.29697968995618,0.55949468464356,1.55371427536011
2.29607690610435,0.56119948838956,1.56470704078674
2.29516309090263,0.562879509560624,1.57587385177612
2.29425132758836,0.564571523973945,1.58707976341248
2.29334441337825,0.566264125416995,1.59811592102051
2.2924022730931,0.567937199246435,1.60912847518921
2.29151144133147,0.56960894261748,1.62033486366272
2.29058091483496,0.571282283064905,1.63129687309265
2.28966054049111,0.573010973612041,1.64246726036072
2.28873478132387,0.574733570705084,1.65375924110413
2.28780663269369,0.57645263491565,1.66484045982361
2.28688204234941,0.578189119275632,1.67598366737366
2.28594549000789,0.579895801576539,1.68724370002747
2.28501342917697,0.581608853050693,1.69828414916992
2.28406717571558,0.583306848525197,1.70935583114624
2.28313135932959,0.585062228359541,1.7204921245575
2.28218969776906,0.586811126379716,1.73139357566834
2.28125046825818,0.58855226080511,1.7430272102356
2.28031398143552,0.590313637207105,1.75537800788879
2.2793666029662,0.592045865969523,1.76894807815552
2.27842415057882,0.593781645340278,1.78030896186829
2.27748701453348,0.595529369689961,1.79173898696899
2.27653824361273,0.597248414721459,1.80317950248718
2.27559512998844,0.598971619448107,1.8144109249115
2.27463721397467,0.600681776311412,1.82549548149109
2.27370241275606,0.602434559027654,1.8366711139679
2.27274277534345,0.604183733184237,1.84783411026001
2.27179514548718,0.605931780205796,1.85904622077942
2.27085422437024,0.607695571649596,1.87042617797852
2.26990386235167,0.609427185829505,1.88141202926636
2.26896057954254,0.611158352514049,1.89235210418701
2.26800168894297,0.612884929161917,1.90359401702881
2.26705972842413,0.614655552132246,1.91463112831116
2.26608563249303,0.61642639757567,1.92568182945251
2.26513905934059,0.618185747568126,1.93692755699158
2.26419809414556,0.619961844648022,1.94796371459961
2.26324804521613,0.621712931058596,1.95898532867432
2.26230716073535,0.623449695083728,1.97028350830078
2.26136947050959,0.62520305245822,1.98129558563232
2.26042152985993,0.626935802047293,1.99255204200745
2.25948206520699,0.628656591925869,2.00377821922302
2.25852634731974,0.630389705436065,2.01482748985291
2.25757668349458,0.632165041953853,2.0259096622467
2.25662513150584,0.633919431774247,2.03711581230164
2.25568145022166,0.635669211871946,2.04811882972717
2.25474190838064,0.63743727263869,2.05928635597229
2.25379286235656,0.639182472392039,2.07048201560974
2.25285125915165,0.640918242463191,2.08141994476318
2.25191570921961,0.642666632108817,2.09247231483459
2.25096986598329,0.644391760673222,2.10376334190369
2.24994445566581,0.646143990245947,2.11477589607239
2.24899516824823,0.647907203488582,2.12584137916565
2.24805726505556,0.649680577557761,2.13708329200745
2.24711091488253,0.651425658433616,2.14810466766357
2.24617085012635,0.653171303171585,2.15927410125732
2.24523656254878,0.654927125646002,2.17052030563354
2.24427636093368,0.656646601311059,2.18150568008423
2.24333303193883,0.658357132998744,2.19254684448242
2.24237693358187,0.660073462674142,2.2037296295166
2.24142774123823,0.661843787563933,2.21474051475525
2.24048842926497,0.663594128408143,2.22580289840698
2.23954576974064,0.66535232763415,2.23707962036133
2.23860975488283,0.667119542955749,2.24807357788086
2.23766476745171,0.668853149566352,2.25922441482544
2.23671897495453,0.670583901584094,2.270503282547
2.23576464484896,0.672308658692659,2.28153443336487
2.23482410354585,0.674088629042607,2.29261660575867
2.23389119470543,0.675821807038939,2.30378222465515
2.23295639841811,0.677540057027847,2.31480503082275
2.23201855154085,0.679298830228323,2.32588195800781
2.23107109268401,0.681044133873266,2.33705019950867
2.23013153913022,0.682784579519914,2.34807872772217
2.22919689517225,0.684540513950176,2.35908842086792
2.22825221208332,0.686268216913508,2.37041664123535
2.22731226095665,0.687992607644551,2.38315558433533
2.22635097431382,0.68972711654215,2.39412498474121
2.22540117036613,0.691517723062824,2.40558481216431
2.22445411221793,0.693269907276357,2.41850996017456
2.22351064680646,0.6950401954971,2.42973971366882
2.22257500776451,0.696806648966829,2.44140625
2.22159253063957,0.698548585722866,2.45269584655762
2.22065935295482,0.700310410943622,2.46401000022888
2.21971898153506,0.702043632706346,2.47523736953735
2.21877844705354,0.70383457509074,2.48652172088623
2.21784365710006,0.70557651751916,2.49770569801331
2.21690709905761,0.707304261988207,2.50876116752625
2.21596848754527,0.709069384912284,2.51999163627625
2.21502065986951,0.710819002612704,2.5312705039978
2.21407813743573,0.712567221554087,2.54242420196533
2.2131430104668,0.714328380674575,2.55368256568909
2.21216111403185,0.716055960552063,2.56473445892334
2.21124376027056,0.717785081662068,2.57586526870728
2.21030256521928,0.719502819133649,2.58708381652832
2.20936332597358,0.721279480521023,2.59807777404785
2.20843023603072,0.723007463888296,2.60927414894104
2.20749430137766,0.724722989245159,2.620441198349
2.20655776427318,0.726470913100165,2.63145422935486
2.20561044935758,0.72819466115201,2.64288997650146
2.20466833828027,0.729932395224294,2.65399098396301
2.20368834814603,0.731682741398013,2.66501712799072
2.20274545310238,0.73347671188245,2.67620921134949
2.20180928392136,0.735221818354851,2.68733048439026
2.20087181228131,0.736951926787452,2.6983859539032
2.19993266985637,0.738718094576573,2.7095468044281
2.19898478877079,0.740466123817163,2.72063755989075
2.19804045008148,0.742218064953224,2.73162269592285
2.19710448903015,0.743974893111115,2.74285197257996
2.19615225198874,0.745704124686796,2.75400042533875
2.19519208849599,0.747427209721547,2.76500868797302
2.19426560568685,0.749154470354477,2.77611470222473
2.19332666101445,0.750929478728886,2.78734707832336
2.1923897842685,0.752663373847846,2.79847526550293
2.19144558441754,0.754382232003755,2.80963683128357
2.19050977124262,0.756130573821849,2.8207414150238
2.18957816518026,0.75784536493839,2.83189487457275
2.18863280521892,0.75957501679185,2.84309864044189
2.18766897753561,0.761308843197883,2.85422134399414
2.18671909940976,0.763106142555202,2.86551213264465
2.18578462169416,0.764850804105133,2.87672472000122
2.18484925261238,0.766579383381889,2.88789582252502
2.18391327416838,0.768339755668568,2.89954113960266
2.18296760027538,0.77007618934262,2.91054606437683
2.18203821965279,0.771837567496851,2.92192721366882
2.18112351852959,0.773571689033749,2.93332195281982
2.18018546990681,0.775368622382999,2.94425797462463
2.17925068346208,0.777123386802615,2.95562744140625
2.17831563655408,0.778863565237938,2.96726584434509
2.1773781148054,0.780643558210821,2.97823143005371
2.17644679667006,0.782379097792872,2.99012470245361
2.17551350234659,0.784102237164507,3.00277256965637
2.17457900900768,0.785860750235352,3.01397967338562
2.17363548352941,0.787603512170938,3.02505254745483
2.1726962631775,0.789346337787161,3.03637146949768
2.17169055242892,0.791103657409038,3.04766821861267
2.17074828976066,0.792902860560788,3.05880045890808
2.16981353062094,0.794657169823204,3.07002305984497
2.16887847917918,0.796396131940795,3.08112478256226
2.16794098218191,0.79817427148936,3.09226846694946
2.16701002847702,0.799907197756827,3.10347056388855
2.16607673512677,0.801628079687782,3.11463308334351
2.16514291087712,0.803381605093284,3.12572193145752
2.16419879345663,0.805122332985406,3.13694858551025
2.1632580131878,0.806860864483562,3.14800333976746
2.16227519317555,0.80861254003765,3.15914535522461
2.16133473816831,0.810410655656732,3.17037391662598
2.160400778158,0.812161812441695,3.18147420883179
2.15946599614063,0.813897618606008,3.19262361526489
2.15852907770351,0.815671415367702,3.2038049697876
2.15759916475109,0.817399087665017,3.21497941017151
2.15666683015176,0.819112353449789,3.22596979141235
2.1557327734209,0.820862110839769,3.23708486557007
2.15478864819998,0.82259981870189,3.24805021286011
2.15384920895638,0.824327296858912,3.25908541679382
2.15286835156296,0.826079789178381,3.27037191390991
2.15192878675983,0.827874198010219,3.28139662742615
2.15099609522083,0.829619640240592,3.2924325466156
2.15006198943344,0.831350115781483,3.30374431610107
2.14912649046814,0.833115547128324,3.31472873687744
2.14818188921249,0.834864246408532,3.32577705383301
2.14724112763643,0.836616342118595,3.33704614639282
2.14630850011959,0.838369411513365,3.34806299209595
2.14535892548797,0.840098076674018,3.35919213294983
2.14440605053629,0.841822115705701,3.37045001983643
2.14348410004362,0.843548337280926,3.3815290927887
2.14254895563273,0.845321799969847,3.3926568031311
2.14161587886922,0.847054308952237,3.40381526947021
2.14067830196909,0.848769851669434,3.41474676132202
2.1397232084426,0.850499434086906,3.4258542060852
2.13876520402448,0.852308174837369,3.43709826469421
2.13782924604188,0.854073705602945,3.4481418132782
2.13689555067134,0.855821026386445,3.45917534828186
2.13595939776979,0.857607521890411,3.47043228149414
2.13502887976092,0.859350049420903,3.48138189315796
2.13409691384643,0.861079124871151,3.49237656593323
2.13316376343241,0.862843506451883,3.503573179245
2.13222194337731,0.864590474213864,3.51463198661804
2.13128352412891,0.866341132943043,3.52579665184021
2.13028857038408,0.868106250859531,3.5370306968689
2.12934940464141,0.869908572422316,3.54807090759277
2.12841772894607,0.871660600416517,3.55914497375488
2.12748504830685,0.873396175990198,3.57040166854858
2.12655041211789,0.875168467892008,3.58139824867249
2.12562285040826,0.876894379556821,3.59238791465759
2.12469228758373,0.878608186495494,3.60359740257263
2.12375826272295,0.880334913405565,3.61467123031616
2.12281892703276,0.882122973713049,3.62573719024658
2.12188438497128,0.883878614512117,3.63695359230041
2.12095070098075,0.885620164969237,3.64791584014893
2.12001454757704,0.887402290364747,3.65899014472961
2.1190844857711,0.88914038595675,3.67028522491455
2.11815260704788,0.890865808305445,3.68132185935974
2.11722003578228,0.892624233568276,3.69236516952515
2.1162769670269,0.894370374467281,3.70354151725769
2.11533870778086,0.896118144818157,3.71459555625916
2.11433240407278,0.897881767255577,3.72561407089233
2.11339252815106,0.899681753653196,3.73680329322815
2.1124614212108,0.901429043688154,3.74798083305359
2.11152870728281,0.903160097748961,3.75909018516541
2.11059412027818,0.904927191902657,3.77042174339294
2.10965083601163,0.906676840779382,3.78136324882507
2.10871182133658,0.908427462480285,3.79246544837952
2.10778037323639,0.910184537948234,3.80373239517212
2.10682823145841,0.911912400177362,3.81481719017029
2.10589864056324,0.913629435401376,3.8258912563324
2.10497161564534,0.91535377385939,3.83710217475891
2.10403795646961,0.917126867803885,3.84803366661072
2.10310690369954,0.918858239340835,3.85910224914551
2.1021707177096,0.920572398722273,3.87038660049438
2.10123115471422,0.922295687814976,3.88135671615601
2.10027595161516,0.924100726074498,3.89240312576294
2.09934174865583,0.925863409130322,3.90370893478394
2.09840942428527,0.927608202998263,3.9147162437439
2.09747473212227,0.929391730641324,3.92580795288086
2.0965462599559,0.931130222709061,3.93709969520569
2.09561608307597,0.932854438840388,3.94806814193726
2.09468476803666,0.934613058329398,3.95916509628296
2.09374319973323,0.936359718021708,3.97041988372803
2.09280666856282,0.938107418192528,3.98144054412842
2.09179965734955,0.939872315865373,3.99249386787415
2.09086036538838,0.941673825595859,4.00374937057495
2.0899312689609,0.943424784436613,4.0147750377655
2.08900088819703,0.945159914534313,4.02583503723145
2.08806781562625,0.946933910378545,4.03701901435852
2.08712659334797,0.948688776159864,4.04798078536987
2.08619145276644,0.950441709313628,4.05899906158447
2.08526083942421,0.952212140776749,4.07042026519775
2.08432109192811,0.953953526313896,4.08138799667358
2.08338688010264,0.955700591402495,4.09244012832642
2.08240786050594,0.957454068850283,4.10367131233215
2.08147074627452,0.959246778379934,4.11469602584839
2.08054228677714,0.960992143320978,4.12578082084656
2.07961220208406,0.962723602509556,4.13702464103699
2.07867960356718,0.964493836837852,4.14802479743958
2.07773888793829,0.966244523190099,4.15910196304321
2.07680392346209,0.967994816055349,4.17043590545654
2.07587365483353,0.969762216496307,4.18138885498047
2.07493412506301,0.971500560829297,4.19244742393494
2.07400039507929,0.973244476601792,4.2037525177002
2.07303487618342,0.974991174547823,4.21481943130493
2.07209929028545,0.97678027312525,4.2258791923523
2.07117196413025,0.978521009700235,4.23709583282471
2.07024255134716,0.980247728911603,4.24806976318359
2.06931127528428,0.982010134928104,4.25914478302002
2.06836979303642,0.983759667348154,4.2703697681427
2.0674341961292,0.985510161221198,4.2813606262207
2.06650546525894,0.987273448804262,4.29236698150635
2.06556774140565,0.989004495945025,4.30365705490112
2.06462672154178,0.990732699146231,4.31470060348511
2.06367529969267,0.992458476073458,4.32577347755432
2.06274009256137,0.994239324992635,4.33704042434692
2.06180456491621,0.996002646282915,4.34807348251343
2.06086753787359,0.997779201713156,4.35922312736511
2.05993755681886,0.999551394549465,4.37044930458069
2.0589527180227,1.0012963960475,4.38152766227722
2.05802463859501,1.00305710338069,4.39263582229614
2.0570977626876,1.00479376464015,4.40387940406799
2.05616310282436,1.00658906794541,4.41495394706726
2.05523365688129,1.00833812458936,4.42616534233093
2.05452972952438,1.00980871915069,0.012789726257324
2.05407973153801,1.01098317982875,0.024595499038696
2.05383409104396,1.01167542758712,0.035531044006348
2.05375231457101,1.01196948649338,0.047205924987793
2.05379385144712,1.01207594660931,0.058601379394531
2.05383269222028,1.0121122138573,0.069593906402588
2.05378495613569,1.01212677204734,0.081791162490845
2.05381012277579,1.01214260593849,0.094184398651123
2.05383648965043,1.01213696584598,0.105136871337891
2.05393670904511,1.01185449795057,0.116697072982788
2.05387722712151,1.01169223370976,0.127919673919678
2.05387762700762,1.01162831753305,0.140373229980469
2.0538819945543,1.01155292633983,0.151240110397339
2.05389272505466,1.01147299550631,0.162562370300293
2.05387259636,1.01145057253826,0.175332307815552
2.05386257511956,1.01139057893624,0.18621301651001
2.05385926604859,1.01131837457672,0.198158025741577
2.0539285398206,1.0112835402535,0.209621667861938
2.05389783427054,1.01123172551721,0.220944404602051
2.05387862186967,1.0111628455333,0.231997489929199
2.05393130558559,1.01112988701006,0.243334770202637
2.05398799251977,1.01108772200805,0.254467248916626
2.05384030837499,1.0111269660904,0.265594959259033
2.05369113549563,1.01111786953676,0.276856184005737
2.05357414062146,1.01120047303086,0.287973165512085
2.05356532841169,1.01117466022529,0.298964500427246
2.05325330011233,1.01139063234873,0.310277462005615
2.05273597510063,1.01182324562744,0.321403980255127
2.05206013049792,1.01235690308383,0.332490682601929
2.05121951298596,1.01296903645385,0.343616962432861
2.05021067017935,1.01364578884734,0.35480260848999
2.04903852710227,1.01438545463983,0.365914583206177
2.04781667231377,1.01513107282941,0.377198934555054
2.04655712226236,1.01588032844221,0.388283967971802
2.04526483671019,1.01663281228575,0.399407863616943
2.04393653317979,1.01738896141755,0.410613536834717
2.04259535193424,1.0181326465695,0.421666860580444
2.04128617079838,1.01888145711039,0.432790040969849
2.0399735838866,1.019634559957,0.444089412689209
2.03864117161121,1.02039135690225,0.455154895782471
2.03731642161954,1.02113219522775,0.466274976730347
2.03602150351926,1.02188017266738,0.477485179901123
2.03472517801838,1.02263282587328,0.488508939743042
2.03341043852933,1.02338877711073,0.49955153465271
2.03206573278029,1.02414862929965,0.51080060005188
2.03070876779826,1.02489655334665,0.521785020828247
2.02938630321477,1.02564898716767,0.532849550247192
2.02806140246011,1.02640560809838,0.544159889221191
2.02671693344936,1.02716584957458,0.555171012878418
2.02537697404638,1.02791149984231,0.566298484802246
2.0240680468289,1.0286634051627,0.577521324157715
2.02275524689148,1.02941978841002,0.588548183441162
2.02142542263381,1.03017981494174,0.599628925323486
2.0200796390962,1.03093383955886,0.610858201980591
2.0187431294046,1.03166725547312,0.621848344802856
2.01742178925021,1.03241947893993,0.633962631225586
2.01609754361433,1.03316183877114,0.645898580551147
2.01473304907777,1.03393433588107,0.659323930740356
2.0133745888045,1.03468448335075,0.670801162719727
2.0120509876411,1.03543924399433,0.682089805603027
2.01072509136147,1.03619835463856,0.693872928619385
2.00937980485562,1.03696110320855,0.704690217971802
2.00804330949041,1.03770758530741,0.71597957611084
2.00673837884543,1.03846164426356,0.727458953857422
2.00542929552568,1.03922021701019,0.738235950469971
2.00409875034013,1.03998219362327,0.749378204345703
2.00273993545154,1.0407477581491,0.761015176773071
2.00136927283525,1.04150147587353,0.772491216659546
2.00003279633245,1.04225988292358,0.783656358718872
1.99869360053391,1.04302245169188,0.795542716979981
1.9973345987383,1.04378854079099,0.808227062225342
1.99597945325519,1.04454048640163,0.819157838821411
1.99465611228252,1.04529859296632,0.83084511756897
1.9933316608798,1.04606105830209,0.842809915542602
1.99198394227167,1.04682701256306,0.854202747344971
1.99061804689526,1.0475873688954,0.865356922149658
1.98926153354575,1.04832838836109,0.87668514251709
1.98793115670617,1.04907269409339,0.887948513031006
1.98659815483608,1.04981868197393,0.899038076400757
1.98525087220658,1.05057660549139,0.91027307510376
1.98392361574529,1.05130853320299,0.921524524688721
1.98260023062184,1.05207346522985,0.932710409164429
1.98127540090756,1.05282455585054,0.943968296051025
1.97991405899165,1.05362670728517,0.955059289932251
1.97851262837664,1.05439932001394,0.966084003448486
1.97711491151727,1.05515395786198,0.977375268936157
1.97576833749134,1.05589605239765,0.988458633422852
1.97441837179396,1.05667395865777,0.999598979949951
1.97305070629349,1.05743958247805,1.01083254814148
1.97168640416422,1.05819495673384,1.02180910110474
1.97035843282918,1.05893637986795,1.03294324874878
1.96900454447618,1.05972250129475,1.04419684410095
1.96762509228652,1.06052824617446,1.05521440505981
1.96619205653751,1.06131501348945,1.06653141975403
1.96478363228353,1.06207835876398,1.07786655426025
1.96340956922591,1.06284923848402,1.08906388282776
1.96203228052667,1.06362426343767,1.10028767585754
1.96064299691877,1.06439481337515,1.11139512062073
1.95926113245072,1.0651574930031,1.12282800674438
1.9579023366501,1.06592848300691,1.13386917114258
1.95653535934497,1.06670369622203,1.14499425888062
1.95515590451693,1.06747400401752,1.15657639503479
1.95378535791635,1.0682359338928,1.16761422157288
1.95243579202383,1.06900676602691,1.17895483970642
1.95108028239976,1.06978197583294,1.1905529499054
1.94971393492826,1.07055153523038,1.20162415504456
1.94834178201756,1.07131933354682,1.21288657188416
1.94695021984852,1.07207830133897,1.22484588623047
1.94557469834706,1.07285714541739,1.23587870597839
1.94416414418095,1.07367230691155,1.2482271194458
1.94271335868707,1.07446623584386,1.26249361038208
1.94129299221868,1.0752310433101,1.27574777603149
1.93992979836875,1.07597921765362,1.28693342208862
1.93856096499745,1.0767699091641,1.29848599433899
1.93717514590791,1.07754405973446,1.31010317802429
1.93579736395286,1.07831099368652,1.32123398780823
1.93443886711984,1.07908667404627,1.33234548568726
1.93307046383466,1.0798667154714,1.34364295005798
1.93169273962553,1.08064105576304,1.35479140281677
1.93031439137881,1.08141350789801,1.36594438552856
1.92891534911412,1.08217527506851,1.37711668014526
1.92752993124632,1.08295328599679,1.38829302787781
1.92614986159311,1.08372514423758,1.3993399143219
1.92476787851556,1.08453785246853,1.41050004959106
1.92337394295718,1.08530238671046,1.42172694206238
1.92200539637178,1.08606509884539,1.43284749984741
1.92062074187001,1.08687620646051,1.44415712356567
1.91921631333115,1.08766115701335,1.45523142814636
1.91782394636203,1.08843644714351,1.46631360054016
1.91645257344856,1.08922057126792,1.47752404212952
1.91507181225062,1.09000915887546,1.48864698410034
1.91367966723063,1.09079343872972,1.4998471736908
1.91227996453487,1.09157704312144,1.51092314720154
1.9108537431132,1.09236145468848,1.52192759513855
1.9094377294425,1.0931675988056,1.53307867050171
1.9080299429818,1.09395291453265,1.54440259933472
1.90662685525494,1.09471857143945,1.55544805526733
1.90520221043815,1.09550255204155,1.56651425361633
1.903812169427,1.09630807971221,1.57767915725708
1.90242040068317,1.09709360797406,1.5887713432312
1.90103210971687,1.0978775478157,1.59989166259766
1.89961961765817,1.09866196154162,1.61103558540344
1.89823916876459,1.09947490328724,1.62199592590332
1.89685764168692,1.10026153521056,1.63300538063049
1.89549333277808,1.10103913124155,1.64422392845154
1.89410668289179,1.10183092815783,1.65522861480713
1.89268055412655,1.10261942247419,1.6662917137146
1.89127385621242,1.1034552358485,1.67757701873779
1.8898628305195,1.104249381252,1.68863940238953
1.88845618632723,1.10503980644336,1.69976592063904
1.88704352196911,1.10582723994362,1.71093273162842
1.88564763919135,1.10662337398732,1.72199678421021
1.88425518185863,1.10741617041467,1.73306798934937
1.88285602941926,1.10820877336424,1.74427771568298
1.88145053761675,1.10899559609151,1.75526857376099
1.88006151050282,1.10979169368424,1.76630067825317
1.87867019247103,1.11058419382961,1.77759456634521
1.87727263654406,1.11137715447251,1.78858733177185
1.87585687750488,1.11217043371174,1.7996346950531
1.87440498488053,1.11296661395667,1.81087255477905
1.87298609273463,1.11375919627634,1.82192635536194
1.87158023154913,1.11455096663511,1.83377814292908
1.87015880240546,1.11533618178108,1.84626317024231
1.86871044248184,1.11612826079383,1.86025905609131
1.86730086224236,1.11691680134743,1.87129735946655
1.86590035521198,1.11770668148847,1.88238382339478
1.86448997123147,1.11850678106334,1.89365530014038
1.8630456864185,1.11929875461943,1.90495109558105
1.86162521461024,1.12014041930896,1.9160258769989
1.86019834450134,1.12094029933044,1.92731261253357
1.85876858758229,1.12171984640802,1.93832015991211
1.85733157590541,1.12251217899129,1.94948244094849
1.85591089312692,1.12331321276343,1.96069884300232
1.85448672800677,1.12411135800576,1.97170662879944
1.85306194897045,1.12490881338709,1.98278617858887
1.85162445607241,1.12570191247016,1.99399518966675
1.8502040659524,1.12650341593231,2.00509452819824
1.84878401750861,1.1273019754949,2.01631355285645
1.84736050781604,1.12809995527627,2.02750658988953
1.84592407679615,1.12889286602267,2.03848743438721
1.84450870184641,1.12969469885698,2.04963779449463
1.84309052374225,1.13049348167959,2.06076049804687
1.84166544022911,1.13129200272533,2.07167291641235
1.84021848760165,1.13209334694357,2.0827009677887
1.8387422854326,1.13289332436541,2.09381198883057
1.83729450254748,1.13369273514318,2.10496044158936
1.83585623896364,1.13449243899844,2.11604738235474
1.83440646707173,1.13529255989188,2.12729716300964
1.83292187560671,1.1360965960303,2.13833832740784
1.83146798443606,1.13689699486775,2.14938068389893
1.83002793895358,1.13769540221284,2.16080331802368
1.82857784143603,1.13848364655739,2.17184209823608
1.82709206226826,1.13928732761185,2.18284749984741
1.82564452415001,1.14008498085301,2.19409775733948
1.82423576972242,1.14084865639537,2.20521306991577
1.82278950674574,1.14166428446309,2.21637415885925
1.82130506385876,1.14247010396031,2.22752118110657
1.81986217381655,1.14326710223114,2.23859214782715
1.81842937583082,1.1440663025351,2.24965977668762
1.81698219053472,1.14486957332397,2.26083755493164
1.81549512776343,1.1456757999168,2.27178525924683
1.81404958055879,1.14647432989767,2.2827582359314
1.81261491250878,1.14727469456407,2.29386115074158
1.81116738146145,1.14807888579968,2.30494022369385
1.80968031563963,1.14888604489449,2.31596851348877
1.8082310197163,1.14968688868215,2.32712554931641
1.80681984242016,1.15045183773115,2.33830189704895
1.80537738710674,1.15126750654053,2.34935259819031
1.80389076032335,1.15207793254578,2.36065244674683
1.80244005151163,1.15288107165373,2.37170743942261
1.80102407522939,1.15365156122826,2.38298535346985
1.79957854701901,1.15448090038002,2.39415097236633
1.79807896790344,1.15530101313836,2.40517997741699
1.79662409503078,1.15610600785875,2.41633296012878
1.79517993826315,1.15691161006224,2.42753267288208
1.79374037967683,1.15769984368392,2.43857932090759
1.79227034342523,1.15849966421223,2.44963455200195
1.7908258009938,1.15930484306762,2.46128916740417
1.7893927538906,1.16011153620788,2.47418236732483
1.78794839589265,1.16090416391915,2.48521780967712
1.78647685138649,1.16171393621344,2.49731731414795
1.78503106780862,1.16252139783868,2.50971913337708
1.78360636455799,1.16334551111278,2.52119278907776
1.78215695826364,1.16415837873921,2.53270673751831
1.78068243803535,1.16496971825744,2.54419898986816
1.77919127860289,1.16577057276556,2.55506563186645
1.77773592106647,1.16657807673288,2.56659984588623
1.7762758061268,1.16739106748705,2.57781171798706
1.77479406576529,1.16820792456643,2.58966684341431
1.77330405216975,1.16901038238453,2.60072660446167
1.77184741735582,1.16981922793037,2.61191201210022
1.77038513659609,1.17063349706446,2.62362933158875
1.76890084340495,1.17145163710479,2.63452076911926
1.7674074165593,1.17225556834882,2.64576721191406
1.76594804625898,1.17306556122801,2.65722060203552
1.76448278794835,1.17388114547465,2.66831874847412
1.76299538372319,1.17470061555807,2.67966222763062
1.7614985111774,1.17550588658545,2.69108963012695
1.76003577412154,1.17631713601564,2.70200037956238
1.75856719542335,1.17713395906842,2.71331763267517
1.75707641551513,1.17795466864904,2.72465896606445
1.75557551646186,1.17876137905516,2.73564052581787
1.75410869586266,1.17957401139668,2.74697637557983
1.75263647995583,1.18039206599689,2.75921154022217
1.75114194740084,1.18121407036582,2.77055716514587
1.7496364155901,1.1820224366918,2.78244543075562
1.7481641750747,1.18283671043257,2.79362487792969
1.74668842357223,1.1836557660889,2.80478930473328
1.74518986150514,1.18447911665571,2.81600069999695
1.74367935011932,1.18528903453896,2.82744669914246
1.74220217678849,1.18610466094954,2.83838701248169
1.74072199415448,1.18692486629246,2.84963893890381
1.73920814556523,1.1877468513483,2.86084961891174
1.73773476910585,1.18856134575399,2.87189841270447
1.73627092174874,1.18937605012751,2.8829939365387
1.73479560442687,1.19019690288568,2.89417600631714
1.73329321621302,1.19102214713184,2.90514278411865
1.73177522796547,1.19183503219137,2.91624784469604
1.73028924841979,1.19265335530269,2.92751741409302
1.72880027138557,1.19347585853328,2.93846416473389
1.72727800025419,1.19429997592923,2.94955968856812
1.72579732572936,1.19511981952135,2.96083807945251
1.72432541354225,1.19593687815933,2.97179746627808
1.72284021900887,1.19675086527412,2.9828929901123
1.72134222090872,1.19756827930697,2.99407029151917
1.71986927794614,1.19838871731875,3.00503253936768
1.71839913630934,1.19920957014292,3.01613283157349
1.71691020035262,1.20003330384547,3.02741265296936
1.71539606910341,1.20085892097533,3.0387396812439
1.71385471796423,1.20167582237989,3.05013680458069
1.71234973334623,1.2024965970506,3.06123566627502
1.71084930395804,1.20329794957878,3.07327508926392
1.70931103800731,1.20412519842088,3.08431935310364
1.70780528295179,1.20494325231415,3.09577393531799
1.70631622074892,1.20575592022934,3.10730004310608
1.7048032442682,1.20664585867414,3.11826038360596
1.70324795842111,1.20751898948808,3.12958669662476
1.70168125418528,1.20834330421574,3.14134120941162
1.70015717087296,1.20916944215914,3.1522696018219
1.69863283217635,1.20999842167238,3.16350364685059
1.69711478256479,1.21081376749596,3.1759307384491
1.69563030333077,1.21163634942373,3.18728804588318
1.69414160738553,1.21246284558442,3.19887161254883
1.69263173907432,1.21329194775551,3.21024894714355
1.69111640458622,1.21410871430206,3.22139835357666
1.68963155119396,1.21493195664928,3.2324960231781
1.68814570094384,1.21575899909565,3.24362850189209
1.68663526787839,1.21658886540314,3.25478935241699
1.68510967627336,1.2174063960664,3.26587820053101
1.68361911419004,1.218230332431,3.27703094482422
1.68212658706137,1.21905755886442,3.28823852539062
1.68060910936089,1.21988746434176,3.2992992401123
1.67907539159021,1.22070608463204,3.31048679351807
1.67757596538548,1.22153064558762,3.32166314125061
1.67607642125577,1.22235872895389,3.33275580406189
1.67455387068547,1.2231886647945,3.34416389465332
1.67301264743368,1.22400854568973,3.35523653030395
1.67150504082325,1.22483387318002,3.36637115478516
1.66999897069227,1.22566259757019,3.37756562232971
1.66846719273912,1.22649347469171,3.38853859901428
1.66691680047172,1.22731449279654,3.39966821670532
1.66540075756692,1.22814060106245,3.41087222099304
1.66388440848956,1.22896992241352,3.42183399200439
1.66234631136778,1.22980119349709,3.43292450904846
1.66078517005094,1.23062388245569,3.44416165351868
1.65925926128585,1.23145094903383,3.45521092414856
1.65772961343165,1.23228102983277,3.46622228622437
1.65619064291625,1.23310595560017,3.47755885124207
1.65464371883236,1.23392607060631,3.48862028121948
1.65312016853342,1.23475397164215,3.49971103668213
1.65158744154588,1.23558489711829,3.51089024543762
1.65003769137636,1.2364110875404,3.52192187309265
1.64848284721117,1.23723254817333,3.53298735618591
1.64695099118238,1.23806128069047,3.54424118995666
1.64540972600833,1.23889287583512,3.55528545379639
1.64384726813293,1.23972051094893,3.56629323959351
1.64227507970367,1.24054479293937,3.57755541801453
1.64108664797286,1.24098334182349,0.012325525283814
1.64022575301134,1.24131025574014,0.023297071456909
1.63984083092637,1.24134859294082,0.034601926803589
1.63969794379187,1.2413586702138,0.046435832977295
1.63966484629457,1.24130982533692,0.058484554290772
1.63961179688793,1.24131164027706,0.071956157684326
1.63955092149867,1.24131579755915,0.084645986557007
1.63948980246435,1.24134114150224,0.097902774810791
1.63964316266846,1.24137038668143,0.108864545822144
1.639687904447,1.24143795204957,0.120364189147949
1.63967667916993,1.24150766268463,0.132578372955322
1.63963804887211,1.24157753017603,0.143711566925049
1.63958450334408,1.24164780381771,0.154755592346191
1.639521299866,1.24171877551881,0.165953159332275
1.6395144891706,1.2417103144621,0.1771240234375
1.63950623111688,1.2417353105,0.188230276107788
1.63949327115864,1.24178419159771,0.199398279190064
1.63948874606631,1.24182595951861,0.210623502731323
1.63948845485826,1.24186457508402,0.22170090675354
1.63949028994635,1.24190016610742,0.232931613922119
1.63949297270143,1.24193333938261,0.243990421295166
1.63949559112324,1.24196475361769,0.255110740661621
1.63952147325723,1.24196610234236,0.266489505767822
1.63955248033267,1.24195176870846,0.277508735656738
1.63958036765296,1.24196205146988,0.288526296615601
1.63960868201601,1.24196437619478,0.299780607223511
1.63961129760389,1.24200777792322,0.310847043991089
1.63961795462128,1.24204868518875,0.321911334991455
1.63962661695084,1.2420863876925,0.333205938339233
1.63963597006496,1.24212118802359,0.344172239303589
1.63964417471033,1.24215504970855,0.355184078216553
1.63963735536402,1.24218833345709,0.366499423980713
1.6396320573809,1.24222781281681,0.377476453781128
1.63962435228632,1.24226936191792,0.38848090171814
1.63959615027227,1.24236481470306,0.399754524230957
1.63956243848115,1.24245980255455,0.410780429840088
1.63952605582992,1.24255393353709,0.421852827072144
1.63948662452439,1.24264903875201,0.433201789855957
1.63944382831935,1.24274529510813,0.444191455841064
1.63939732743389,1.24284307211051,0.455414533615112
1.63940721092314,1.24283277645515,0.466614246368408
1.63943488881602,1.2428343346619,0.477572917938232
1.6394546818301,1.24283944659529,0.488607168197632
1.63941511321339,1.24294043262828,0.499866008758545
1.63936764190019,1.24305120502045,0.510876417160034
1.6393287050723,1.24316194380396,0.522020816802979
1.63929072057092,1.24327143045308,0.533236503601074
1.63926064943575,1.2433225705927,0.544218301773071
1.63923902574374,1.24336899733372,0.555464267730713
1.63921624475717,1.24341582783957,0.566561460494995
1.63919164134923,1.24352134594795,0.577517509460449
1.63916594301825,1.24362771504594,0.588546514511108
1.63913869707262,1.24373566223302,0.599763154983521
1.63910947038298,1.24384511150592,0.610743761062622
1.63907834905427,1.24395652993931,0.621858596801758
1.63909399985903,1.24395633091763,0.633139848709106
1.63884373041824,1.24419483755743,0.644219636917114
1.63845258616108,1.24452853521157,0.655281543731689
1.63791764041572,1.24499048320928,0.666818618774414
1.63719366028374,1.24575287457008,0.678033351898193
1.63630204124121,1.24681157496968,0.689205646514893
1.63539818950006,1.24801534872724,0.700282573699951
1.63444740902894,1.24935530696284,0.712378025054931
1.63348766332317,1.25078807319114,0.723483562469482
1.63251742004558,1.25222836069297,0.734969139099121
1.63153534504159,1.25369144543169,0.747954845428467
1.63054345547082,1.25518155066593,0.758871555328369
1.62956870554092,1.25668568043566,0.770461320877075
1.62858674663682,1.25816415235431,0.781862735748291
1.62759187351794,1.2596537015386,0.793168544769287
1.62659453882436,1.26118097149744,0.804343700408935
1.62560029729308,1.26266802766372,0.815820455551147
1.62460379882056,1.26414810553628,0.827063083648681
1.62359828036816,1.26564631701822,0.838152170181274
1.62258783512616,1.26719779196519,0.84943413734436
1.62157290864738,1.26871030565931,0.860293865203857
1.62058044495918,1.2701998967538,0.871347665786743
1.61952688214154,1.27174072609046,0.882541656494141
1.61850033722263,1.27332316060687,0.893697738647461
1.61747774327592,1.27486101105067,0.904702186584473
1.61645551639627,1.27639145880535,0.916006565093994
1.61543240190328,1.27795302176119,0.927229404449463
1.61439203665925,1.27949321778233,0.938338756561279
1.61337346505335,1.28103590545213,0.949529409408569
1.6123508359362,1.28257360601762,0.960675477981567
1.61131358242089,1.28416600619849,0.97177243232727
1.61027428141283,1.28571897446026,0.983105897903442
1.60924412932442,1.28725935072343,0.994142532348633
1.60820841208267,1.28882921651853,1.00538754463196
1.60715310003705,1.29037750811122,1.0167031288147
1.60609283717997,1.29192901540782,1.02778124809265
1.60502182478438,1.29349319596964,1.03887677192688
1.60396603525837,1.29509772564179,1.05003952980042
1.60291113751056,1.29667564326967,1.06103825569153
1.60183142670228,1.298265019344,1.07223343849182
1.60074226136005,1.29985962096129,1.08342623710632
1.59966858185133,1.30150432703309,1.0946204662323
1.5986002206382,1.30310331417606,1.10576248168945
1.59753107564007,1.30469626344883,1.11704277992249
1.59645866360205,1.30632792854356,1.12805938720703
1.59536877930524,1.30794702038385,1.13910818099976
1.59427602307209,1.30956524460866,1.15030193328857
1.59319856349084,1.31120023026828,1.16153383255005
1.59207508535127,1.31280647721867,1.17256784439087
1.5909750274065,1.31441640036058,1.18372178077698
1.58988172811769,1.31601903527172,1.19512438774109
1.58878839109407,1.31767656125411,1.20615601539612
1.58767966506498,1.31930680032973,1.21747446060181
1.58656676968995,1.32094880249161,1.22907209396362
1.58547152038737,1.3225929538222,1.24011254310608
1.58433008782871,1.32421783492833,1.25150156021118
1.58321903736637,1.32584502881226,1.26334023475647
1.58212669339755,1.32746525836182,1.27439212799072
1.58102305831869,1.32913319766084,1.28574323654175
1.57991834580675,1.33075868426528,1.29698729515076
1.57881248785628,1.33238094514212,1.30805945396423
1.57771971638992,1.33401758193815,1.32007884979248
1.57662396961934,1.33561943118077,1.33163523674011
1.57550534950225,1.3372415616189,1.342848777771
1.57437900544629,1.3388736153077,1.35467958450317
1.5732631946835,1.3405701594155,1.36596965789795
1.57213700563183,1.34224049894054,1.37715315818787
1.57100912275961,1.34391245625928,1.38831663131714
1.56990284871413,1.34557851923807,1.39948773384094
1.56874985029252,1.34722105386641,1.41075968742371
1.5676471222349,1.34886682926884,1.42200875282288
1.56653514603822,1.35050205264127,1.4332423210144
1.56542339158411,1.35219287507772,1.44422841072083
1.56431596634033,1.35383212102923,1.45522141456604
1.56320910585126,1.3554643114514,1.46657252311707
1.56210217172369,1.3571308972624,1.47756671905518
1.56098179343932,1.3587814401949,1.48860454559326
1.5598590522038,1.36042886132664,1.49986934661865
1.55869884588749,1.36209923297939,1.51090550422668
1.55757729114938,1.36380553728484,1.52199673652649
1.55646284457618,1.36546172810082,1.53327369689941
1.55535194717254,1.36710795990687,1.54422664642334
1.55423952636512,1.3687921912919,1.55538368225098
1.55313216582077,1.37042816767377,1.56656193733215
1.55202560554689,1.37205826502753,1.57754278182983
1.55092087781017,1.37372097525712,1.58860540390015
1.54979939708017,1.37537082392388,1.59985542297363
1.54867643358574,1.3770174336438,1.61088371276855
1.54748877424668,1.37868562234039,1.62193179130554
1.54636622525481,1.38038845619508,1.63323473930359
1.54525197806024,1.38203784101974,1.64423108100891
1.54414044551063,1.38367737236439,1.65536832809448
1.54302853408799,1.38535190892347,1.66657185554504
1.54192241008912,1.38697757538592,1.67754697799683
1.54081716476796,1.38859712869959,1.68862748146057
1.53971143058431,1.39025007512417,1.69987607002258
1.53858929555803,1.39189206549027,1.71089506149292
1.53746609237377,1.39352176669377,1.72215795516968
1.53631085771224,1.39518046843991,1.73331737518311
1.53519224543157,1.39687421800132,1.74424934387207
1.53408078849511,1.39851557253146,1.75532579421997
1.53297095848048,1.4001488540479,1.76656103134155
1.53186329899472,1.40181370570803,1.77756714820862
1.53073869472137,1.40346555810465,1.7886164188385
1.52961077364532,1.40511380156701,1.799884557724
1.52843946487508,1.4067808084851,1.8108983039856
1.52731416900007,1.4084910552496,1.8219895362854
1.52619558226017,1.41015012469765,1.8332257270813
1.5250811818901,1.41179816511787,1.84422588348389
1.52396507083181,1.4134843978313,1.85533547401428
1.52285328092984,1.41512294947054,1.86660885810852
1.52174309978729,1.41675502211483,1.87765026092529
1.5206328244631,1.41842218566047,1.88939595222473
1.51950892640357,1.42007337020789,1.90070199966431
1.51838253242357,1.42172172434727,1.91349315643311
1.51727625204291,1.42338254002466,1.92439126968384
1.51612148901681,1.4250116507897,1.93616986274719
1.51502175020615,1.42664474253207,1.94807624816895
1.51390902866224,1.4282691160446,1.95907354354858
1.5127972301222,1.42994666023129,1.97078156471252
1.51168994843092,1.43157321814259,1.98257780075073
1.51058239143874,1.43319430309712,1.99374222755432
1.50947682152315,1.43484260280357,2.00484442710876
1.50835206667616,1.43646952800263,2.01601004600525
1.50723137789091,1.43810927207585,2.02719831466675
1.50607396092379,1.43976873774974,2.03837585449219
1.50495377112809,1.4414636512376,2.04979610443115
1.50384042101432,1.44310576231469,2.06074857711792
1.50272888314952,1.44473945961061,2.0718457698822
1.50161867975986,1.44640569757077,2.08315873146057
1.50049273700471,1.44804684458472,2.09419274330139
1.49936026560815,1.44969960896158,2.10533547401428
1.49818655180758,1.45136135389118,2.11656522750854
1.49705934808916,1.45307046864741,2.12765836715698
1.4959386535552,1.4547295391853,2.13873314857483
1.4948224360228,1.45637775526924,2.14991354942322
1.49370437403033,1.45806459098497,2.16090488433838
1.49259035738608,1.45970403143268,2.17200493812561
1.49147828958729,1.4613367746285,2.18323278427124
1.49036600242877,1.46300491913474,2.19423484802246
1.48923879305241,1.46465860020029,2.20524001121521
1.48811364530504,1.46630389298847,2.21649622917175
1.48700450086028,1.46796618309659,2.22750973701477
1.48583725567338,1.46961657116193,2.23865795135498
1.48473059646762,1.47126064136101,2.24991583824158
1.48361629766879,1.47289000638226,2.26093626022339
1.48250339216702,1.47456931376835,2.27204847335815
1.48139005336546,1.47620338773685,2.2832624912262
1.48028778473704,1.47782521749793,2.29434514045715
1.47915047150377,1.47946703728539,2.3054096698761
1.47800700053688,1.4811831054441,2.31662797927856
1.47688384798858,1.4828467164866,2.32782769203186
1.47576934209364,1.48449751618147,2.33891940116882
1.47502429344666,1.48576142092273,0.01254415512085
1.47450611167298,1.48667550201378,0.024361371994019
1.47419811705803,1.48723283386537,0.035322189331055
1.47419534717894,1.48744259593718,0.046727180480957
1.47416144368757,1.4874936487378,0.05964994430542
1.47413963689619,1.48750051887287,0.07113242149353
1.47418847352029,1.48751824850505,0.082493305206299
1.47423674356912,1.48752207280948,0.094676971435547
1.4741930786377,1.48749972466681,0.107917547225952
1.47422683171385,1.48748762446147,0.118857145309448
1.47437462483409,1.48720403622527,0.130063772201538
1.47448541751523,1.48698370908791,0.142711877822876
1.47436383581481,1.48693926038984,0.154254198074341
1.47424214196468,1.48701590846566,0.165430545806885
1.47411270628743,1.48709369951369,0.177258014678955
1.47409649160545,1.4870655182106,0.188182353973389
1.47407923555035,1.487042530417,0.199260473251343
1.47405460462462,1.48701518776075,0.210320472717285
1.47391401467342,1.48708532800816,0.221457481384277
1.47382698122763,1.48707868379657,0.232603311538696
1.4737819723716,1.487047332534,0.243889331817627
1.47376644529463,1.48699397369403,0.25502610206604
1.4737662010879,1.48693645539786,0.266119956970215
1.47382304362215,1.48693281417662,0.277314901351929
1.47379651261683,1.48687335064814,0.288376092910767
1.47378383818669,1.48680766819889,0.299478769302368
1.4738227564814,1.48679820568418,0.310642957687378
1.47387523334892,1.48678954883692,0.321608543395996
1.47384511217342,1.48671495441868,0.332688093185425
1.47386512467993,1.48669776994729,0.343950271606445
1.47390707091003,1.48668115092471,0.355066537857056
1.47395728366403,1.48666742268225,0.366046190261841
1.47396058971812,1.48664162014826,0.377372741699219
1.47380859510083,1.4867429431948,0.388458490371704
1.47351477809483,1.48694695016551,0.399652004241943
1.47296777617214,1.4871908567922,0.410881757736206
1.47226835226588,1.48751478960452,0.421868324279785
1.47148019677659,1.48787077280401,0.432988405227661
1.47055203242526,1.4882417386301,0.444248914718628
1.46924368595416,1.4886319222958,0.455281972885132
1.46778354697263,1.48901918409188,0.466310977935791
1.46622449055179,1.48940442425242,0.477577686309814
1.46459323442136,1.48978778823201,0.488666296005249
1.46291029367588,1.49017314343083,0.499693870544434
1.46124885876962,1.49055925994685,0.510912179946899
1.4595803918066,1.49094482207643,0.521982908248901
1.45788616324081,1.49132864963173,0.533183336257935
1.45614968538766,1.49171409738766,0.544332265853882
1.45445095373587,1.49210023219887,0.555346965789795
1.45275257736197,1.49248565295412,0.566386938095093
1.45103052446049,1.49286961498952,0.577555418014526
1.44926264182894,1.49325557034671,0.588554859161377
1.44753269686408,1.49364211594027,0.599649667739868
1.44580669340259,1.49402758310485,0.610868215560913
1.44405002972843,1.49441037455225,0.621917247772217
1.44229576973767,1.49479382573433,0.633075714111328
1.44056032082418,1.49518258812428,0.644332408905029
1.43879626822641,1.49559820486509,0.655446767807007
1.4370015671359,1.49597977126518,0.666478157043457
1.43520318620526,1.49636640075428,0.677646636962891
1.43343073768852,1.49676035877684,0.688664674758911
1.43165179623765,1.49718386040363,0.699769258499146
1.42984333473024,1.49757210106601,0.710927248001099
1.42807214997625,1.4979607419647,0.721994161605835
1.42629799676698,1.49834836072453,0.733726024627685
1.42448966537348,1.49873372960584,0.745011568069458
1.42267729087503,1.49912293887999,0.758159875869751
1.42088956152749,1.49951213928856,0.769121885299683
1.41910022569753,1.49989973966194,0.781103849411011
1.41726387194419,1.50028533587834,0.792756080627441
1.41541589479672,1.50067496473532,0.803955078125
1.41359328360955,1.50106423321912,0.815051794052124
1.41175194919871,1.50145126501643,0.826262950897217
1.40991547924212,1.50183720273352,0.837622880935669
1.40804541431282,1.50222798832195,0.849111795425415
1.40616811907919,1.50266154532826,0.860258340835571
1.40427512268861,1.50304964686534,0.8714599609375
1.40239270687869,1.50344129679729,0.882691860198975
1.40053773191546,1.50384291683776,0.894029855728149
1.39867149315414,1.50423292468958,0.90517520904541
1.39682342503824,1.5046225640012,0.916298627853394
1.39492952613446,1.50501581373534,0.927586317062378
1.39306432711807,1.50540895697704,0.938613176345825
1.39115770232656,1.50579998054629,0.949650049209595
1.3892557800781,1.50619419673611,0.960883617401123
1.38737514445878,1.50660545590775,0.971916675567627
1.38548131838364,1.50699787661034,0.98302149772644
1.38359726855932,1.50738365504348,0.994210004806519
1.38168556150902,1.50777773545714,1.00519800186157
1.37978805112805,1.50817485415867,1.01629734039307
1.37785932131952,1.50856688769453,1.02756834030151
1.37593956238579,1.50896150509274,1.03858780860901
1.37404739792349,1.50935613305934,1.04963517189026
1.3721379274829,1.50974845536935,1.06087517738342
1.37023801181499,1.51014000912431,1.07192206382751
1.36829987114761,1.5105354463425,1.08303570747375
1.3663736226102,1.51092854589736,1.09425759315491
1.36447437626315,1.51132158058257,1.1052463054657
1.36254081975681,1.51171692048995,1.11639308929443
1.36062663260503,1.51211574624673,1.12759065628052
1.35868943244054,1.51250859851153,1.13864541053772
1.35676590202314,1.51290045257332,1.14970517158508
1.35481095957902,1.51329551224925,1.1609570980072
1.3528650633192,1.51368819733708,1.17210912704468
1.35095229557799,1.51412531683024,1.18327379226685
1.34900620009126,1.51451928068534,1.19435858726501
1.34709662095882,1.51491278022035,1.20533561706543
1.34515058329474,1.51530436525463,1.21649074554443
1.34321555311121,1.51569829738617,1.2276771068573
1.34131050087908,1.51609228565912,1.23867869377136
1.33938730084712,1.51648360371082,1.24970626831055
1.33747200319765,1.51687413222221,1.26090836524963
1.33552625708309,1.51726787396062,1.2719099521637
1.3335923786511,1.51765894522823,1.2829761505127
1.33169084379283,1.51808607693213,1.29427218437195
1.32975533091142,1.51847370244904,1.30531430244446
1.32785727677059,1.51886784675084,1.3164210319519
1.32591715576182,1.5192585562313,1.32761025428772
1.32399062738012,1.51965153897388,1.33927011489868
1.32209335635068,1.52004469034824,1.35171747207642
1.32017951731299,1.52043511384489,1.36338114738464
1.31828056265947,1.52082465534248,1.37583756446838
1.31634304960079,1.521217356147,1.38694834709167
1.31440826946871,1.52163213849482,1.3981306552887
1.31245522215461,1.52202185260269,1.41039347648621
1.31051234004819,1.52241399251654,1.42127180099487
1.3086006696094,1.5228059888227,1.43230056762695
1.3066694749019,1.52319553235752,1.44361591339111
1.30475571562114,1.52358380854584,1.45479083061218
1.30280286343541,1.52397572907004,1.46604609489441
1.30086224126321,1.52436507540951,1.47723746299744
1.29894922842598,1.5247541301654,1.48835325241089
1.29700265608539,1.52514560927182,1.49946117401123
1.29507171924373,1.52555268633121,1.51071929931641
1.29312319578965,1.52594091802184,1.52173709869385
1.29118710637991,1.52633134345676,1.53288912773132
1.28928152379301,1.52672171397846,1.54422760009766
1.28735664868441,1.52710974996926,1.55532383918762
1.28544516806267,1.52749670603476,1.56652021408081
1.28350164441302,1.52788692340235,1.57763361930847
1.28156963945658,1.52827466655495,1.58867931365967
1.27965775519175,1.52866221039807,1.59979224205017
1.27773312881991,1.52905214965543,1.61094784736633
1.27582980440032,1.52944180326048,1.62193918228149
1.27389953001265,1.52982918915753,1.63307499885559
1.27197996616628,1.53021535959798,1.64426708221436
1.27002672140176,1.53060486413832,1.65535092353821
1.26808215277482,1.53099204390198,1.66646552085876
1.26615895642495,1.53137880387243,1.67771124839783
1.26421637120695,1.5317680325407,1.68875122070313
1.26228733992369,1.53215494767319,1.69990015029907
1.26038902893339,1.53254254129489,1.71121978759766
1.25846865332715,1.53293154848333,1.72221660614014
1.25656643817009,1.53332520079651,1.73329639434814
1.25464413874786,1.53370209544029,1.74450373649597
1.2527287033736,1.53410556673866,1.75579118728638
1.25077851318175,1.53449503113646,1.76682257652283
1.24883899271168,1.53488235465595,1.77831363677979
1.24692907972556,1.53526952073955,1.78981280326843
1.24499803459438,1.53565875720193,1.80109143257141
1.243086808035,1.53604894406993,1.81284809112549
1.24115297332512,1.53643539043378,1.82427430152893
1.23922027267143,1.53688766281182,1.83542728424072
1.23725977371611,1.53727866571286,1.84662818908691
1.23531265500136,1.53766775074995,1.85840892791748
1.2333899960944,1.53805647251489,1.86940002441406
1.23145585718812,1.53844740020307,1.8804783821106
1.22953586569028,1.53883621042911,1.89304494857788
1.22763639514778,1.5392250603832,1.90431427955627
1.22572746661884,1.53961260447523,1.91592812538147
1.22377940318334,1.54000281073352,1.92882871627808
1.22182656263254,1.5403914418261,1.94219708442688
1.21989842056221,1.54077967107759,1.95319414138794
1.21795474114853,1.54117011251651,1.96506214141846
1.21602172630724,1.54155858710191,1.97723484039307
1.2141102486723,1.54194685241764,1.98819351196289
1.21218905626033,1.54233700916583,1.99923372268677
1.21028198397026,1.54272506731293,2.0103440284729
1.2083937582307,1.54311333381856,2.02155995368958
1.20650190341647,1.54350024002584,2.03273391723633
1.20456732433334,1.54388982503903,2.04425930976868
1.20262594852238,1.5442776790816,2.05528497695923
1.20070865570336,1.54466540530271,2.06657218933105
1.19877920051447,1.54505503991889,2.07813906669617
1.19686185586035,1.54544273048101,2.08931922912598
1.19496482865629,1.54583042692379,2.1005277633667
1.19306562733529,1.54621656260024,2.11227989196777
1.19111891532955,1.54660555144071,2.12387442588806
1.18916527690668,1.54699300001609,2.13504457473755
1.18723709140021,1.54738006528775,2.14635944366455
1.18529504380001,1.54776914287205,2.15785789489746
1.18336316365608,1.54815646073274,2.16881108283997
1.18145292511145,1.54854353468647,2.1800901889801
1.17953392220582,1.54893241148403,2.19178295135498
1.17762855031311,1.54931934614895,2.20275163650513
1.17574930423446,1.54970620648464,2.21400713920593
1.17385475859536,1.55009192058659,2.22711944580078
1.17191932151302,1.55048018686587,2.23826956748962
1.16998574685395,1.55086678006792,2.24934887886047
1.16807156999465,1.55125293355547,2.26097321510315
1.16614551827938,1.5516409117513,2.27194690704346
1.16423372854116,1.55202705516055,2.28300476074219
1.162343991585,1.55241301488105,2.29461479187012
1.16044038705361,1.55279769910374,2.30570960044861
1.15849396526418,1.55318270966862,2.31679964065552
1.15660250293309,1.55355916431511,2.32839345932007
1.15470161952644,1.55395755925242,2.33995795249939
1.15276279750245,1.55433866483625,2.35133790969849
1.1508179247028,1.55472376171949,2.36281514167786
1.14890261916554,1.55511679368827,2.37414407730103
1.14697591348124,1.55550808314824,2.38517022132874
1.14500585904102,1.55589289439649,2.39645266532898
1.14308409151252,1.55627859832435,2.40809464454651
1.14116951371778,1.55666295743016,2.41907691955566
1.13923098867242,1.55704657116623,2.43016219139099
1.13734021425642,1.55743234516205,2.44242763519287
1.13545323969313,1.55781793627502,2.45337724685669
1.13353451723952,1.55820468189328,2.46514821052551
1.13160738442219,1.55859000411309,2.47699308395386
1.12970171255292,1.5589754066172,2.48821783065796
1.12779775353737,1.55935929292238,2.49953293800354
1.12584817118445,1.55974355300963,2.51139235496521
1.12394321396104,1.56012893247192,2.52284979820251
1.12204739610687,1.5605084197065,2.53370118141174
1.12011258456028,1.5609014097875,2.54568147659302
1.11817246277815,1.56128530823758,2.56033611297607
1.11625478121137,1.56166890799714,2.57141900062561
1.11433214845984,1.56205394183641,2.58279848098755
1.11236301281468,1.56243747206027,2.59399223327637
1.11044287978165,1.56282196403473,2.60486054420471
1.10852955071078,1.56320532877952,2.61628532409668
1.10658851496609,1.56359040425666,2.62791228294373
1.10464479604747,1.56397469163038,2.63899326324463
1.10299588598145,1.56417438300446,0.011765956878662
1.10150235497147,1.56443655731147,0.023019790649414
1.10017300192148,1.56465540621391,0.03466534614563
1.09900301274342,1.56484222969534,0.04576587677002
1.09832624978555,1.56487155654711,0.057384490966797
1.09796242523991,1.56490055118264,0.071432828903198
1.09770511644363,1.56493368830128,0.082422733306885
1.09755756092998,1.5649706299709,0.093726634979248
1.09747254368571,1.56498068134252,0.105072975158691
1.09743427026134,1.56499217649292,0.115825891494751
1.097417597768,1.56500461263236,0.126965284347534
1.09736755050435,1.56504139402156,0.138533115386963
1.09731498777387,1.56507897761011,0.149551153182983
1.09725974072407,1.56511758097781,0.160807132720947
1.09720135158511,1.565157222772,0.171932697296143
1.09713927443124,1.56519790006558,0.182916402816772
1.09707334628287,1.56523959915145,0.194373846054077
1.09700598980415,1.56528133780032,0.20560097694397
1.09699380859031,1.56527419023683,0.217020511627197
1.09702347188135,1.56525696339317,0.228018760681152
1.09707568143534,1.5652423685763,0.239055871963501
1.09708731112235,1.56525988100108,0.250171184539795
1.09709897078746,1.56527618644583,0.261354207992554
1.09711119025815,1.56529200500449,0.272543668746948
1.09712373481548,1.56530754893838,0.284000635147095
1.09710313511731,1.56535438504128,0.294951200485229
1.0970600322373,1.56540173994793,0.306039094924927
1.09703649673075,1.56541981774982,0.317084550857544
1.09703793393943,1.56543960067879,0.328145503997803
1.09701095213137,1.56549037246705,0.339227437973022
1.09698248428963,1.56553960211675,0.350553512573242
1.09695182606888,1.56558881023202,0.361549615859985
1.09691887088323,1.56563823637538,0.372636079788208
1.09688261042519,1.56568791584194,0.384131669998169
1.09684105420884,1.56573793637654,0.395078897476196
1.09679393824287,1.56578833311552,0.406118392944336
1.09677324873193,1.56580321804137,0.417707443237305
1.09678083246435,1.56582184314873,0.428668737411499
1.09676464072479,1.5658762018032,0.43980073928833
1.09674703763765,1.56592817955958,0.451345682144165
1.09672745130879,1.56597985343224,0.462256669998169
1.09670466778951,1.56603145021595,0.473658084869385
1.09667776430761,1.56608305915976,0.485298871994019
1.0966459372479,1.56613479602882,0.496227741241455
1.09660843017708,1.56618680242855,0.507912158966064
1.09656450667434,1.56623925130833,0.521205186843872
1.09651203334966,1.56629354088995,0.532186269760132
1.09648544677702,1.56634675000541,0.543664216995239
1.09646738011554,1.56640014883489,0.554887771606445
1.09645026008746,1.56645362607597,0.565782308578491
1.0964306234715,1.56650707099548,0.577045202255249
1.09640662907448,1.56656058728687,0.588353633880615
1.09637710464654,1.5666143682569,0.599441289901733
1.09631540107639,1.56672263631414,0.610580444335938
1.09627366138452,1.56677695881606,0.622004985809326
1.09625597959793,1.56683013317242,0.632925510406494
1.09624449237299,1.56688377837469,0.644268751144409
1.09623228360293,1.56693762284994,0.655467748641968
1.09621680300535,1.56699115339845,0.666441679000855
1.09619613744913,1.56704526754925,0.677955627441406
1.0961694583246,1.56709993393355,0.689059019088745
1.09612090233985,1.56721306677598,0.700240612030029
1.09608883017027,1.56726783468439,0.711351633071899
1.09607620012854,1.56731908968333,0.722445249557495
1.09606663618425,1.56737039227767,0.733743906021118
1.09605474718242,1.56742202562601,0.744865655899048
1.09603906955841,1.56747410761697,0.755940675735474
1.0960170241998,1.56752657859385,0.767280101776123
1.09598183627117,1.5676399605736,0.778198957443237
1.09594626623683,1.56775212521979,0.789204835891724
1.09591958672555,1.56780654530058,0.800581932067871
1.09590645474474,1.56785561338988,0.811577796936035
1.09589324260277,1.56790427559265,0.82269024848938
1.09587612315704,1.56795343365734,0.834149837493897
1.09562562888916,1.56828101820619,0.845235586166382
1.09522563288191,1.56868307711947,0.856411695480347
1.09454701541554,1.5693164369379,0.868149995803833
1.09375007751113,1.57010787405709,0.879133462905884
1.09278200105441,1.57120668674027,0.890414476394653
1.09171551418685,1.57244212488263,0.901832580566406
1.09059085573912,1.57377052254928,0.912840604782104
1.08945666222886,1.57515896346553,0.924104452133179
1.08833504431696,1.57658392449251,0.93556547164917
1.08719534774446,1.57800097724357,0.946506977081299
1.0860491446586,1.57941593001015,0.957693338394165
1.0849304500555,1.5808255568276,0.969502687454224
1.08376639703006,1.58221842678359,0.980508327484131
1.08264622806365,1.58361260340877,0.991706609725952
1.08151094473263,1.58502478292223,1.00451469421387
1.08038187017061,1.58646361477184,1.01577234268188
1.07925346885363,1.58787073493206,1.02697038650513
1.07810460939212,1.58927696073989,1.03864812850952
1.07694640936626,1.59070643596695,1.04963254928589
1.07579782979663,1.59218515886761,1.06133842468262
1.07463600671364,1.59363513229613,1.07268905639648
1.07346127599477,1.59507848944253,1.08442401885986
1.07231227955784,1.5965319162923,1.09545350074768
1.07113177865352,1.59795160140665,1.106853723526
1.06998614284038,1.59937243844455,1.11848068237305
1.06882036070476,1.60081733454195,1.1304407119751
1.0676646311212,1.60226965248344,1.14308667182922
1.06651214663656,1.60368797677054,1.15484023094177
1.06531825943436,1.60512505291604,1.16562151908875
1.06412494299708,1.60658672426812,1.17728281021118
1.0629289798184,1.60808578795507,1.18871831893921
1.06172828563576,1.60956398716369,1.19974684715271
1.06051197188586,1.61104763370082,1.21114373207092
1.05932456256475,1.61253046235891,1.22228789329529
1.05809718654509,1.61399716604613,1.23337554931641
1.05690526170435,1.615464978127,1.24473881721497
1.05570512733973,1.61693783050263,1.25586175918579
1.05450484777346,1.61845354121976,1.2672176361084
1.0532834346553,1.61994269310246,1.27826690673828
1.05205088712134,1.62143659748789,1.2894070148468
1.05084479863374,1.62293263318198,1.30122852325439
1.04959914308381,1.62441337179013,1.31225395202637
1.04839007715945,1.62589599257807,1.32353973388672
1.04716414441787,1.62739527829454,1.33507204055786
1.04594274449795,1.62893291420223,1.34607362747192
1.04471032849766,1.63045102647586,1.35731983184814
1.04346268113342,1.63196366190614,1.36886191368103
1.04223796339673,1.63349381233967,1.3798553943634
1.04099186448009,1.63499998319677,1.3909969329834
1.03974565524834,1.63650113673112,1.40323567390442
1.03850478516333,1.63801058182199,1.41423559188843
1.03726443104095,1.63957268308807,1.42601728439331
1.03598568251734,1.64114690677465,1.43814754486084
1.03471886104678,1.6426813660418,1.44932150840759
1.03348047576608,1.64423096673187,1.46072554588318
1.03222801004286,1.64576417704549,1.47215390205383
1.03096197198748,1.647308424897,1.48310112953186
1.02970454493925,1.64884971698264,1.49450469017029
1.0284465585205,1.65036304598209,1.50561738014221
1.02717862611712,1.65188759416487,1.51674795150757
1.02589610653044,1.65343228837354,1.52798652648926
1.02464120284702,1.65499754523825,1.53918409347534
1.02337032606171,1.65653871355384,1.55057549476624
1.0221004761362,1.65807698739456,1.5616660118103
1.02085705953781,1.6596295953908,1.57279562950134
1.01959706074483,1.66116281684746,1.58444023132324
1.01829348111972,1.66270825295868,1.59547185897827
1.01700320457845,1.66426197109538,1.60673832893372
1.015742512396,1.66583181158995,1.61819219589233
1.01446821583749,1.66737769383088,1.62918758392334
1.01319133471773,1.66892354403418,1.64072036743164
1.01194066343276,1.67048415380628,1.65287637710571
1.01067411165093,1.67202122297782,1.66388010978699
1.00940779963448,1.67355187417921,1.67521142959595
1.00816830950607,1.67509440854094,1.68848299980164
1.00691299990208,1.6766187466924,1.69957733154297
1.00562226468992,1.6781496190102,1.71093106269836
1.00433531438725,1.67969729437153,1.72215962409973
1.00307934745073,1.68125676832011,1.73400712013245
1.00180861088731,1.68279406597614,1.7450635433197
1.00053654809994,1.68432947230146,1.75676774978638
0.999292693923464,1.68587605834458,1.77087712287903
0.998031215880053,1.68740073577355,1.78213286399841
0.996722656594608,1.68894366164265,1.79344630241394
0.995432986263821,1.69050109869317,1.80486941337585
0.99417266223247,1.69206822017299,1.81564402580261
0.992898695670131,1.69361123442403,1.8268780708313
0.991616941480667,1.69515582067412,1.83823251724243
0.990363841946818,1.6967013825519,1.84913015365601
0.989088193800752,1.69821947771654,1.86031079292297
0.987844556188086,1.69973195867869,1.87148714065552
0.98658241873804,1.70126561695977,1.88232493400574
0.985322534899784,1.70282592311959,1.89372849464417
0.98405684562084,1.7043641097876,1.9053201675415
0.982774977273469,1.70590808197931,1.91653323173523
0.98152255514144,1.70746543994079,1.92786741256714
0.980254951020158,1.70899601850196,1.93899178504944
0.978976640593907,1.71052164334588,1.95018267631531
0.977706523207197,1.71205822759067,1.96129512786865
0.976439539851534,1.71363224666078,1.97246956825256
0.975163798120243,1.71519688484875,1.98378944396973
0.97387862212421,1.71675149737616,1.99481105804443
0.972621080911862,1.71832182795048,2.00590324401855
0.97135012133204,1.71986220688575,2.01735305786133
0.970075223021127,1.72140292168871,2.02838706970215
0.968828071802612,1.72295552843782,2.03951120376587
0.967563075240643,1.72448240353752,2.05106234550476
0.966291616802365,1.72600455441771,2.06204724311829
0.965027162383334,1.72753426810813,2.07317042350769
0.963767124549987,1.72911855912352,2.08491063117981
0.962493131426419,1.73069079562838,2.09591150283813
0.961211307621933,1.73224344216554,2.10724496841431
0.959959867057453,1.73380795482137,2.11859250068665
0.958693753554772,1.73534326441629,2.12958431243896
0.95742640867791,1.736876464323,2.14077854156494
0.956159309112228,1.73841827817125,2.15227818489075
0.954895247413554,1.74001890538932,2.16319847106934
0.953611191001794,1.74161032738587,2.17431139945984
0.95232711781056,1.74317202700724,2.1870288848877
0.951072459194821,1.74474891377536,2.1982262134552
0.94980681578145,1.74630594057133,2.21002244949341
0.948536599942046,1.74785186574782,2.22191786766052
0.94729152142844,1.74941166064199,2.23301434516907
0.94602861938801,1.7509457530556,2.24446797370911
0.944766590846337,1.75247554619249,2.2556459903717
0.943502980447883,1.75401935446257,2.26671385765076
0.942249041117986,1.75558323135524,2.27827882766724
0.940971678017032,1.75716063188246,2.28943467140198
0.939695399875029,1.75871282245243,2.30119180679321
0.938446865446414,1.76028210685299,2.31220889091492
0.937186180881006,1.76183393188481,2.32340836524963
0.935922336957839,1.76337362286008,2.3352677822113
0.934684286952452,1.76492551347583,2.34843945503235
0.933428776496285,1.76645399026134,2.36030793190002
0.932124108945008,1.76802526725465,2.372065782547
0.930838101567177,1.76958831130574,2.384108543396
0.929586595402959,1.77115822990632,2.39511966705322
0.928321779490644,1.77270439162646,2.40660238265991
0.927051365576275,1.77425089781009,2.42002415657043
0.925809346567508,1.77579759697568,2.43098855018616
0.924542763892126,1.77731353939767,2.44271206855774
0.923275069957501,1.77882826363338,2.45443987846375
0.922022114797747,1.78036109412454,2.46557283401489
0.920776936268721,1.78194405324949,2.47699737548828
0.919519973358297,1.78348947591255,2.48849296569824
0.918245880813223,1.78503951801144,2.49946069717407
0.917002127029846,1.7866005209927,2.51066637039185
0.915728957345382,1.78812210017877,2.52209186553955
0.914472899370895,1.78964715470494,2.53308486938477
0.91321203405813,1.7911940400383,2.54450702667236
0.911961241164331,1.79278182385578,2.55567502975464
0.910694798200357,1.79433883770907,2.56685090065002
0.909415722406164,1.79589676869486,2.57801675796509
0.908611772837804,1.79704685656431,0.012247562408447
0.908195630456968,1.7977278391367,0.024101495742798
0.908075968418659,1.7980236876757,0.035247564315796
0.908001868021919,1.79818468564717,0.047174215316773
0.907970693454219,1.79826604600697,0.060156583786011
0.907967113143938,1.798318917186,0.071229696273804
0.907964189208057,1.79835465083049,0.082401990890503
0.907961680720341,1.79838388572101,0.09356164932251
0.907967197364797,1.79839881197544,0.104241609573364
0.907978587382325,1.79840155641992,0.115399360656738
0.907954335814524,1.79845426990472,0.126706123352051
0.907922765520046,1.79852568994973,0.137405633926392
0.90812469135332,1.79849368651608,0.148866176605225
0.908185832150204,1.79855105311953,0.160214424133301
0.908225847368969,1.79856840135931,0.171264886856079
0.908250418858591,1.7985756139894,0.182552576065064
0.908292652055773,1.79856829944351,0.193688631057739
0.908316502323258,1.79857545254017,0.204709768295288
0.908329622442104,1.79859123083447,0.216002941131592
0.908335376428048,1.79861513909746,0.227535486221313
0.908327639096374,1.79866384519885,0.238703489303589
0.908318004076578,1.79872086758704,0.250025510787964
0.908292845626908,1.79882327617717,0.261140584945679
0.908264273613176,1.79892944299957,0.272808313369751
0.908234155319928,1.79903829194678,0.283812761306763
0.90820312539163,1.79914910787225,0.295124769210815
0.908171421304503,1.79926188356993,0.306677341461182
0.908139192502552,1.79937680375827,0.317646503448486
0.90810654661437,1.79949417735127,0.328890800476074
0.90807399654647,1.7996135702352,0.340248584747314
0.90804128365905,1.79973535156418,0.351222515106201
0.907996051675408,1.79981028381572,0.362730979919434
0.907971228069928,1.79992752327392,0.374325752258301
0.907946613251558,1.80004519651702,0.385268449783325
0.907922503887865,1.80016374074197,0.396353244781494
0.907899104119626,1.80028346527168,0.408375024795532
0.9078765614361,1.80040452331566,0.419400453567505
0.907571736195361,1.80063093936795,0.430938482284546
0.907094279966765,1.80112444522286,0.443328380584717
0.906528610041624,1.80180296427481,0.454583644866943
0.905916646558882,1.80281654574092,0.465899705886841
0.905295291219587,1.80399557772114,0.477739572525024
0.904668837614754,1.80539203350614,0.489115715026856
0.904033978147942,1.80691219873579,0.500201225280762
0.903394980786553,1.8084735131649,0.511214017868042
0.90274996768707,1.81007683037585,0.522781610488892
0.902127283749955,1.81170924501523,0.533817052841187
0.901484198304193,1.81336965116796,0.545005798339844
0.900835569143817,1.81500924073219,0.556622982025147
0.90016980924405,1.81665470596214,0.567630290985107
0.899521477667413,1.81832183974079,0.579138994216919
0.898869647202166,1.82001438252194,0.590848445892334
0.898212476691701,1.82168303562074,0.601853132247925
0.897530457214458,1.82336288578794,0.612973928451538
0.896873090100897,1.82506030401663,0.625097036361694
0.896211817635518,1.82677290766733,0.636112213134766
0.895545930595477,1.82846236790417,0.648363828659058
0.894883852254272,1.83015003549332,0.660542726516724
0.894218474986482,1.83184527734181,0.671472311019897
0.893546545248345,1.83351713574426,0.682945013046265
0.892893542675506,1.83518902769109,0.69426441192627
0.892222756852111,1.83688352740867,0.705887317657471
0.891547956318902,1.83860814346554,0.716856479644775
0.890880076568789,1.84030344819622,0.727949857711792
0.890211067019427,1.84199906401344,0.739698648452759
0.889530835799723,1.84372101644938,0.750732183456421
0.888845699724993,1.84548065309542,0.762129068374634
0.888155624803037,1.84721543675378,0.773963928222656
0.887472630655996,1.8489356042657,0.784993886947632
0.886784637214935,1.8506703169136,0.79631757736206
0.886090011829276,1.85238484742117,0.809249639511108
0.885392018642687,1.85410955656149,0.820445060729981
0.884699805786876,1.85584370351072,0.831932306289673
0.88400214697982,1.85760968954452,0.843516826629639
0.883298384438069,1.85935635998921,0.854550123214722
0.882591983421914,1.86111112943896,0.865802526473999
0.881889105872318,1.86290053764689,0.877028226852417
0.881179961451826,1.86465131371152,0.888028144836426
0.880468230040175,1.86640481527208,0.899324655532837
0.879770934740069,1.86819166276445,0.911168098449707
0.879055796344511,1.86999324379431,0.922887086868286
0.878339086988341,1.87176888579405,0.933874130249023
0.877629741574086,1.87355611672172,0.945303201675415
0.876910952980178,1.87537266492752,0.956884860992431
0.876185389725832,1.8771524283565,0.967947006225586
0.87545625411379,1.87893647427966,0.979180335998535
0.874731384964888,1.88073112582876,0.991686344146728
0.874004509331681,1.8825592554605,1.00270128250122
0.873277346366552,1.88436075789183,1.01449775695801
0.872542242187513,1.88617196280224,1.02705812454224
0.871810452416569,1.88801776094907,1.038165807724
0.871073647227144,1.8898244618755,1.04953789710999
0.870334804124526,1.89163370293909,1.06072640419006
0.869601656517943,1.89346231380749,1.07173585891724
0.868862360600555,1.89525439321812,1.08311128616333
0.868120489689856,1.89705050634332,1.09431576728821
0.867378315081831,1.89886471012697,1.10552048683167
0.866637890551277,1.90073203536908,1.11658978462219
0.86589372189685,1.90256061267595,1.1277277469635
0.86514941321604,1.90439093822962,1.13933181762695
0.864409911610858,1.90624501180174,1.1504123210907
0.863666270974959,1.9080584408429,1.16151928901672
0.862935743038528,1.90986756364012,1.17308855056763
0.862197320568478,1.91168925895147,1.18411731719971
0.86145479288455,1.91346832638559,1.19542908668518
0.860707650420914,1.9152482323884,1.20694613456726
0.859935580610038,1.9170655512332,1.21788144111633
0.859194070791997,1.91892439619261,1.22886776924133
0.858448195048956,1.92074042782161,1.23986649513245
0.857701417321553,1.92255514331335,1.25106835365295
0.856961969268994,1.92438016626244,1.26396036148071
0.856217152279998,1.92616768738223,1.27686500549316
0.855470618716323,1.92795721358579,1.28791117668152
0.854724139161257,1.92977215908967,1.29916834831238
0.853981695941136,1.93163783486257,1.31047940254211
0.853235674678238,1.9334611390186,1.32133960723877
0.852489107810363,1.93528454661218,1.3325514793396
0.851748758064048,1.9371256314514,1.3440420627594
0.851003560384934,1.93892810916163,1.35496616363525
0.850257082294834,1.94072518033897,1.36647582054138
0.849511506998887,1.94254491901867,1.37764501571655
0.848768350721402,1.94442164681703,1.38884735107422
0.848022304075871,1.94625522957009,1.40010118484497
0.847276161422349,1.94808843641745,1.41119647026062
0.846534796369735,1.94994555135768,1.42264914512634
0.845789431834386,1.95176143562266,1.43366742134094
0.845043248906995,1.95357802214419,1.44471025466919
0.844304100271712,1.95540822876961,1.45627808570862
0.843559621366224,1.95719941818063,1.46737623214722
0.842813588043026,1.95898915761514,1.47871375083923
0.842068055709969,1.96080402349553,1.49058294296265
0.841326085612532,1.96266831595217,1.50156831741333
0.840580552714095,1.96449152658838,1.51285338401794
0.839834521008202,1.96631544741365,1.52438282966614
0.839094501993086,1.9681579648572,1.53542351722717
0.838349758671736,1.96996183396158,1.54666495323181
0.837603794098276,1.97176132906259,1.55912566184998
0.836858741816848,1.97358378452026,1.57033944129944
0.836115956774331,1.97546222661533,1.58217668533325
0.835370350781455,1.97729751334889,1.59426951408386
0.834624709729886,1.97913240565609,1.60548901557922
0.833883645550536,1.98099212337716,1.6165783405304
0.833138724520531,1.98281029126895,1.62765669822693
0.83239299972891,1.98462866502946,1.63880467414856
0.831654059077185,1.98646172448782,1.64999222755432
0.830923011246831,1.98825117356026,1.66106462478638
0.830171463233617,1.9900412214899,1.67240977287292
0.829442388437307,1.99186711524067,1.68345022201538
0.828701236755888,1.99373448287688,1.69460844993591
0.827956753742255,1.99556016128514,1.70645380020142
0.827211746158109,1.99738567099508,1.71751713752747
0.826471717383592,1.99922839127443,1.72872400283813
0.825727936446189,2.00103043764569,1.74025845527649
0.82498461433189,2.0028262284199,1.75126934051514
0.824247829437037,2.00463318039938,1.76255774497986
0.82352546362133,2.00645922882515,1.77391004562378
0.82277478978495,2.00826910928485,1.78487205505371
0.822029821025242,2.01008759750215,1.79614424705505
0.821289808950261,2.01194173802056,1.80760669708252
0.820546089203096,2.0137567995386,1.81858968734741
0.819801509773362,2.01557360967332,1.82973170280457
0.819064953995692,2.01739267735712,1.84227299690247
0.818323820458698,2.01923992705894,1.85398960113525
0.81757914587415,2.02106402655951,1.86536884307861
0.816834802876348,2.02289216454471,1.87662076950073
0.8160937841315,2.02476232788372,1.88765835762024
0.81534980731111,2.02659063729062,1.89927101135254
0.814605440448682,2.02841923510035,1.91047310829163
0.813866609974195,2.03026831743499,1.9214768409729
0.813123484000103,2.03207784547023,1.93281269073486
0.812379065363007,2.03388777708101,1.94408297538757
0.811641910975305,2.03570530215172,1.95524978637695
0.810903994467642,2.0375491262094,1.96636080741882
0.810173066487487,2.03936127141955,1.97745656967163
0.80942901253325,2.04118221920668,1.98846936225891
0.808688891649733,2.04303871307973,1.99955868721008
0.807945242428619,2.04485632614654,2.01068711280823
0.807541064977812,2.046253801448,0.012598752975464
0.807289481476762,2.04751099041052,0.023500442504883
0.807205265908974,2.04822561378181,0.035018920898438
0.807221485924798,2.04847495756063,0.049302577972412
0.807215570966926,2.04858253715447,0.060337543487549
0.807209999623865,2.0486421818741,0.071832656860352
0.80720294098912,2.04868947071402,0.083429098129273
0.807215848461633,2.04880138113681,0.095502138137817
0.807231355039854,2.04892107568998,0.106446266174316
0.807310701979874,2.04888387052836,0.117892026901245
0.807300550680939,2.04890019796762,0.131791591644287
0.807291387820612,2.04893098015155,0.143133640289307
0.807278184248886,2.04897930691218,0.154460191726685
0.807264301583272,2.04903587903539,0.165746927261353
0.807273078308185,2.04907613144428,0.176915645599365
0.807289983388785,2.04910892598849,0.188443183898926
0.807331957706526,2.04916808252936,0.199725151062012
0.807335507945628,2.04928427059948,0.210770845413208
0.807348695600049,2.04939807373462,0.222078800201416
0.80734466607098,2.04947389796754,0.233294248580933
0.807340070318394,2.04953979388845,0.244439601898193
0.807336156618228,2.04960087288542,0.255741357803345
0.807345586070019,2.04964205721061,0.266841650009155
0.807358210493239,2.04967330168585,0.277884006500244
0.807366097139182,2.04971912368851,0.289159536361694
0.807378184240649,2.04978732737319,0.300284385681152
0.807425059617856,2.04986392626049,0.311618804931641
0.807400862573543,2.04991166523824,0.322599411010742
0.807409867400238,2.05000689975813,0.333679914474487
0.807417456039445,2.05010696952049,0.345065593719482
0.807418292522084,2.05021102219449,0.356088161468506
0.807413058767925,2.05031817193867,0.367185831069946
0.807410328256303,2.05042505303223,0.378688097000122
0.80741024788677,2.05052916718749,0.389669418334961
0.807412905848819,2.05062847848125,0.400757789611816
0.807422894573758,2.05073777721815,0.41250467300415
0.807401521368367,2.05089073284604,0.423465728759766
0.807381481825187,2.05104098570233,0.434911012649536
0.807369670492165,2.05118548674282,0.446929454803467
0.807369548044237,2.05131239438026,0.457808017730713
0.807372204153478,2.05141053378015,0.469726324081421
0.807380774793519,2.05150740232177,0.482336282730103
0.807393712692912,2.05162930406016,0.493360042572022
0.807412831072037,2.05178107331404,0.504734754562378
0.807447641510167,2.05193721360725,0.516396760940552
0.807432518451006,2.05206926805652,0.527431011199951
0.807450809618831,2.05210490333139,0.53894567489624
0.807460877203269,2.05212120202961,0.550122737884522
0.807466859409565,2.05214651910917,0.561176538467407
0.807481829358094,2.05219921326868,0.572496175765991
0.807504832816195,2.05227466433978,0.58367133140564
0.807540190235783,2.05238942418062,0.594961404800415
0.807583650277314,2.05252429176409,0.605955362319946
0.807590649251043,2.05265012579779,0.617077112197876
0.807594878867268,2.05272542554292,0.628492593765259
0.807602532259147,2.05277914540989,0.639561653137207
0.807616418828053,2.05283063646421,0.650619029998779
0.807640125624195,2.05288762134567,0.662184953689575
0.807672396518021,2.05295123948224,0.67327094078064
0.807712679582619,2.05302002506779,0.684555768966675
0.807758382367246,2.05312762543207,0.69624662399292
0.807862432620687,2.05345028749762,0.707335472106934
0.808019577278788,2.05386975978356,0.718639612197876
0.808206904505292,2.05435921447795,0.730003833770752
0.8084291610901,2.05491759110317,0.7409827709198
0.808601611397228,2.05560501876761,0.752180576324463
0.80888310755621,2.05649184755671,0.764149904251099
0.809195089954134,2.05746092702768,0.775147914886475
0.809517722925762,2.05851039553334,0.786445617675781
0.809910092105376,2.0598386581443,0.799119234085083
0.810345615386811,2.06133122535436,0.810273885726929
0.810774570100392,2.06292389134026,0.821540594100952
0.811187874750124,2.06458557426743,0.833212375640869
0.811603815846062,2.06630277675126,0.844200134277344
0.812020847992279,2.06799452177076,0.85570502281189
0.812437911240908,2.06969019833538,0.866824150085449
0.812853659329587,2.07141321286007,0.87795615196228
0.813271106674682,2.07318109885079,0.889192581176758
0.813689559896664,2.07491195544502,0.900287866592407
0.814107571305804,2.07664507782261,0.911259174346924
0.814527746661519,2.07841771382487,0.922534704208374
0.814945609591238,2.08017359136005,0.933655738830566
0.815360991560654,2.08190923422486,0.94489049911499
0.815773004355256,2.08365362396599,0.955995082855225
0.816191414485899,2.08542274350902,0.967092037200928
0.816610787895551,2.08715615916193,0.978421926498413
0.817029470381066,2.08889241621706,0.989419460296631
0.817446359816355,2.0906493636698,1.0005738735199
0.817865664849914,2.09244745257139,1.01220512390137
0.818285648091386,2.0942095225374,1.02322268486023
0.818704665700935,2.09597446928317,1.03477621078491
0.819120639431596,2.09775363361211,1.04931449890137
0.819540710687944,2.09955103878135,1.06035041809082
0.819969455451823,2.101325195889,1.07151818275452
0.820391087050075,2.10311418282281,1.08263230323792
0.820812228759052,2.10493058854725,1.09359192848206
0.821234520306107,2.10670795516675,1.10517692565918
0.821656462937336,2.10848236045922,1.11669254302979
0.822076397933931,2.11027504865236,1.12790083885193
0.82249856919561,2.11212251962154,1.1391875743866
0.82292132707507,2.11393203556584,1.15032649040222
0.823342951742034,2.11574297829629,1.16164541244507
0.82376166074742,2.11758109477369,1.1727032661438
0.824187793875471,2.11944096863056,1.18387722969055
0.82461209523929,2.12127699908228,1.19557023048401
0.825053957926487,2.12312938650894,1.2065863609314
0.825476437196571,2.12501011990727,1.2177906036377
0.825899739977849,2.12684751171054,1.22930264472961
0.826322077185861,2.12868446304337,1.24031496047974
0.826741501163348,2.13054802182504,1.25159072875977
0.82716936924301,2.1324290823015,1.26301193237305
0.827599524084012,2.13428443668516,1.27397131919861
0.828096935644418,2.13616075987273,1.28531408309937
0.828519320362552,2.13808491496778,1.29686522483826
0.828946476224927,2.14001339211957,1.30785703659058
0.829378942973798,2.14192393760113,1.31895422935486
0.829804044046326,2.14384548255452,1.33093953132629
0.830231847457221,2.14575296514305,1.34192824363709
0.830659732958438,2.14763084458744,1.35350155830383
0.83108481792728,2.14952341673655,1.36581087112427
0.831509220915969,2.15140173674952,1.37696266174316
0.831939571492735,2.1533294545568,1.38827013969421
0.832363603279307,2.15522641387432,1.39982604980469
0.832790131986326,2.1571626448425,1.41082334518433
0.833219854453094,2.15909533793736,1.42222046852112
0.833667568331358,2.1610041941285,1.43335938453674
0.834095756223619,2.16292445240429,1.44433069229126
0.834523529163933,2.16482407519815,1.45562553405762
0.834954386724162,2.16676883509096,1.46711301803589
0.835382444933169,2.1686827357221,1.478675365448
0.835811296956968,2.17057015226458,1.48967719078064
0.836252962028939,2.1724960943209,1.50093054771423
0.836678319736554,2.17440889594274,1.51255941390991
0.837106340926199,2.17634485743659,1.52361607551575
0.837536833105853,2.17826948446602,1.53497171401978
0.837983253248752,2.18016792899852,1.54638743400574
0.83841215712341,2.18207434513011,1.55738377571106
0.83883875056143,2.18395244622724,1.56867027282715
0.839271314068928,2.18587859645788,1.58066129684448
0.839709959836246,2.18778612781654,1.5916690826416
0.840138973773104,2.18972072228243,1.6028106212616
0.840570551876368,2.19164585531531,1.61558556556702
0.841002255642997,2.19354141447543,1.62675428390503
0.841430955036275,2.19545052232627,1.6382520198822
0.841858733513191,2.19734825897876,1.64990377426147
0.842290098968178,2.19928739340377,1.66079378128052
0.842718667307173,2.20120337322826,1.67245435714722
0.843149196619575,2.20308956102922,1.68433213233948
0.843582199309138,2.20500534441586,1.69842886924744
0.84401373930273,2.20689578750315,1.70987820625305
0.844442180060963,2.20882095052978,1.72136521339417
0.844872905296258,2.21073154138411,1.73277020454407
0.84530401906635,2.21261353585795,1.74358367919922
0.84573187960285,2.21450149042113,1.75479388237
0.846159400571186,2.21638803511382,1.76606941223145
0.846593012558192,2.21830647131031,1.77683997154236
0.847034816579273,2.22022872193575,1.78819346427917
0.847462560146129,2.22216867880641,1.79954266548157
0.847892696205216,2.22409485299189,1.81053280830383
0.848322936333003,2.22598800752259,1.82161545753479
0.848750164365367,2.22789100583239,1.83323907852173
0.849176689917741,2.22979172157268,1.84420824050903
0.849606630987326,2.23173039021453,1.85561203956604
0.850033750270452,2.23365241225678,1.86682772636414
0.850466892226368,2.23553908799773,1.87799572944641
0.850886651434618,2.23744618393546,1.88947415351868
0.851321093616982,2.2393392234493,1.90066885948181
0.851748960809977,2.24125933202452,1.91242074966431
0.852171290896258,2.24315204297351,1.92347764968872
0.852600960209162,2.24510495085607,1.93479466438293
0.853028188988073,2.24702869986846,1.94625020027161
0.853495530137914,2.2489306201975,1.95729398727417
0.853920605847343,2.25086971067039,1.96853804588318
0.854350289774697,2.25276913466737,1.98020911216736
0.854776722947478,2.25471009553431,1.99122309684753
0.854958320381566,2.25654088925255,0.014325380325317
0.854985225603492,2.25812080235846,0.026040077209473
0.855004352830369,2.25939284929868,0.037277936935425
0.855001726073744,2.26017370660505,0.048957586288452
0.855000539629457,2.26065595382894,0.062140941619873
0.854956757522489,2.26104119056171,0.074997901916504
0.854935413032371,2.26121912635868,0.086179733276367
0.854909659701123,2.26130369014036,0.097406387329102
0.854954765390683,2.26133331238378,0.1087486743927
0.854911137165009,2.2614292058841,0.119630813598633
0.854890322932866,2.26153233923583,0.130996465682983
0.854866497466187,2.26157247267476,0.142637968063355
0.854884954455934,2.26164836809316,0.153904676437378
0.854835670974714,2.26165779119694,0.165083408355713
0.854788083589164,2.26159605849803,0.176270246505737
0.854810996047616,2.26153115469746,0.187928915023804
0.854828262009602,2.26140021057064,0.199023485183716
0.854757624966796,2.26141371591182,0.210296154022217
0.854745697135044,2.26148082783476,0.221720457077026
0.854726310538005,2.26153357007419,0.232617616653442
0.854654103650733,2.26155716591717,0.243948459625244
0.854564611647601,2.26165515524847,0.258045434951782
0.854534455901578,2.26178046533912,0.269197463989258
0.854530995834486,2.26177837445545,0.280370473861694
0.854524574806842,2.26169104192003,0.291627645492554
0.854537886167074,2.26166442875944,0.302396059036255
0.854551550554383,2.26157348011169,0.313663721084595
0.854567676175929,2.2614441238347,0.325163841247559
0.854573336816066,2.26140170001098,0.336088418960571
0.854580854404007,2.26130787901848,0.347259044647217
0.854591390717144,2.26118363022422,0.358673572540283
0.85460586372362,2.26103460032214,0.369588613510132
0.8546079129375,2.26099219859839,0.380948305130005
0.854612517623115,2.26089867674772,0.392112970352173
0.854621398011046,2.26077812063198,0.403106927871704
0.854700232801434,2.26068853983246,0.414338111877441
0.854508928055677,2.26079294310711,0.425546407699585
0.854137746787215,2.2610690915443,0.436687707901001
0.853630703397315,2.2615191392002,0.448074340820313
0.852989490925011,2.26224453377124,0.459172487258911
0.852245897273025,2.2631657162972,0.470858573913574
0.851457848961425,2.26422815353335,0.481882810592651
0.850670902495972,2.26533186933263,0.493049144744873
0.849864540810486,2.26644124432011,0.504613161087036
0.849088649981154,2.2675830076709,0.515620946884155
0.848318826316284,2.26869963924701,0.526937007904053
0.847525372543995,2.2698334663596,0.538350820541382
0.846720648607406,2.27098251265227,0.5493323802948
0.845926500971284,2.27213576776067,0.560791730880737
0.845152237457946,2.27329443198461,0.573273658752441
0.844364243085649,2.27443280585079,0.584397792816162
0.843570336876468,2.27557776284288,0.595974445343018
0.842764867871896,2.276741468356,0.608399629592896
0.841969463779922,2.27790214003826,0.619472026824951
0.841192264146715,2.27906437369116,0.630970239639282
0.84040199221683,2.2802071864439,0.642229557037354
0.839605776556087,2.28135761424459,0.653348207473755
0.838796100471649,2.2825332037523,0.664538383483887
0.83801600552655,2.2836798433672,0.675658464431763
0.83722962401223,2.2847935749044,0.687055110931397
0.836438874702779,2.28590856191792,0.698143482208252
0.835641372868814,2.28704344812653,0.709236860275269
0.834849735158318,2.2881858376712,0.720759630203247
0.834085713545787,2.28931855326608,0.731793165206909
0.833314684418002,2.29042665637907,0.743104934692383
0.832534969096627,2.2915437219684,0.754684686660767
0.831735695392402,2.29268441894499,0.76569128036499
0.830949457116959,2.29382260107958,0.777167081832886
0.830193187125792,2.29493922658556,0.789124965667725
0.829426483451132,2.29604360024375,0.800075531005859
0.828654331714572,2.29715145019592,0.811141490936279
0.827859601375247,2.29828635021873,0.823365688323975
0.827050297750418,2.29945868281136,0.834396123886108
0.826275303166436,2.30060291659841,0.846297025680542
0.825498538149655,2.30171805729851,0.858955383300781
0.82471408470658,2.30283823224161,0.870060920715332
0.823921160511423,2.3039760529361,0.881171703338623
0.823120627641879,2.30513531958551,0.892037630081177
0.822346841429039,2.30627891465511,0.904272556304931
0.821569452662525,2.30739333956798,0.91530704498291
0.820784385555989,2.30851427080013,0.926593780517578
0.819991548527411,2.30965260763081,0.938158512115478
0.819189705343209,2.31081406868658,0.949146032333374
0.818414446437113,2.31196143672003,0.960474014282227
0.81763636469486,2.31308160681742,0.972203254699707
0.816850251497079,2.31420274727765,0.983214616775513
0.816055994985034,2.31534281212669,0.994323968887329
0.815254137802851,2.31650539503488,1.00648856163025
0.814477284875879,2.31765623607041,1.01748967170715
0.813698054162118,2.3187794935423,1.02909374237061
0.812911026375494,2.31990667243342,1.04157638549805
0.812115565477599,2.32104746333856,1.05267119407654
0.811311628312345,2.32221362434555,1.06390261650085
0.81053328227412,2.32336914090641,1.07531237602234
0.80975276207076,2.32449634311065,1.08621215820313
0.808964527475853,2.32562727543695,1.09763646125793
0.808167852445356,2.32677532821033,1.10883045196533
0.80736256260712,2.3279427922561,1.11979651451111
0.806581928920663,2.32910340192342,1.1310715675354
0.805799735523962,2.3302352876293,1.14217352867126
0.805009950846146,2.33137082243793,1.15327215194702
0.804211720604945,2.33252359608769,1.16455602645874
0.803431943960159,2.33366016039971,1.1756591796875
0.802661992004855,2.33480130033984,1.18681216239929
0.801880888855902,2.33592593990421,1.19795227050781
0.801091264693292,2.33705859155739,1.20897960662842
0.800292019118897,2.33821132007575,1.22019290924072
0.799510738168585,2.33934961114916,1.23138356208801
0.798740003968809,2.34049298851627,1.24247336387634
0.797957447792965,2.34162012489093,1.25387763977051
0.797165804238255,2.34275622262161,1.26489853858948
0.796365537880057,2.34391180577989,1.27593469619751
0.795594622357914,2.34504510996616,1.28748393058777
0.794820388947415,2.34615348968561,1.29843378067017
0.794037952262281,2.34726666993249,1.30956935882568
0.793246265043858,2.34839761519181,1.32116174697876
0.792445995163634,2.34954915464252,1.33211517333984
0.79167501354647,2.35068343465556,1.34326386451721
0.790900359673484,2.35178930582605,1.35481572151184
0.790117826490687,2.35290225924581,1.36577439308167
0.789326102847398,2.35403421276352,1.37704634666443
0.788525680868185,2.35518945428841,1.38841676712036
0.787754320216113,2.35632745323029,1.39941072463989
0.786979441513954,2.35743822120469,1.41063094139099
0.786196470169382,2.35855032107194,1.42231631278992
0.78540441870556,2.35968246820903,1.43325138092041
0.784603673792013,2.36083838762597,1.4451789855957
0.78383147338448,2.36197812849921,1.45855331420898
0.783055679207077,2.36309118627976,1.47078466415405
0.782272678256468,2.36420531792067,1.48172235488892
0.781480350846412,2.36533735537127,1.49316883087158
0.780679181627385,2.36649402445139,1.50658798217773
0.779906088315928,2.3676357174759,1.51766467094421
0.779129701016058,2.36875043958683,1.52944350242615
0.778345963838755,2.36986844869882,1.54116249084473
0.777553467017552,2.37100017814267,1.55216550827026
0.776751867875918,2.37215767201993,1.5634388923645
0.775977649054836,2.37330186460337,1.57482218742371
0.775200482493013,2.37441872903672,1.58565855026245
0.774415614846986,2.37553937821334,1.59680342674255
0.773622993130092,2.37667592689919,1.60795068740845
0.772820838048907,2.37783255153102,1.61884117126465
0.772045094217071,2.37897908758917,1.63022518157959
0.771266909055884,2.38009839025556,1.64188146591187
0.770480935947036,2.38122175050821,1.65287947654724
0.769686741238866,2.38236190689618,1.66472578048706
0.768884763325033,2.38352269024737,1.67587089538574
0.768107228727389,2.38467184672016,1.68767857551575
0.767327964848508,2.38579391725239,1.69866156578064
0.766541038625688,2.3869201526095,1.71002840995789
0.765745694131966,2.38806359307759,1.7214527130127
0.764942629256909,2.3892289538542,1.73241376876831
0.764162938117937,2.39038303561449,1.74375295639038
0.763382127999562,2.39150944416608,1.7551691532135
0.762593794450178,2.39263984344988,1.76606774330139
0.761797037787477,2.3937875122532,1.77742981910706
0.760991447092528,2.39495870236902,1.78880906105042
0.760209674051201,2.39611948303728,1.79977297782898
0.759427179181668,2.39725142934481,1.81091833114624
0.758637274793997,2.39838700070419,1.82252764701843
0.757838941292607,2.39953986140162,1.83355689048767
0.757040868777017,2.40071533231694,1.84472370147705
0.756268036294761,2.40184947106595,1.85728907585144
0.755491656633627,2.40296698259641,1.86857175827026
0.754713465262753,2.4040921196059,1.88035440444946
0.753929957288658,2.40524720880297,1.89229440689087
0.753162039074081,2.40638107206694,1.90359950065613
0.752388893265649,2.4074905068557,1.91462802886963
0.751607444515622,2.40860513957564,1.92568778991699
0.750817521495247,2.40973708768354,1.93695211410522
0.750019063169108,2.41088901572174,1.94797706604004
0.749249649164928,2.41202611505796,1.95902156829834
0.748475934720164,2.41313739844433,1.97023367881775
0.747694692831652,2.41425264155448,1.98128485679626
0.746904843036974,2.41538337752584,1.99239134788513
0.746105912061648,2.41653641191627,2.00390243530273
0.745334857307966,2.41767655338123,2.01488542556763
0.744560484448168,2.41878984795042,2.02596926689148
0.743779189182597,2.41990620029268,2.03764009475708
0.742988260328253,2.42104034485368,2.04875564575195
0.742188737921181,2.42219538010748,2.05958819389343
0.741416339903802,2.42333724359421,2.07168531417847
0.740641173862845,2.42445238485035,2.08260798454285
0.739858467273628,2.42557144282938,2.09442162513733
0.739067892204153,2.4267067232352,2.10779142379761
0.738267788821266,2.42786557779059,2.11866021156311
0.73749396438958,2.42900955089621,2.1301007270813
0.736718029829863,2.43012680516307,2.14141201972961
0.735934410702331,2.43124829573852,2.15226221084595
0.735143521111411,2.4323855427812,2.16334700584412
0.734342878546927,2.43354673481589,2.1746141910553
0.733567385253002,2.43469468507962,2.18558216094971
