X,Y,time
0.500271352235028,0.50005230504434,0.07536506652832
0.500525154867571,0.500106929055727,0.08812952041626
0.500835826396867,0.500161487821089,0.100868463516235
0.501182322922462,0.50021600890072,0.112469434738159
0.501553516155423,0.500270500875523,0.125155448913574
0.501943706215454,0.500324964277852,0.13838529586792
0.502350117640132,0.500379395775371,0.152703762054443
0.50277155936555,0.50043379018567,0.164916038513184
0.503207711432061,0.500488141396866,0.176747560501099
0.503658746351979,0.500542442706951,0.18935489654541
0.504125128893713,0.500596686859252,0.204123735427856
0.504526264798758,0.500650781691843,0.215814113616943
0.504881868284832,0.500705168370177,0.227703094482422
0.505217997236065,0.500759677862274,0.240774631500244
0.505548116677404,0.500814255173058,0.254268407821655
0.505879390273548,0.500868873084016,0.265928745269775
0.506215756138456,0.500923515113425,0.277158975601196
0.506559445995251,0.500978170219431,0.289380073547363
0.506911553241921,0.501032846538265,0.303346395492554
0.507272977101829,0.501087506574712,0.314292192459106
0.507645326079717,0.501142154956305,0.32612419128418
0.508028922039953,0.501196786235676,0.337630748748779
0.508424192826243,0.501251394642354,0.349480152130127
0.508831645903455,0.50130597425896,0.360742807388306
0.509251851093433,0.501360519018019,0.372254133224487
0.509685425930795,0.501415022985462,0.385940313339233
0.510133045028266,0.501469479814582,0.397318840026855
0.5105954394694,0.501523882765798,0.408974647521973
0.510991337955172,0.50157806296491,0.420800685882568
0.511341975202012,0.501632600152156,0.432805061340332
0.51167330009066,0.501687272655582,0.444088220596314
0.511998677419346,0.501742021010714,0.455727338790894
0.512324533366794,0.501796859054632,0.46934986114502
0.512655670620823,0.501851728261822,0.480677127838135
0.512994353456621,0.501906604439048,0.492261409759522
0.513341312583773,0.50196146233649,0.504032850265503
0.513698062861919,0.502016313141022,0.515382528305054
0.514065266107258,0.502071156775931,0.526591539382935
0.514443336326416,0.502125987532775,0.538482666015625
0.514832745429842,0.502180799704358,0.552258014678955
0.51523401511859,0.502235587505525,0.563616752624512
0.515647712780498,0.502290345077937,0.57518744468689
0.516074447323203,0.502345066588936,0.587229728698731
0.516514872740521,0.502399746161542,0.598115682601929
0.516969696072333,0.502454377557596,0.609722137451172
0.517411408396711,0.502509538376924,0.621703863143921
0.517789676658399,0.50256384757995,0.635278940200806
0.518133438288331,0.502618567325408,0.646307945251465
0.518463429715627,0.502673415815998,0.658440351486206
0.518790042749985,0.502728318100827,0.671592235565185
0.519119203548865,0.502783244065364,0.685681819915772
0.519454825737452,0.502838202141313,0.697341918945313
0.519798174159844,0.502893204897811,0.709273338317871
0.520150701851358,0.502948228148546,0.722524404525757
0.520513390287321,0.503003248448937,0.736855030059814
0.520886688306582,0.503058259576928,0.747900009155273
0.521271075561295,0.503113255880536,0.759754180908203
0.521667070081045,0.503168231691585,0.771964311599731
0.522075228766449,0.503223181309093,0.785829305648804
0.522496149397481,0.503278098980903,0.797329664230347
0.522930466652051,0.503332979142626,0.808896780014038
0.523378865410325,0.503387815961346,0.820640563964844
0.523813280038491,0.503443198944311,0.831902742385864
0.524182584171765,0.503497539867503,0.843291282653809
0.524517223732997,0.503552440981539,0.855108022689819
0.524838314625034,0.50360750529543,0.868610858917236
0.525157293780854,0.503662648600279,0.879473924636841
0.525479654573615,0.503717839705407,0.89134931564331
0.525808273674807,0.503773061678505,0.903719902038574
0.526144763136216,0.503828303334557,0.914559125900269
0.526490100813361,0.503883556097217,0.926235675811768
0.526844999277665,0.503938813035883,0.937772512435913
0.527210040784512,0.503994067513972,0.950648069381714
0.527585731931406,0.504049313448739,0.961591958999634
0.527972589082463,0.504104545261897,0.973577499389648
0.52837115370136,0.504159757419671,0.986860752105713
0.528781999471319,0.504214944405343,0.997828245162964
0.529205737803626,0.504270100693763,1.00953960418701
0.529643015140532,0.504325221036296,1.02103161811829
0.53009452877154,0.504380299907189,1.03266048431396
0.530533250128179,0.504435934408891,1.04373359680176
0.530907110319259,0.504490569458533,1.05516386032105
0.531246668222545,0.504545720792705,1.06876373291016
0.531572073781436,0.504601058065812,1.08002758026123
0.531894405234802,0.504656503337676,1.09177565574646
0.53221998008478,0.504711990979431,1.10394620895386
0.532551741818208,0.504767502157459,1.11561512947083
0.532891008696105,0.504823011903735,1.12681603431702
0.533239309238646,0.504878522500803,1.13908934593201
0.533597588456884,0.504934036459333,1.15303254127502
0.533966311230217,0.504989547516324,1.16561388969421
0.534345935382258,0.505045049939109,1.17803502082825
0.53473695779644,0.505100538375922,1.19076991081238
0.535139916463872,0.505156007516377,1.20475268363953
0.535555390760541,0.505211452095304,1.21728897094727
0.535984001066722,0.505266866952609,1.22947788238525
0.536426409573176,0.505322247155064,1.24468111991882
0.536854876645864,0.505378211057138,1.25993800163269
0.537272346255101,0.505434056339324,1.27369832992554
0.537636555816037,0.505488947523516,1.28807377815247
0.537972355442119,0.505544351087229,1.30109357833862
0.538296672739073,0.505599882444592,1.31257224082947
0.538619486547411,0.505655542849832,1.3254816532135
0.538946943682285,0.505711249132345,1.33906865119934
0.539281419567352,0.505766984577242,1.35352158546448
0.539624280482896,0.505822738939049,1.36509466171265
0.539976397620986,0.505878503855752,1.37618374824524
0.540338440409006,0.505934272514461,1.38712430000305
0.54071097551226,0.505990038559839,1.39784932136536
0.541094525649938,0.506045796405441,1.40933609008789
0.541489628569567,0.506101540881896,1.42042922973633
0.541896850776095,0.506157266906675,1.43107867240906
0.542316794231455,0.506212969499663,1.44264888763428
0.542750098073378,0.506268643893733,1.45369482040405
0.543197444528378,0.506324285525134,1.4643611907959
0.543632163074897,0.506380501670799,1.47588992118835
0.54405552682552,0.506436626584217,1.4869966506958
0.54442579370655,0.506491837070296,1.49774956703186
0.544767344545913,0.506547511710971,1.5093240737915
0.545098261935598,0.506603324377974,1.52038049697876
0.545427897574979,0.506659215430723,1.53104496002197
0.545760593328753,0.506715205263759,1.54253816604614
0.546100425479912,0.506771216947542,1.55366206169128
0.546448814805846,0.506827239205872,1.56436681747437
0.546806691692948,0.5068832648608,1.57596373558044
0.547174775262501,0.506939288195239,1.5870258808136
0.547553660812489,0.506995304408958,1.59782409667969
0.547943912053722,0.50705130964419,1.60944008827209
0.548346104752234,0.507107300380188,1.62053298950195
0.548760841499247,0.507163273239015,1.6311821937561
0.549188661960995,0.507219221626167,1.6426374912262
0.549630186914063,0.507275139851759,1.6536226272583
0.550058776358121,0.507331661475985,1.66430568695068
0.550475891280885,0.507388086522796,1.67582368850708
0.550893223687264,0.507444443836936,1.68689203262329
0.551264046624435,0.507500005193115,1.69757556915283
0.551609070803018,0.5075559354402,1.7092297077179
0.551945017629416,0.507611985856657,1.72029590606689
0.552280635386999,0.507668103395129,1.730961561203
0.552620631886424,0.507724264697641,1.74250268936157
0.552967655869306,0.507780455826273,1.75368237495422
0.553323305016407,0.507836666733955,1.76439595222473
0.553688650899355,0.507892889892756,1.77588820457459
0.5540641874822,0.507949135847389,1.78698468208313
0.55445105965712,0.508005378539102,1.79764866828918
0.554849864489706,0.508061610293356,1.80923247337341
0.555261132614512,0.508117828026618,1.82033228874207
0.555685457967906,0.50817402872865,1.83099555969238
0.556123309832408,0.50823020381039,1.84259343147278
0.556547730551146,0.508286983964726,1.853679895401
0.556960651271104,0.508343661460164,1.86432361602783
0.557373769305577,0.508400273296864,1.87596368789673
0.557739115914945,0.508455942959355,1.88705706596375
0.558079005615525,0.508512094375973,1.89778852462769
0.558409742508872,0.508568406820825,1.90936303138733
0.55873975438963,0.508624838733238,1.9205436706543
0.559074675614755,0.508681312385227,1.93145418167114
0.559416869294639,0.508737810620965,1.94296932220459
0.559767643228011,0.50879431935887,1.95398902893066
0.560128037974698,0.508850833496461,1.96494150161743
0.560498931681252,0.508907353254269,1.97658610343933
0.560880831895224,0.508963873026788,1.98770642280579
0.561274251017645,0.509020388065806,1.99977159500122
0.561679737350519,0.509076894138223,2.01063823699951
0.562097880450605,0.509133387140502,2.02192091941833
0.562529313768585,0.509189863235576,2.0351836681366
0.562946931247666,0.509246980701637,2.04610443115234
0.563352860903145,0.509303985859401,2.05774927139282
0.563758729429104,0.509360929250244,2.07002830505371
0.564168893057507,0.509417771797558,2.08078718185425
0.564540116774418,0.509474659935972,2.09246420860291
0.564888795518067,0.509530930405245,2.10378646850586
0.56523014332818,0.509587210491405,2.11518621444702
0.565572060552357,0.509643445037383,2.12767148017883
0.56591891521262,0.509697690642381,2.14174342155457
0.566268092211278,0.509749119479627,2.15624785423279
0.566620962769779,0.509799852589312,2.17091941833496
0.566982708291355,0.509864876613185,2.18273615837097
0.567354020913627,0.509933132316685,2.19479370117187
0.567737192116896,0.510009293023233,2.20721411705017
0.568135466687213,0.510069531580147,2.2206552028656
0.568549976560457,0.510126630018054,2.23201203346252
0.56898163911704,0.51018385380374,2.24323606491089
0.569400064353793,0.51024147574386,2.25420475006104
0.569808146313198,0.510301842269722,2.26607871055603
0.570210240400206,0.510359340604149,2.27702832221985
0.570616364296825,0.510416759474216,2.2880163192749
0.571029197032376,0.510474108521218,2.30094599723816
0.571403501595793,0.510531616092599,2.31187343597412
0.571756753965302,0.51058827329845,2.32389426231384
0.572102299244462,0.51064221163158,2.33702301979065
0.572446063538233,0.510696167518802,2.34818005561829
0.572793443847285,0.510748377718677,2.35995125770569
0.57314416518155,0.510799572816574,2.37184381484985
0.57350213139432,0.510865530775611,2.38559818267822
0.573869129833543,0.510935622212416,2.3971118927002
0.574247625170468,0.511019673167039,2.40870952606201
0.574634184896028,0.511077358724821,2.42048907279968
0.57503459044979,0.511134070493166,2.4312801361084
0.575420798784251,0.511192511990795,2.44300365447998
0.575796086493202,0.511257664893844,2.45412397384644
0.576174493324393,0.511324781452598,2.46538805961609
0.576565178044757,0.511387547836172,2.4765100479126
0.576972164622037,0.511448085676792,2.48756051063538
0.577394767416628,0.511509324696285,2.49975800514221
0.577825892224161,0.511566076468421,2.51068234443665
0.578217390815971,0.511621551045981,2.52210450172424
0.578582481422691,0.511677063882726,2.53587460517883
0.578936649559249,0.511731515916957,2.54735565185547
0.579289005514979,0.511784746319231,2.55906891822815
0.579642575494513,0.511836685134703,2.57056641578674
0.579998236521649,0.511890294643383,2.58138537406921
0.580368842282671,0.511962984356619,2.59278154373169
0.580747097940923,0.512042375060759,2.60382461547852
0.58113209200816,0.512100260338093,2.61473679542541
0.581529926365739,0.512157218663531,2.62641286849976
0.581913228607447,0.512215837622396,2.63797521591187
0.582284604934405,0.512277067565408,2.65027928352356
0.582658215819442,0.512356925008709,2.66131615638733
0.583042118709529,0.512423786074381,2.67306542396545
0.583440850817658,0.512480076834375,2.68686032295227
0.583855678363167,0.512540673909749,2.69781136512756
0.584284807702318,0.512597973682163,2.70943522453308
0.584722999034565,0.512655568008436,2.72061729431152
0.585123979581609,0.512712350132097,2.73221611976624
0.585496780403885,0.51276785666963,2.74323081970215
0.585857736320309,0.512822036368525,2.75418376922607
0.58621540290642,0.512874747554408,2.76610946655273
0.586572641746735,0.5129259196423,2.77719807624817
0.586935183907696,0.512994204849067,2.78864145278931
0.587305352215593,0.51307934168921,2.80223941802979
0.587682928863821,0.51313697095342,2.81352519989014
0.588046910883989,0.513208416068125,2.82499527931213
0.588399865828931,0.513258069752545,2.83695530891418
0.588747086942724,0.513323076132593,2.84779572486877
0.58909717829581,0.513372328067238,2.85952377319336
0.589454263590678,0.513423016964439,2.87102293968201
0.589825289306959,0.513474957274089,2.8826162815094
0.59021520140317,0.513529125198154,2.89363813400269
0.590627666703581,0.513585775433462,2.90500354766846
0.59106270218956,0.51364762653188,2.91871309280396
0.591509394207704,0.513706872568345,2.92969346046448
0.591916457501503,0.513763967455949,2.94150900840759
0.592296422381715,0.513819264619748,2.95394349098206
0.592662945326138,0.513872944466293,2.96497488021851
0.593028156772301,0.513929573599893,2.97649717330933
0.593393971779945,0.513998241933446,2.98767614364624
0.593763881457773,0.514082944101557,3.00045418739319
0.594138011987915,0.514141251344159,3.01137948036194
0.594500396620016,0.514205808127443,3.02302479743958
0.594846819103189,0.514304409953475,3.03598523139954
0.59518745692093,0.514382179070786,3.04739856719971
0.595528508047519,0.514453916273717,3.05939364433289
0.595876212880586,0.514513005321514,3.07244038581848
0.596232591984244,0.514572064825378,3.08488702774048
0.596598528720947,0.514631093624211,3.09600758552551
0.59697482181506,0.514690087104829,3.10849261283875
0.597362139886135,0.514749040718301,3.12230682373047
0.597761111343358,0.514807950016504,3.13681387901306
0.598172361760794,0.514866810563036,3.14899134635925
0.598596271768812,0.51492560934258,3.16107845306396
0.599033859542907,0.514984349501422,3.17436504364014
0.599485771318749,0.515043024817862,3.18811178207397
0.599898828045008,0.515101237894737,3.20181846618652
0.600290877917346,0.515159639332004,3.21280431747437
0.60065149512257,0.515218887206698,3.22528529167175
0.600989575033578,0.515278099798884,3.23837447166443
0.601319756124286,0.515337374710511,3.25142478942871
0.601650192645978,0.515396688965689,3.26305174827576
0.601985608236761,0.515456000502404,3.27563309669495
0.60232831998267,0.515515297662914,3.29020380973816
0.602679709003766,0.515574573717698,3.30465745925903
0.603040402879785,0.515633812556303,3.31726813316345
0.603411301955095,0.5156930122875,3.32861828804016
0.603793385920054,0.515752181032424,3.34139227867126
0.604187071545555,0.515811313587958,3.35545778274536
0.604592856748796,0.515870404286838,3.37030816078186
0.60501128814419,0.515929447256177,3.38219952583313
0.605442982880325,0.515988436586271,3.39400267601013
0.605888611634206,0.516047365993513,3.40685725212097
0.606348899465613,0.516106228744313,3.42121720314026
0.60677181862489,0.51616470627217,3.43313264846802
0.60714683719749,0.51622396276702,3.44460296630859
0.607491314570131,0.516283219228551,3.45764994621277
0.607824072210733,0.516342533253266,3.4713876247406
0.60815493640661,0.516401880227048,3.48385643959045
0.60848920086493,0.516461240414572,3.49517869949341
0.608829003884309,0.516520568673389,3.50811624526978
0.609177514834264,0.516579892650427,3.52221179008484
0.609535620389699,0.516639207353598,3.53675317764282
0.609903944129422,0.516698505896715,3.54875183105469
0.610283049762672,0.516757781156858,3.56046175956726
0.61067349413027,0.516817025732839,3.57290291786194
0.611075850914906,0.51687623204205,3.58674621582031
0.611490721121953,0.516935392383344,3.5976996421814
0.611918609339175,0.516994504923121,3.60932540893555
0.612360229847798,0.517053562026979,3.62058115005493
0.612816351362116,0.517112554841099,3.63125896453857
0.613233907602089,0.517171129027478,3.64314484596252
0.613603949239462,0.517230552084208,3.65455436706543
0.613943695218434,0.517289935233361,3.6670253276825
0.614271843979874,0.517349381508026,3.67802548408508
0.614597924045794,0.517408879520312,3.68983602523804
0.614926424867156,0.517468404412054,3.70303678512573
0.615261587401365,0.517527909490249,3.71420788764954
0.61560548198853,0.517587406012089,3.7258403301239
0.615958866256092,0.517646888497962,3.73693609237671
0.616322289434434,0.517706351023225,3.74757838249207
0.616696262985913,0.517765788203443,3.75930953025818
0.617081300980018,0.517825194582262,3.77038288116455
0.617477940512243,0.517884564617139,3.78105878829956
0.617886749500881,0.517943892677249,3.79254794120789
0.618308329053739,0.518003173090566,3.80358862876892
0.618743320210774,0.518062400111422,3.81425142288208
0.619192413003879,0.51812156766814,3.82592344284058
0.619656337650833,0.518180669069076,3.8369722366333
0.620053878679907,0.518239729301323,3.84773135185242
0.620406270551537,0.51829901788195,3.85890102386475
0.620738536795872,0.518358387725797,3.87007999420166
0.621065287424848,0.518417807846664,3.88118958473206
0.621393702414254,0.518477259134007,3.89221429824829
0.621727501073859,0.518536727763281,3.90336084365845
0.622068770414999,0.518596202916369,3.91446661949158
0.622418787498281,0.518655677117725,3.92565274238586
0.622778401496788,0.518715142771463,3.93690609931946
0.623148264685636,0.518774592455773,3.94799613952637
0.623528960394817,0.518834018999365,3.9591109752655
0.623921060743644,0.518893415019932,3.97017693519592
0.624325150383666,0.518952773011754,3.981285572052
0.624741839396624,0.519012085389675,3.99247455596924
0.625171581174326,0.519071353114342,4.00357794761658
0.62561522988707,0.519130563939915,4.01464223861694
0.626073479738425,0.519189711499188,4.02575421333313
0.626493348173286,0.519248468495238,4.03688335418701
0.626865993145878,0.519307973315099,4.04804491996765
0.627208125576865,0.519367515908279,4.05914783477783
0.62753851981289,0.519427127066987,4.07021737098694
0.627866987789928,0.519486776860192,4.08131909370422
0.628198270131594,0.519546480633982,4.09238052368164
0.628536131241719,0.519606186912522,4.10345911979675
0.628882329249244,0.51966587805242,4.11458659172058
0.62923754780867,0.519725536695032,4.12577223777771
0.629602776153999,0.519785162481419,4.13716816902161
0.62997890922416,0.519844761878555,4.14835071563721
0.63036635655619,0.519904329817191,4.15946412086487
0.630765602260066,0.519963860884728,4.1706554889679
0.631177190590452,0.520023349563824,4.1816029548645
0.631601713826665,0.52008279033663,4.19264388084412
0.632039814785683,0.52014217757785,4.20380926132202
0.632492190364438,0.520201505368425,4.21475887298584
0.632959593148573,0.520260767356309,4.22589945793152
0.633361675477642,0.520319945133529,4.23707866668701
0.633718093025229,0.520379401910906,4.24806308746338
0.634055011330405,0.520438977228781,4.25926494598389
0.63438593955082,0.520498610965529,4.27042508125305
0.634718053917458,0.520558272768239,4.28178453445435
0.635055296750946,0.520617944673308,4.29285454750061
0.635399803077899,0.520677611748097,4.30398511886597
0.63575262106398,0.520737251541175,4.31493830680847
0.636115557619944,0.520796880437254,4.32604002952576
0.636489105302732,0.520856492019212,4.33728718757629
0.636873771732326,0.520916079168961,4.34823894500732
0.637270095492714,0.520975634614094,4.35922002792358
0.637678650444671,0.521035150974405,4.37032890319824
0.638100047583473,0.521094620851777,4.3814423084259
0.638534780763189,0.521154043865734,4.39252948760986
0.638983581196842,0.521213413331163,4.40357804298401
0.639447287983024,0.521272719485286,4.41471767425537
0.639844731066757,0.521331898939567,4.42587089538574
0.640196919683086,0.521391387788816,4.43699431419373
0.640529851467802,0.521451003332266,4.44824957847595
0.640856893402744,0.52151068208454,4.45921325683594
0.641185046526109,0.521570389676792,4.47025918960571
0.641517502431594,0.52163008062991,4.48142957687378
0.641857821670076,0.52168977856926,4.49246454238892
0.642207019998549,0.521749482303258,4.5037624835968
0.642565686067407,0.521809196066031,4.51483845710754
0.642934916602406,0.521868888076451,4.52600526809692
0.643315121013002,0.521928552879279,4.53725028038025
0.643706770157152,0.521988185168838,4.54833817481995
0.644110389061624,0.522047779569284,4.55934882164001
0.644526551082809,0.522107330639597,4.5705041885376
0.644955869835228,0.522166833046517,4.58155560493469
0.645399010647708,0.522226281252948,4.59265041351318
0.645856691992338,0.522285669448836,4.60389280319214
0.646246101875261,0.522344818187851,4.61501121520996
0.646590955943474,0.522404356801914,4.62610459327698
0.646915894502392,0.522464009295983,4.63739395141602
0.647234838541088,0.52252378087028,4.64842247962952
0.647555977084869,0.522583586396198,4.65954160690308
0.647882735390142,0.522643406597031,4.67067003250122
0.648216990779555,0.522703230370366,4.68177819252014
0.648559863156871,0.522763049781059,4.69278788566589
0.648912123884724,0.522822858695896,4.70391964912415
0.649274367450376,0.522882650802382,4.7149829864502
0.649647104153363,0.522942420217083,4.7260525226593
0.650030850000768,0.523002161571917,4.73721671104431
0.650426141375354,0.52306186951417,4.74817848205566
0.650833544037595,0.523121538696162,4.75920867919922
0.651253658448927,0.523181163755986,4.77042698860168
0.651687120431929,0.523240739455051,4.78138065338135
0.652134615179497,0.523300260332455,4.79237508773804
0.65259688014051,0.523359720647889,4.80347299575806
0.652992478348562,0.523418952248234,4.81476402282715
0.653342915920312,0.523478584438719,4.82661318778992
0.653674155487733,0.523538355382866,4.83834838867188
0.65399954207083,0.523598196075922,4.84981083869934
0.654325558451761,0.523658111653127,4.86138987541199
0.654656811872835,0.52371805025421,4.87373042106628
0.654995637859052,0.523777982826008,4.88772940635681
0.655342620679842,0.523837879518473,4.89961671829224
0.655699648812221,0.523897762182885,4.9108874797821
0.656067112888265,0.523957625564601,4.92235112190247
0.656445438384166,0.524017464279612,4.93518662452698
0.656835105401126,0.524077273114241,4.94614601135254
0.657236640857467,0.524137046845822,4.95808911323547
0.657650615869133,0.524196780250302,4.96975207328796
0.658077642170059,0.524256468172178,4.98096752166748
0.65851837703825,0.524316105471705,4.99218225479126
0.658973530549592,0.524375686783443,5.00336003303528
0.659415377891999,0.524435886986046,5.0144362449646
0.659794082634441,0.524495146128299,5.02552771568298
0.660138389582477,0.524554848421082,5.03674721717835
0.660468520111361,0.524614659542086,5.04814696311951
0.660795566200809,0.524674512552258,5.05919814109802
0.661125951833248,0.524734397926337,5.0702702999115
0.661462647144483,0.524794303047141,5.08148694038391
0.661807363151902,0.524854216730229,5.09259295463562
0.662161188034588,0.524914131365891,5.10416746139526
0.662524891982504,0.524974038859978,5.11576390266418
0.662899030987204,0.525033934874134,5.12790894508362
0.663284135922822,0.525093816205119,5.13995480537415
0.663681032608438,0.525153664594358,5.15370917320251
0.664090218189194,0.5252134749015,5.16564655303955
0.664512260462738,0.525273241976959,5.17729735374451
0.664947781651215,0.525332960808682,5.18867993354797
0.665397463635785,0.525392626192062,5.20045971870422
0.665833225092132,0.525452949028936,5.21142935752869
0.666204442902813,0.525512150011775,5.22307991981506
0.666541543054129,0.525571888559363,5.23627591133118
0.666865231233432,0.525631761185044,5.24850082397461
0.667185737731889,0.525691753893278,5.25975322723389
0.667509696543554,0.525751791145774,5.27154421806335
0.667840159781541,0.525811842382364,5.28307223320007
0.668178651445532,0.525871897065503,5.29437255859375
0.668526120912313,0.525931947400114,5.30549478530884
0.668883266977826,0.52599198682867,5.31734704971314
0.669250651578595,0.526052009010884,5.32832837104797
0.669628787599925,0.52611200820815,5.33973741531372
0.670018201014947,0.526171979240085,5.35345363616943
0.670419442814194,0.526231916993738,5.36527109146118
0.67083309658684,0.526291816410707,5.37675070762634
0.671259781871775,0.526351672521646,5.38848948478699
0.671700158038204,0.526411480500658,5.40061283111572
0.672154935915083,0.526471235339994,5.41165041923523
0.672596948128758,0.526531622771114,5.42325758934021
0.672975069521281,0.526591010295608,5.43671202659607
0.673318775288203,0.526650883774879,5.4485068321228
0.673648810965973,0.526710892250025,5.46004605293274
0.67397595144891,0.526770965014586,5.47186493873596
0.674305953269924,0.526831070334648,5.48380064964294
0.674641536198037,0.526891176315168,5.49516415596008
0.674984543172803,0.526951311486377,5.50661730766296
0.675337159896913,0.527011446793062,5.51997756958008
0.675700040694064,0.527071567936818,5.53110527992249
0.676073593262539,0.527131668882302,5.54262042045593
0.676458277294712,0.527191744475733,5.55401849746704
0.676854601297194,0.527251789684629,5.56512689590454
0.677263118299235,0.527311799531946,5.57640981674194
0.67768442535233,0.527371769093587,5.5877251625061
0.678119158179146,0.527431693692653,5.59918022155762
0.678568004244709,0.527491568557605,5.61030077934265
0.679003223144792,0.527552099881888,5.62232494354248
0.679373416692222,0.527611436069943,5.63380122184753
0.679709358932589,0.527671413528852,5.64542651176453
0.68003123252782,0.527731579298383,5.6580708026886
0.680350294576675,0.527791794975156,5.67130589485168
0.680673080725799,0.527852046650424,5.68292212486267
0.681002329302426,0.527912317789876,5.69438743591309
0.681339572751987,0.527972596499956,5.70669007301331
0.681685748356773,0.528032873833026,5.71889090538025
0.682041548890605,0.528093143198199,5.73002409934998
0.682407546839116,0.528153398253529,5.74176597595215
0.682784247305884,0.528213633071433,5.75319743156433
0.683172167843171,0.528273842532316,5.76438117027283
0.683571852799299,0.528334021700075,5.77543830871582
0.683983879890837,0.528394165746053,5.78657674789429
0.684408864856373,0.528454269943868,5.79766583442688
0.684847460069032,0.528514329866112,5.80877733230591
0.68530036967589,0.528574340973812,5.81991004943848
0.685740904519761,0.528635006484833,5.83105564117432
0.686116308847036,0.528694539483275,5.84215068817139
0.686457409806237,0.52875465147996,5.85331630706787
0.686784435539892,0.528814950670139,5.86446285247803
0.687108463668173,0.528875349739569,5.87550354003906
0.687435797764433,0.528935780219161,5.88660478591919
0.687769388364008,0.528996221630742,5.89773845672607
0.688110923151702,0.529056662691304,5.90882611274719
0.688461467772152,0.529117094799713,5.91995453834534
0.688821792900898,0.529177512012952,5.9311215877533
0.689192518124854,0.529237908957195,5.94252777099609
0.689574036844417,0.529298275601555,5.9539783000946
0.689967202965996,0.52935861634978,5.96508479118347
0.690372494735097,0.52941892655516,5.97668361663818
0.690790465582288,0.529479201682468,5.98799800872803
0.691221725864792,0.529539437383279,5.99936389923096
0.691666939150139,0.529599629534834,6.01131987571716
0.692098782440909,0.529660503875789,6.02394366264343
0.692519489529341,0.529721225301285,6.03766775131226
0.69288728779949,0.529780954950249,6.05010390281677
0.693226558627667,0.529841206548264,6.06164693832397
0.693555294857778,0.529901596544437,6.07395458221436
0.693882850474076,0.529962052438819,6.0857834815979
0.694213786043746,0.530022531856685,6.09700965881348
0.694550614825375,0.530083070035539,6.10806226730347
0.694896481700352,0.530143611159947,6.11917591094971
0.695252046881914,0.530204147332141,6.13048124313355
0.69561785651134,0.530264672300443,6.1422553062439
0.695994399583534,0.530325180188142,6.15379118919373
0.696382179887341,0.530385665989603,6.16475176811218
0.696781734368039,0.530446125056996,6.17580246925354
0.697193636948007,0.530506552910771,6.1869535446167
0.697618501981238,0.53056694522712,6.19801115989685
0.698056981048785,0.530627298077915,6.20909333229065
0.698481199303166,0.530688367269044,6.22028279304504
0.698894305461133,0.530749256830816,6.23142170906067
0.699306091083194,0.530809963017793,6.24250459671021
0.699675541695529,0.530870348272529,6.25380921363831
0.700019444589507,0.530930712663464,6.26485180854797
0.700356457985677,0.530990360550322,6.27607226371765
0.700692737624269,0.531049764826039,6.28729915618897
0.701033696111531,0.531109057704765,6.29883027076721
0.701381772203619,0.531168240540634,6.31004548072815
0.701736854762845,0.531225728597132,6.32217764854431
0.702097163012168,0.531281016746513,6.33340954780579
0.702464863152404,0.53134946899546,6.34458208084106
0.702841850819087,0.531420538548888,6.35565662384033
0.703230651298079,0.531495789435719,6.36704325675964
0.703637805013454,0.531590827964177,6.37802124023438
0.704051789991578,0.531645273595189,6.38953042030335
0.704475733683491,0.531709313368061,6.40209484100342
0.704881336842669,0.53177070665665,6.4132091999054
0.705283509780453,0.531832044277335,6.42513489723206
0.705687578954074,0.531893229799484,6.43663096427918
0.706099061935743,0.53195056241481,6.44770526885986
0.706470713042229,0.532008017759053,6.45888209342957
0.706823207010695,0.532068545639282,6.47007179260254
0.707169354433742,0.532128094085454,6.48125720024109
0.707517189026234,0.532187562774123,6.4923620223999
0.70787049081548,0.532246879101897,6.5035126209259
0.708231398409571,0.532306048203081,6.51474738121033
0.708600224567062,0.532364459313832,6.52600288391113
0.708974124989914,0.532420351086025,6.53731656074524
0.709358930373964,0.532497031325056,6.54849004745483
0.709760161918451,0.532615575266228,6.55955052375793
0.710179347922364,0.532676172546621,6.57064056396484
0.710613828076,0.532737593082281,6.58172726631165
0.711064891144829,0.532800609405254,6.5928475856781
0.711495468620533,0.532861685796471,6.60402178764343
0.711914679072801,0.532924600344994,6.61510062217712
0.712337362374226,0.532989794832898,6.62621092796326
0.712764934738658,0.533051406750124,6.63750314712524
0.713145598963187,0.533113425635244,6.64882874488831
0.713498788751985,0.533174787825346,6.65990257263184
0.713842425178249,0.533236178265625,6.67106175422668
0.714186208287233,0.533296697933934,6.68230724334717
0.714534034772812,0.533357050799186,6.69354844093323
0.714884553320443,0.533414144014885,6.70478677749634
0.715237266591896,0.533474590433914,6.71610736846924
0.715598233212522,0.533544950360056,6.72715759277344
0.71596831207154,0.533618426769738,6.73821377754211
0.716354689648894,0.533749901687739,6.74971842765808
0.716749955632729,0.533812471311027,6.7607159614563
0.717166958173484,0.533874886928925,6.77190279960632
0.717564790645109,0.533938341149041,6.7833411693573
0.717948265875105,0.534008319494238,6.79437565803528
0.718334067389654,0.534080570413089,6.80595946311951
0.71873158301717,0.53414813322373,6.81733775138855
0.719144982676097,0.534214101347992,6.82830572128296
0.719572460134839,0.534276596468261,6.83951902389526
0.720007317805202,0.534338982065725,6.85083103179932
0.720403971143885,0.534400053366258,6.86187601089478
0.720773046237031,0.534463013745711,6.87315177917481
0.721134647875351,0.534523576256868,6.8846960067749
0.721491362109386,0.53458133769041,6.89567160606384
0.721846919335289,0.534637712802434,6.90717244148254
0.72220586410612,0.534711893884984,6.91934132575989
0.722570913392949,0.534787719496554,6.93057346343994
0.722948787075891,0.534850132308914,6.94206857681274
0.723340662476156,0.534912567898945,6.95348358154297
0.723716317183328,0.534976011414578,6.96480441093445
0.724078874045587,0.535039200333586,6.9767689704895
0.724439318963404,0.535102309760069,6.98896598815918
0.724804621113273,0.535165368088094,6.99995899200439
0.725177782477362,0.535228374419728,7.01120233535767
0.725560553659238,0.53529132594966,7.02245759963989
0.725954127796288,0.535354215810562,7.03422260284424
0.726358837628307,0.535417037765241,7.04550647735596
0.726774214563235,0.535479830563062,7.05750298500061
0.727161394297043,0.535540715689853,7.07059597969055
0.727526029219052,0.535601354786062,7.0816490650177
0.72788197913025,0.53566054504451,7.0927882194519
0.72823618396447,0.535718126570618,7.10408496856689
0.728590417754814,0.535774011809107,7.11570549011231
0.728950427903194,0.535847245271356,7.12712454795837
0.729318244260717,0.535933483975748,7.13840079307556
0.729694293468714,0.535997493348742,7.14988160133362
0.730084658495378,0.536059756055926,7.16083335876465
0.7304613195872,0.536123496820727,7.17224526405335
0.73082582099576,0.536188810184286,7.18367457389832
0.731190637431949,0.53627445421022,7.19465732574463
0.73156916825339,0.536332028884181,7.20619130134583
0.73196131541081,0.536390936316213,7.2188994884491
0.732358255702315,0.536453832816496,7.23003077507019
0.732778871108779,0.536515874049611,7.24155998229981
0.733213259826045,0.536578592189397,7.254887342453
0.73364240756553,0.536640698274578,7.26684498786926
0.734044821017643,0.536702713290397,7.27795195579529
0.734423570400729,0.536762987093701,7.28994297981262
0.734794940492896,0.536823004694003,7.30330681800842
0.735168136377023,0.53688706374168,7.31541442871094
0.735540726563861,0.536944365101171,7.32669997215271
0.735917696848325,0.537019222381222,7.33851480484009
0.736301574203263,0.537081629470674,7.3499026298523
0.73666988885246,0.537147742758621,7.36111664772034
0.737025152680894,0.537252183738748,7.37215542793274
0.737380494798527,0.537306712214085,7.38418221473694
0.737737323727362,0.537381533902141,7.39550757408142
0.738101226776813,0.537437017545774,7.40707278251648
0.738476351418223,0.537493900180318,7.42016410827637
0.738869880572478,0.537553142241586,7.43196725845337
0.739286131045915,0.537615095913274,7.44352650642395
0.739724705845627,0.537679348764162,7.45525097846985
0.740175180440212,0.537744046330885,7.46685385704041
0.740620950836084,0.537808575513368,7.47798109054565
0.741035925634537,0.537870803995274,7.48906898498535
0.741427100538391,0.537931027769049,7.50114893913269
0.74181026554894,0.537990930417123,7.512451171875
0.742193903120706,0.538050577825973,7.52400898933411
0.742581822857147,0.538109987111154,7.53719639778137
0.742947266388053,0.538173702956764,7.54923677444458
0.743296216855304,0.538237072913727,7.56047248840332
0.7436403315964,0.538299402939919,7.57178616523743
0.743987124207061,0.538360953078748,7.58334350585938
0.744340949645885,0.5384221701893,7.59442925453186
0.74470553234584,0.538483403432626,7.60634779930115
0.745087525581668,0.538541512801355,7.61937022209168
0.745490412678189,0.538602134347672,7.63072919845581
0.745910487106305,0.53866443973005,7.64274191856384
0.746342828396904,0.53872749249209,7.65474963188171
0.746771736490631,0.538790218034842,7.66628241539001
0.747173709755349,0.538852480217142,7.6775848865509
0.747552674130589,0.538913241372259,7.68874287605286
0.747924622619531,0.538973719775608,7.70019912719727
0.748296289635109,0.539033196867063,7.71137094497681
0.748664305703498,0.539110815875152,7.72252058982849
0.74903899227987,0.539189644363306,7.73461008071899
0.749397267927912,0.539245641299243,7.74565243721008
0.749734381022819,0.539317246342792,7.75716590881348
0.750072423587311,0.539391156669387,7.77006459236145
0.750411450181487,0.53946682099721,7.78180694580078
0.750756001112173,0.539539257648221,7.79321813583374
0.7511070721308,0.539612671144285,7.80508852005005
0.751464854225094,0.539688023582935,7.81635141372681
0.751835490027602,0.539752126339188,7.82802200317383
0.7522183309888,0.539816191088484,7.84059262275696
0.752616828282254,0.53987622772805,7.85399556159973
0.75303262996407,0.539938256500312,7.86572694778442
0.753470453700242,0.540002757894384,7.87728333473206
0.753928715234868,0.540076663572152,7.88894510269165
0.754403819309735,0.540147845964581,7.90189933776856
0.754830823157515,0.540210770018436,7.91313004493713
0.755232158900462,0.540273890985491,7.92525744438171
0.755598430099143,0.540338042361383,7.93769288063049
0.755940468525376,0.540402099096577,7.94918322563171
0.756274131836556,0.540466178724853,7.96023011207581
0.756607758978964,0.540530263730776,7.97190189361572
0.756945863719468,0.540594338768541,7.98324203491211
0.757290812217556,0.54065838790038,7.9943470954895
0.757643649899045,0.540722404309708,8.00548911094666
0.758006850095165,0.540786383076514,8.01705241203308
0.758380799160442,0.540850321013476,8.02818942070007
0.758765923886021,0.540914213286225,8.03962230682373
0.759162728613825,0.540978054762247,8.05212998390198
0.75957173025275,0.54104183999765,8.06315016746521
0.759993518795812,0.541105563602202,8.07497596740723
0.760428733256942,0.541169220015184,8.08667540550232
0.760878063010369,0.541232803358899,8.09781002998352
0.761288142518494,0.541295764014849,8.10883140563965
0.761677346479701,0.541358950273174,8.11998105049133
0.762034382447197,0.541423208695217,8.13112211227417
0.762369233917155,0.5414873497296,8.14224338531494
0.762696232498187,0.541551551944628,8.15344572067261
0.763022939854278,0.54161573001157,8.16451787948608
0.763355089755475,0.541679887626064,8.17560267448425
0.763694978693836,0.541744024388682,8.18671298027039
0.764043751639812,0.541808134287343,8.1977915763855
0.764402149247877,0.541872211137101,8.20931053161621
0.76477077115626,0.541936250325582,8.22056245803833
0.765150163454843,0.542000247005178,8.23163795471191
0.765540863814322,0.542064196054027,8.2427544593811
0.765943431146775,0.54212809220774,8.25393080711365
0.766358440317162,0.542191930103224,8.26500630378723
0.766786517548897,0.542255704330447,8.27609157562256
0.76722833258286,0.542319409296047,8.28725671768189
0.767684603551489,0.542383039062608,8.29817605018616
0.768102997288875,0.542446128345755,8.30940079689026
0.768473076547346,0.542510353832944,8.32056403160095
0.768812679632645,0.542574415378654,8.33151578903198
0.76914012322644,0.542638490529259,8.3426821231842
0.769466409110657,0.542702584489158,8.35385155677795
0.769796547825258,0.542766684501583,8.36485290527344
0.770133278492086,0.54283077895143,8.37603139877319
0.770478216373128,0.542894859343472,8.38737726211548
0.770832361735784,0.542958918507751,8.39832782745361
0.771196433523702,0.543022949456398,8.40973019599915
0.771571015195097,0.543086947177971,8.42095327377319
0.771956625163999,0.543150907910709,8.43219113349915
0.772353987485734,0.543214817855066,8.4431734085083
0.772763621617067,0.543278671736686,8.4541654586792
0.773186089942749,0.543342464194271,8.4651358127594
0.773622029575903,0.543406189756312,8.47622728347778
0.774072130278538,0.543469842680796,8.48731970787048
0.774482810474052,0.543532883100351,8.49828433990479
0.774872703307531,0.54359614761863,8.50952053070068
0.775231027813957,0.543660440874807,8.52065563201904
0.775566418470425,0.543724697983478,8.53153848648071
0.775894542877242,0.54378899087977,8.54259133338928
0.776223368106618,0.543853287966377,8.55384755134583
0.776557033852449,0.54391757037847,8.56487369537354
0.776897681700195,0.54398181833342,8.57598543167114
0.777246492690998,0.544046013616472,8.58726358413696
0.777605308005819,0.544110174737929,8.59822034835815
0.777974573500614,0.544174298377827,8.60928392410278
0.778354745067413,0.544238379694586,8.62041139602661
0.778746319817416,0.544302413619354,8.6313853263855
0.779149836807959,0.544366394985736,8.64240431785584
0.779565874929301,0.544430318561625,8.65355753898621
0.779995040523111,0.544494179036261,8.66471362113953
0.780438006505421,0.544557970983289,8.67580676078796
0.780895494898168,0.544621688647422,8.68685078620911
0.781315017979079,0.544684881531026,8.69793939590454
0.781686695557396,0.544749132366727,8.70953392982483
0.782028036621405,0.544813285303098,8.72074174880981
0.782357820634276,0.544877487357942,8.73170280456543
0.782685190514542,0.544941692082022,8.74292659759522
0.78301586944063,0.545005882673173,8.75417685508728
0.783353455549052,0.545070065908457,8.76575493812561
0.783699433207638,0.545134235615292,8.77699732780457
0.784054669247972,0.545198388740385,8.78906083106995
0.784419797728,0.545262523223591,8.80224537849426
0.78479572507143,0.545326617199932,8.81345987319946
0.785182902153796,0.545390665518596,8.82487416267395
0.785581834897564,0.54545466305964,8.83637595176697
0.785993078969174,0.545518604613141,8.84761619567871
0.786417230798676,0.545582484960602,8.85872220993042
0.786854937613022,0.545646298773281,8.87004065513611
0.78730688565263,0.545710040345025,8.88106656074524
0.787719524045336,0.54577319722735,8.892991065979
0.788084011178269,0.54583745543599,8.90497517585754
0.788418356804269,0.545901633051516,8.91738319396973
0.788740365601657,0.5459658598893,8.92864918708801
0.789061060178719,0.546030139824148,8.94046974182129
0.789385983550104,0.546094422118774,8.95474219322205
0.789717644083542,0.546158693329467,8.96742677688599
0.790057492024793,0.546222944549287,8.97907781600952
0.7904064446235,0.546287170416979,8.99135088920593
0.79076515017112,0.546351364757052,9.00443553924561
0.791134153345692,0.546415522385878,9.01659631729126
0.791513971124208,0.54647963833219,9.02782106399536
0.791905134336558,0.546543707466123,9.04033136367798
0.792308199311295,0.546607724648084,9.05365371704102
0.792723753987395,0.546671684702498,9.06550621986389
0.793152420734021,0.546735582474661,9.07681083679199
0.793594857131658,0.546799412574308,9.08938932418823
0.794051787538993,0.54686316945468,9.1032817363739
0.794470223535668,0.546926398355549,9.11516165733337
0.79484127332686,0.546990655987904,9.12642216682434
0.795181946474987,0.547054850515943,9.13922929763794
0.795511026680141,0.547119100156553,9.15308928489685
0.795838272452504,0.547183377143019,9.16480159759522
0.796168737027208,0.547247671098719,9.17609119415283
0.796504398666609,0.547311946904117,9.18787002563477
0.796849016684036,0.547376196862154,9.19932913780212
0.79720333565774,0.547440417956418,9.21088790893555
0.79756783093991,0.547504604690867,9.22255635261536
0.797942977123347,0.547568752202125,9.23569107055664
0.798329272188371,0.547632855480427,9.24707794189453
0.798727247305212,0.547696909449108,9.25910878181458
0.79913747008974,0.54776090900801,9.27057123184204
0.799560543312498,0.547824849062569,9.28165102005005
0.799997113995985,0.547888724488303,9.29268622398376
0.800447867008784,0.54795252984154,9.30387139320374
0.80085878015637,0.54801574210777,9.31482362747192
0.801221809023258,0.548080031899727,9.32588219642639
0.801554503987567,0.54814432496134,9.33700013160706
0.801875081134446,0.548208655640504,9.34801769256592
0.802194617853679,0.548273006620277,9.35911655426025
0.802518268506473,0.548337361817936,9.37026381492615
0.802848575287585,0.548401709179757,9.38132667541504
0.803186995522043,0.54846603879353,9.39239120483398
0.803534452631008,0.548530345014851,9.40345907211304
0.803891606894783,0.548594621922494,9.41460037231445
0.804258994780761,0.548658863743647,9.42581105232239
0.804637127172321,0.548723065533741,9.43695306777954
0.805026529122647,0.548787222219323,9.44812917709351
0.805427751183133,0.548851328740846,9.45921993255615
0.805841376741574,0.548915380030548,9.47046542167664
0.80626802104154,0.548979371094218,9.4815080165863
0.806708346329331,0.549043296860536,9.49246048927307
0.807163064815065,0.549107152057239,9.50435376167297
0.807578561426196,0.54917046372038,9.51538920402527
0.807946968443247,0.549234751919943,9.52651810646057
0.808285155722198,0.549299057160423,9.53788566589356
0.80861131765514,0.549363462740448,9.54917788505554
0.808935647685825,0.549427917531163,9.56015563011169
0.809263714233716,0.549492372299226,9.57123684883118
0.809598273660268,0.549556809518585,9.58251190185547
0.809940568537198,0.549621208395657,9.59349083900452
0.810291885895363,0.549685564994568,9.60453248023987
0.810653433572683,0.549749889314208,9.61574673652649
0.811025603109337,0.549814176828933,9.6271231174469
0.81140884134503,0.549878422633544,9.63815593719482
0.811803647867182,0.549942621777315,9.64972162246704
0.812210568656267,0.550006769308195,9.66092586517334
0.812630192152642,0.550070860284758,9.67223048210144
0.813063149191192,0.550134889835228,9.68447160720825
0.813510121950678,0.550198852967562,9.69569373130798
0.813971845993484,0.550262744454679,9.7078287601471
0.814366413685029,0.550326513804986,9.71972990036011
0.814716107203947,0.55039062037955,9.73091578483582
0.815046650805423,0.550454848649897,9.74212455749512
0.81537068711401,0.55051910238592,9.75341296195984
0.815696622762972,0.550583378114624,9.76459765434265
0.816028060978938,0.550647661726498,9.77561712265015
0.816366615146176,0.550711965740952,9.78675866127014
0.816714023935551,0.550776260450962,9.79791879653931
0.817071247866347,0.550840527007493,9.80897450447083
0.817438773519372,0.550904758989595,9.82011198997498
0.817817085716626,0.550968951477651,9.83119797706604
0.818206696123919,0.551033099464653,9.84228348731995
0.818608148618839,0.551097197964632,9.85358572006226
0.819022023527682,0.551161242002058,9.86493754386902
0.819448936249534,0.5512252266837,9.87595987319946
0.819889548320369,0.551289147090566,9.88705849647522
0.820344572291796,0.551352998127497,9.89839482307434
0.820760260750259,0.551416320166146,9.90983247756958
0.821129246854295,0.551480578218198,9.92086935043335
0.821467906491407,0.551544881645691,9.93191456794739
0.821794178343079,0.551609310551539,9.94306015968323
0.822119023395951,0.551673769610567,9.95409440994263
0.822447524761004,0.551738229499382,9.96511435508728
0.822782477919899,0.551802673431483,9.97615075111389
0.823125500131344,0.551867092257513,9.9873194694519
0.823477635648831,0.55193147965144,9.9982967376709
0.823839619103011,0.551995829808656,10.0094118118286
0.824211686487095,0.552060125319722,10.0205857753754
0.824595042446569,0.552124378591109,10.0315194129944
0.82499010489374,0.552188585609071,10.042599439621
0.825397367046475,0.552252741558399,10.0537178516388
0.825817390220562,0.552316841608267,10.0648312568665
0.826250791364397,0.552380881015601,10.075884103775
0.826698246230003,0.552444854940099,10.0869600772858
0.827160488019289,0.55250875833629,10.0980784893036
0.82755583492329,0.55257247372259,10.1091432571411
0.827906158195915,0.552636591601122,10.1202375888824
0.828237420241085,0.552700845424457,10.1313316822052
0.82856293265382,0.552765159410057,10.1423997879028
0.828889717747864,0.552829496940333,10.1534838676453
0.829220349362271,0.552893854368916,10.1646218299866
0.829558870072809,0.552958192691939,10.175660610199
0.829906673083678,0.553022508801672,10.1867654323578
0.830264336043585,0.553086797533765,10.19793009758
0.830632329902974,0.55315105252154,10.2090194225311
0.831011138529683,0.553215268734615,10.2201354503632
0.831401274059855,0.553279441223656,10.2312030792236
0.831803281587855,0.553343565093968,10.2423002719879
0.832217743178375,0.553407635491007,10.253445148468
0.832645276970368,0.553471647661919,10.2645342350006
0.833086546510994,0.55353559688536,10.2761387825012
0.833542266910745,0.553599478297621,10.2873349189758
0.833929058069462,0.553663066087002,10.2983424663544
0.834271226732686,0.553727137583038,10.3094832897186
0.83459328207945,0.553791386053918,10.3207378387451
0.834910656780866,0.553855698081224,10.3316712379456
0.835230091489986,0.553920036122549,10.3428270816803
0.835555042731778,0.553984379245404,10.3540320396423
0.835887416118135,0.55404871457283,10.3650801181793
0.836228333092072,0.554113033336522,10.3761491775513
0.836578563602825,0.554177329575134,10.3872859477997
0.836938704758915,0.554241597240157,10.3982594013214
0.837309255348371,0.554305830231459,10.4093623161316
0.837690721930884,0.554370023497464,10.4206337928772
0.838083632842484,0.554434172091281,10.43159532547
0.838488546314064,0.554498271139218,10.4426307678223
0.838906056351615,0.554562315817636,10.4538505077362
0.839336790839946,0.554626301465627,10.4648473262787
0.839781426527816,0.554690223380886,10.4758822917938
0.840240691959316,0.554754076726301,10.4869565963745
0.840632260791113,0.55481765079412,10.4980344772339
0.840979032050836,0.554881712242304,10.5091252326965
0.841306860361707,0.554945925091701,10.5202059745789
0.841628180383841,0.555010263165753,10.5313444137573
0.841951285335924,0.555074622643121,10.5424456596375
0.842279190298278,0.555138957093162,10.553558588028
0.842614567949415,0.555203267339716,10.5646803379059
0.842958968578068,0.555267558334309,10.5757110118866
0.843313018983665,0.555331825029964,10.5867991447449
0.84367722796645,0.555396061167667,10.5979716777802
0.844052073757245,0.555460261060836,10.6090385913849
0.844438059382715,0.555524419771778,10.6201539039612
0.844835718587735,0.555588532440809,10.6312777996063
0.845245620329409,0.555652594277652,10.6423370838165
0.845668370809325,0.555716600580647,10.6534578800201
0.846104615773487,0.555780546792042,10.6645588874817
0.8465550518014,0.555844428289195,10.6756117343903
0.847020429137666,0.555908240268038,10.6867458820343
0.84741995849982,0.555971834636882,10.6978611946106
0.847773957310536,0.55603587059494,10.7089080810547
0.848108598969841,0.556100044122047,10.7200803756714
0.848437352274965,0.55616427687662,10.7311310768127
0.848767344007802,0.556228533220438,10.7421748638153
0.849102273885273,0.556292805752808,10.7533853054047
0.849444287006236,0.55635709076812,10.7644934654236
0.849795371390485,0.556421347998767,10.7755570411682
0.850156283105364,0.556485570830555,10.7867231369019
0.85052760521412,0.556549753890068,10.7978434562683
0.850909894452451,0.556613893263351,10.8089509010315
0.851303711679528,0.556677985358491,10.8200953006744
0.851709638278629,0.556742026778416,10.8311252593994
0.852128286741177,0.556806014231228,10.8422043323517
0.852560083956963,0.556869937572116,10.8534162044525
0.85300592887238,0.556933797737011,10.8645267486572
0.853466540385838,0.556997590860027,10.8756151199341
0.853859955461079,0.55706107536441,10.8867781162262
0.854208380431147,0.557125074547093,10.8978850841522
0.85453777224794,0.557189224697869,10.9089221954346
0.854860767490598,0.557253487921116,10.9201149940491
0.8551852296113,0.557317787815874,10.9312179088593
0.855515132884469,0.557382084049014,10.9423003196716
0.855852469538108,0.557446363896758,10.9534647464752
0.856198207293067,0.557510610008443,10.9646065235138
0.856553353544363,0.557574817643842,10.9756717681885
0.856918942667279,0.557638994001041,10.9867825508118
0.857295361821765,0.557703134034932,10.9978711605072
0.857683065385759,0.557767232948672,11.0089313983917
0.858082564212371,0.557831285993493,11.0200686454773
0.858494418271454,0.55789528849624,11.0311079025269
0.858919231551038,0.557959235900138,11.0421645641327
0.859357653259195,0.558023123804322,11.0533821582794
0.859810385960167,0.558086947760162,11.0645051002502
0.860249954898369,0.558151520399545,11.0755302906036
0.860625439517294,0.558214946010735,11.0867066383362
0.860966788718278,0.558278928469506,11.0978033542633
0.861294651189854,0.558343050022813,11.1093986034393
0.861619720271511,0.558407229207185,11.1209523677826
0.861946872806867,0.558471401392098,11.1319072246552
0.862280218418824,0.558535599127799,11.1430993080139
0.86262160871798,0.558599811423364,11.1541335582733
0.862972491374895,0.55866400351445,11.1651039123535
0.863333409489131,0.55872816870411,11.176173210144
0.863704828959258,0.558792300717738,11.1873235702515
0.864087238440179,0.558856394515095,11.1983473300934
0.864481158589323,0.558920445307032,11.2095329761505
0.864887145494899,0.558984448423156,11.2207126617432
0.865305794121292,0.559048399285698,11.2316796779633
0.865737736077213,0.559112293535536,11.2429599761963
0.866183651501408,0.559176126864861,11.2540078163147
0.866644273569591,0.559239894896159,11.2649908065796
0.867037566606634,0.55930326630023,11.276017665863
0.867385338457767,0.559367253336003,11.2871797084808
0.867713904691332,0.559431426355779,11.2981977462769
0.868037047907532,0.559495670959284,11.3093068599701
0.868361745674482,0.559559941070002,11.3204896450043
0.86869172374404,0.559624211250635,11.3314523696899
0.869029059933625,0.559688467994761,11.3424785137177
0.869375003934379,0.559752701759366,11.3535945415497
0.869730417424368,0.559816906507886,11.3646900653839
0.870095957011807,0.559881076746941,11.3757071495056
0.870472179773909,0.559945207555697,11.3867871761322
0.87085946828011,0.560009289481473,11.3979830741882
0.871258673560684,0.560073326395325,11.4090478420258
0.871670310863641,0.560137314387843,11.4203596115112
0.872094949095168,0.560201249072061,11.4313378334045
0.872533216738835,0.560265126280819,11.4423685073853
0.872985805089168,0.560328941828169,11.453465461731
0.873425607262546,0.560393502564658,11.4645924568176
0.873800887380612,0.560456882836743,11.4756977558136
0.874142010733888,0.560520852174003,11.4867696762085
0.874469662585535,0.560584966435066,11.4979491233826
0.874794536691786,0.560649141826512,11.508987903595
0.875121985014497,0.56071336419874,11.5201086997986
0.875455220711736,0.560777616991523,11.5311915874481
0.87579610692929,0.560841832436839,11.5422856807709
0.876146566615704,0.560906025988753,11.553505897522
0.876507143148016,0.560970193990775,11.5646288394928
0.876878268782106,0.561034330331335,11.5756342411041
0.877260406410201,0.561098429836909,11.5867464542389
0.877654062729892,0.561162487823219,11.5978646278381
0.878059786165968,0.561226499731548,11.6089382171631
0.878478167337093,0.561290461139943,11.6200942993164
0.878909835870475,0.561354367867497,11.6312122344971
0.879355469745386,0.561418215859674,11.6422588825226
0.87978718736731,0.561482850178328,11.6534328460693
0.880208028987486,0.561547263546676,11.6645817756653
0.880576549776222,0.561610693022621,11.6755886077881
0.880916284431378,0.561674617781029,11.6867835521698
0.881245218331594,0.561738649694491,11.6979477405548
0.881573434786841,0.561802732400616,11.708996295929
0.881905795222481,0.561866839593009,11.7201337814331
0.882244942357132,0.561930955455686,11.7313017845154
0.8825923576464,0.561995071814955,11.7424221038818
0.882948742938135,0.562059201155142,11.7535669803619
0.883315543435587,0.562123302482825,11.7646679878235
0.883693191579961,0.562187369393272,11.7756683826447
0.884082164506188,0.562251397134892,11.7867810726166
0.884482987531226,0.562315381151186,11.7979373931885
0.884896230720094,0.562379317026751,11.8090052604675
0.885322507968121,0.56244320050517,11.8201251029968
0.885762474470418,0.562507027619285,11.8312344551086
0.886216839202703,0.562570794414489,11.8422706127167
0.886658920785898,0.562635291300524,11.8534400463104
0.887036250789084,0.562698620987262,11.8646197319031
0.887379256250057,0.562762536250178,11.8756325244904
0.887708704457763,0.562826595231188,11.8867406845093
0.888035352178131,0.562890715144652,11.8978710174561
0.888364396350282,0.562954895030525,11.9089071750641
0.888699568003548,0.563019091209974,11.9201743602753
0.889042966620107,0.563083270356019,11.9312648773193
0.889395576269132,0.563147424335266,11.9424426555634
0.889758124129455,0.563211547459969,11.953494310379
0.89013119600721,0.563275634455878,11.9646217823029
0.890515321479501,0.563339680553631,11.9756827354431
0.890910996047573,0.563403679851648,11.9867589473724
0.891318961560897,0.563467633358144,11.9978821277618
0.891739763277166,0.563531536818551,12.0089344978333
0.892174012326898,0.563595386263434,12.0200746059418
0.892622381823211,0.563659177838795,12.0311093330383
0.893057771614059,0.563723739173477,12.0422015190125
0.893481993102746,0.563788116094885,12.0534989833832
0.893853934081204,0.563851522804707,12.0646550655365
0.894197199860833,0.563915422491053,12.0756683349609
0.894529872196234,0.563979443545237,12.0867648124695
0.894861374499907,0.56404351270925,12.097907781601
0.895196743881948,0.5641075997181,12.1089427471161
0.8955387730038,0.56417168855932,12.1202652454376
0.89588890046752,0.564235759707769,12.1312720775604
0.896248444661076,0.564299809187231,12.1424179077148
0.896618387271944,0.564363840164053,12.1535429954529
0.896999071905759,0.56442785626032,12.1646354198456
0.897391448124547,0.564491832920198,12.1756477355957
0.897795960053635,0.564555765643599,12.1867868900299
0.898213141888689,0.564619650216861,12.1979792118073
0.898643593368374,0.564683482639827,12.2090094089508
0.899087971835923,0.564747259170847,12.2200865745544
0.899518778895372,0.564811824262515,12.2311205863953
0.899938473634676,0.56487618770503,12.2421834468842
0.900305070054285,0.564939466480772,12.2534008026123
0.900643318765451,0.565003327928932,12.2645058631897
0.900971160752523,0.565067327866909,12.2760846614838
0.901297671754775,0.565131376365418,12.2873284816742
0.901627100738771,0.565195470401463,12.2984962463379
0.901963731819285,0.565259581243033,12.309716463089
0.902309172029317,0.565323681057664,12.3207550048828
0.902664161534074,0.565387761987432,12.3316743373871
0.903029302651701,0.565451817741898,12.3426380157471
0.903405114812995,0.5655158422758,12.3537840843201
0.903792113884165,0.565579830582491,12.3648374080658
0.904190842364571,0.565643778205379,12.3759427070618
0.904601876204629,0.565707680902605,12.3872792720795
0.905025829865416,0.565771534630479,12.3982284069061
0.905463354703145,0.565835335708792,12.4094705581665
0.905886250827858,0.565899970193223,12.4206557273865
0.906297319342741,0.565964340717602,12.4316911697388
0.906707411715927,0.566028469704374,12.4427881240845
0.907075947639529,0.566092245344356,12.4540338516235
0.907418775320046,0.566156031505314,12.4650535583496
0.907754574016259,0.566219095932217,12.4760985374451
0.908089653522708,0.566281922652269,12.4872212409973
0.908429354177519,0.566344627754475,12.498229265213
0.908776129350585,0.566407212168626,12.5092852115631
0.90913132211168,0.566469674231181,12.5204582214355
0.909493437592935,0.566529657371744,12.5313954353333
0.909860757996043,0.5665877021543,12.5426335334778
0.91023717903537,0.566659869756394,12.5538856983185
0.9106243154593,0.56673505523336,12.5648667812347
0.911023945962044,0.566814432960645,12.5758752822876
0.911442985626839,0.566941353887437,12.5869240760803
0.911870146603301,0.567076536010877,12.5980286598206
0.912290235090264,0.567141342022301,12.6097865104675
0.912694064453716,0.567206102735439,12.6214938163757
0.913094878511366,0.567270809779258,12.6346414089203
0.913499891216839,0.567335442266903,12.6457180976868
0.91391306419764,0.567399982944456,12.6575162410736
0.91433364903,0.567464421056923,12.6697726249695
0.914726543153606,0.567526823877654,12.6808996200562
0.915096136910697,0.567591905516116,12.6929039955139
0.915459667458051,0.567654310636441,12.7049698829651
0.915823626092235,0.567716483804928,12.7184250354767
0.916192360401748,0.567778413794986,12.7295019626617
0.916568139790747,0.567840107107059,12.7407696247101
0.91695195464079,0.567901598335461,12.7524609565735
0.917343686346561,0.567962207584622,12.7637958526611
0.917739428034295,0.56803795401365,12.7753705978394
0.918123856067928,0.568099933679375,12.7869260311127
0.918502716970148,0.568159928664793,12.7978887557983
0.918886067028762,0.568220235731901,12.8091084957123
0.919282455707133,0.568282025686735,12.820662021637
0.919679029567615,0.568346829475153,12.8320868015289
0.920082066554435,0.568411574615675,12.8431811332703
0.92049195943857,0.568476195512918,12.8542108535767
0.920910259673449,0.568536883778575,12.8655846118927
0.921298100266372,0.568599448126238,12.8767004013062
0.921666154653133,0.568663597197578,12.887787103653
0.922028146500386,0.568726026632616,12.8994991779327
0.922390797434696,0.568788176684937,12.9105579853058
0.92275865177481,0.568850113461672,12.9219350814819
0.923133726159889,0.568911837464404,12.9338595867157
0.923515641897929,0.568972613992963,12.944855928421
0.92389961232126,0.56903886493682,12.9561951160431
0.92429661289751,0.569104552823444,12.9678747653961
0.924706037644888,0.569168155350943,12.9788339138031
0.925105616338064,0.56923324530227,12.9899322986603
0.925496820042198,0.569304439128967,13.0027000904083
0.925894879417265,0.569372783392002,13.0141611099243
0.926306783082146,0.569440523952513,13.0257132053375
0.926732902413486,0.569504911526064,13.0369756221771
0.927163875108943,0.569568665922044,13.0479216575623
0.927555876630317,0.569630543485039,13.0591583251953
0.92792134222255,0.569695287793315,13.070451259613
0.928279271131773,0.569757665403378,13.0814678668976
0.92863667143434,0.569819835222774,13.0925590991974
0.928998312055652,0.56988176157488,13.103752374649
0.929362453366641,0.569940807661931,13.1148159503937
0.929730851541382,0.570013936383916,13.1259005069733
0.93010960675867,0.570099198668767,13.1370811462402
0.9304964671509,0.570165937422948,13.1480453014374
0.93089677662819,0.57022930320521,13.1591608524323
0.931283539628641,0.570295130708355,13.1703395843506
0.931661382737436,0.570369269031187,13.1813662052155
0.932043236849607,0.570441262138268,13.1924695968628
0.93242706564964,0.570505370766536,13.2035582065582
0.932818155705684,0.570569401176875,13.2146179676056
0.933218636325895,0.570633354065759,13.2257008552551
0.933627669084394,0.570697188009905,13.2368185520172
0.93404653843615,0.570757195318583,13.2478759288788
0.934435853736706,0.570819090420767,13.2594313621521
0.9348054830623,0.570882505931585,13.2707455158234
0.935169228262689,0.570944140411726,13.2817676067352
0.935533612486697,0.571005495776412,13.2929105758667
0.935903157734067,0.571066632899236,13.3039336204529
0.936281836243784,0.571133413055294,13.3149178028107
0.936666878490744,0.571193770027554,13.3260080814362
0.937053341733301,0.571250971393379,13.3371758460999
0.937452719635987,0.571329553603436,13.3481438159943
0.937843565501747,0.571394856832271,13.3591630458832
0.938224336419339,0.571467041389692,13.3703463077545
0.938610703633418,0.571537570353129,13.3814251422882
0.939009052436868,0.571605437226839,13.3925039768219
0.939422284175121,0.571672184636245,13.4036505222321
0.939847448286814,0.571735822916703,13.4146547317505
0.940277293252289,0.571798957591228,13.4258744716644
0.940668584199349,0.571860631398228,13.4372763633728
0.941033204766776,0.571924891113728,13.4482846260071
0.941390920086802,0.571986759054956,13.4594445228577
0.941745823870121,0.572046659598082,13.470694065094
0.94209900849042,0.572104200620311,13.4816610813141
0.942454584185503,0.57217975860699,13.4928350448608
0.942822186660336,0.572263361061268,13.5039978027344
0.943198432471977,0.572346676954365,13.5150599479675
0.943582266918337,0.572412580007418,13.5261971950531
0.943978657084265,0.572475991411215,13.5373933315277
0.944360529995641,0.572541484275695,13.5484132766724
0.94473008645914,0.572612560067637,13.5594601631165
0.945102768355461,0.572695324001345,13.5706672668457
0.945484912280323,0.572754428224932,13.5816776752472
0.945879887458324,0.57281503656771,13.5927474498749
0.946277912367518,0.572879181826327,13.604043006897
0.946683852956765,0.572943231139268,13.6150681972504
0.947098052980986,0.573007205935648,13.6261012554169
0.947523196383469,0.573068555067723,13.6373167037964
0.947921159225448,0.573131420592523,13.6483373641968
0.948296379502204,0.573195753952828,13.6594660282135
0.948666667182252,0.57325711792909,13.6706073284149
0.949037278682356,0.573318205172058,13.681643486023
0.949412582777622,0.573379022361369,13.6927609443665
0.949789749616136,0.573437207123163,13.7038404941559
0.95017516195746,0.573513289094426,13.7147846221924
0.950569933480698,0.573576546886181,13.7259242534637
0.950951919361542,0.573641851554243,13.7371473312378
0.951321501400323,0.573714030251663,13.7481017112732
0.951694762147796,0.573789098052983,13.7592813968658
0.952076011207319,0.573847894975341,13.7704710960388
0.952470584303446,0.573908318455732,13.7814722061157
0.952868753210352,0.573972354891273,13.7925443649292
0.95329139094075,0.574035863179194,13.8036780357361
0.953724923009425,0.574099642081482,13.8147404193878
0.954152328074179,0.574162194073689,13.8259344100952
0.954553528472998,0.574225285020991,13.8371069431305
0.954931049266024,0.574288947803335,13.8481163978577
0.955303306506381,0.574350075770462,13.8592200279236
0.955675944585219,0.574410926089066,13.8704404830933
0.956053294337998,0.574471507071679,13.8814213275909
0.956433968942954,0.574530205570334,13.8924717903137
0.956821025735238,0.574604872342515,13.9035420417786
0.957189419760815,0.574663400627153,13.9145789146423
0.957543201732527,0.574741683271001,13.9257791042328
0.957892184669724,0.574820858909675,13.9371893405914
0.95824252659512,0.574894514043177,13.9481518268585
0.958596667138473,0.574949725823032,13.9591891765594
0.958955682678653,0.575012584963095,13.9704151153564
0.959327924310037,0.575070171749506,13.9814324378967
0.959717329057202,0.575130021023162,13.9924831390381
0.960129724103261,0.575192665485687,14.0036306381226
0.960565615179592,0.57525780982874,14.0146582126617
0.961013855898505,0.575323463650415,14.0257811546326
0.96145865244671,0.575388679467796,14.0370035171509
0.961871358863614,0.575451644948463,14.0480990409851
0.962264156956444,0.5755098275045,14.0592484474182
0.962648104177006,0.575570612554249,14.0704076290131
0.96303217439669,0.575631120518928,14.0813765525818
0.963420201093327,0.575691370327551,14.0925285816193
0.963785289770222,0.575754733403287,14.1037588119507
0.9641337872051,0.575817034326562,14.1148288249969
0.964478188116426,0.575878616073616,14.1263554096222
0.9648253371512,0.575939843071444,14.1375563144684
0.965179104713024,0.576001045079761,14.1485302448273
0.965542410659252,0.576062205368345,14.1595559120178
0.965921940405122,0.576121084453695,14.1706507205963
0.966322092409857,0.576182517012865,14.1816856861114
0.966746002362783,0.576246714250467,14.1928007602692
0.967185207513361,0.576311965337783,14.2038447856903
0.967618232453276,0.576375845002096,14.2148280143738
0.968019396622626,0.576438881747069,14.2259492874146
0.96839926430648,0.576500624048302,14.2371480464935
0.9687705923623,0.576561271609721,14.2481818199158
0.969132798923668,0.576617586734901,14.2593688964844
0.969500040030025,0.576696814808181,14.2705371379852
0.969872795498768,0.576766647541441,14.2815959453583
0.970229611103904,0.576823697573744,14.2927763462067
0.970573542322501,0.576900778574077,14.3040535449982
0.970912472452601,0.576979678350795,14.3150975704193
0.971253338614915,0.57705559155535,14.3262376785278
0.971598882822694,0.577129124181864,14.3373076915741
0.971950717336232,0.577203437085249,14.3482332229614
0.972309276604448,0.577279874430188,14.3593451976776
0.972675302180938,0.577357270040403,14.3704826831818
0.973054567683156,0.577422276163098,14.3814940452576
0.973445911205001,0.577487226206714,14.3929154872894
0.973849729391874,0.577552112074097,14.4042031764984
0.974266375969247,0.577616928796631,14.4159052371979
0.974696356783947,0.577681671176206,14.4272344112396
0.975140281392623,0.577746333791327,14.4391372203827
0.97559882769425,0.577810910750346,14.4506392478943
0.976019506180031,0.577874983723086,14.461944103241
0.976392727090869,0.577940133259884,14.4743130207062
0.9767354663932,0.578005200066637,14.4877209663391
0.977066578499568,0.578070308131396,14.4993026256561
0.977395863293345,0.578135430547852,14.5106792449951
0.977728580152992,0.578200544853317,14.5227289199829
0.978067219472256,0.578265618930889,14.5362801551819
0.978413932886896,0.57833065046712,14.5475385189056
0.978770214949784,0.578395654111789,14.5594596862793
0.979136649142124,0.578460625344286,14.5714387893677
0.979514017795478,0.578525544536306,14.582731962204
0.979902747690421,0.578590406524774,14.5944917201996
0.980303335253234,0.578655206179512,14.6058323383331
0.980716334019479,0.578719938280526,14.6178395748138
0.981142342591972,0.578784597593656,14.6287834644318
0.981582000886281,0.578849178683623,14.6402869224548
0.982036019223356,0.578913675959907,14.6534597873688
0.982451322592035,0.578977628586874,14.6651663780212
0.982818784542548,0.579042742879987,14.6764695644379
0.983156183122591,0.579107733267524,14.6884717941284
0.983481796431601,0.579172754543637,14.6998012065887
0.983805047795968,0.579237763863729,14.7113156318665
0.984131974173139,0.579302795333735,14.7225313186646
0.984465564171952,0.579367824626329,14.7346498966217
0.984807680017851,0.579432821589778,14.7458002567291
0.985159137676289,0.579497780069395,14.757256269455
0.985520521160387,0.579562694006406,14.7703685760498
0.985892357901514,0.579627558438803,14.782222032547
0.986275162656779,0.579692368294121,14.7938511371613
0.986669470178608,0.57975711836125,14.8054988384247
0.987075844274106,0.579821803393775,14.8173725605011
0.987494880292955,0.579886418129939,14.8283565044403
0.987927213695247,0.579950957284115,14.8397200107574
0.988373527874955,0.580015415390546,14.8519859313965
0.988834544935239,0.5800797865034,14.8629581928253
0.989258037422113,0.580143685248651,14.874340057373
0.989634015978548,0.580208558227792,14.8872470855713
0.989979360466491,0.580273416036953,14.8989264965057
0.990312996145824,0.580338316016473,14.9105548858643
0.990644786767818,0.5804032282035,14.9221127033234
0.990980037954151,0.580468130478937,14.9338581562042
0.991321734234542,0.580533007458033,14.9452540874481
0.991671632603918,0.580597850779667,14.9569759368896
0.992030292365007,0.580662632932247,14.9702842235565
0.992399455013671,0.580727370457465,14.98202085495
0.992779631164652,0.580792059276877,14.9933490753174
0.99317130612322,0.580856692479206,15.0050950050354
0.993574924782612,0.580921267721053,15.01642370224
0.993991190469803,0.58098577373912,15.0276906490326
0.994420681406271,0.581050205033252,15.0388009548187
0.994864041770271,0.581114556162475,15.0505924224854
0.995321967060277,0.581178821242069,15.0616936683655
0.995741886832544,0.581242594633805,15.0731227397919
0.996114410490027,0.581307436075008,15.0859296321869
0.996456442751898,0.581372201984321,15.0975954532623
0.996786825333085,0.581437009986905,15.1094872951508
0.99711535581499,0.581501832714836,15.1215193271637
0.997447290981959,0.581566647755493,15.1329798698425
0.99778539008041,0.581631432444445,15.1444201469421
0.998131109110167,0.581696165245272,15.1555063724518
0.998486211770612,0.581760883287791,15.1672840118408
0.998851793764096,0.581825555451296,15.1784262657166
0.999228246561962,0.581890175336538,15.1897850036621
0.999616004169109,0.581954737887538,15.2022881507874
1.00001556646736,0.582019237926946,15.2133824825287
1.00042748738499,0.58208367018855,15.224627494812
1.00085236391028,0.582148029400704,15.2357349395752
1.00129084535102,0.582212310191608,15.2469210624695
1.00174362128071,0.582276506821265,15.258376121521
1.00215718180993,0.582340156743654,15.2695555686951
1.00252280481756,0.582404913277503,15.280873298645
1.0028585389305,0.582469608950928,15.292151927948
1.00318231632309,0.582534361097497,15.3033769130707
1.00350340053276,0.582599132099641,15.314462184906
1.0038289548658,0.58266389220845,15.3262405395508
1.00416141963018,0.582728629176903,15.3373820781708
1.00450217807853,0.582793334650346,15.3483104705811
1.00485212158245,0.582858002878146,15.3592708110809
1.00521188203872,0.582922627661122,15.3703474998474
1.00558200067534,0.582987203643077,15.3814499378204
1.00596299661439,0.58305172571684,15.3925132751465
1.00635540398142,0.583116188648755,15.4035506248474
1.00675978314791,0.583180587184401,15.4146885871887
1.0071767261372,0.583244916048342,15.4258213043213
1.00760686090553,0.583309169975586,15.4368767738342
1.00805086292203,0.583373343546612,15.4479930400848
1.00850944604505,0.583437430910654,15.4590585231781
1.008929863772,0.58350103937405,15.4701626300812
1.00930303389266,0.583565674636083,15.4812953472137
1.00964566997725,0.583630252152198,15.4922955036163
1.0099766282205,0.583694873434369,15.5034883022308
1.01030572861554,0.583759509586264,15.5146424770355
1.01063824132722,0.583824138270925,15.5257034301758
1.01097702828058,0.583888749824282,15.5368139743805
1.01132316874434,0.583953333673524,15.5479612350464
1.01167896086182,0.584017864746688,15.5594913959503
1.01204525548891,0.58408234776571,15.5710306167603
1.01242242658639,0.584146778362649,15.5824337005615
1.01281092160714,0.584211151450581,15.5936284065247
1.01321124888577,0.584275461840108,15.6046185493469
1.01362396805808,0.584339704270457,15.6158366203308
1.01404968083407,0.584403873491433,15.6268191337585
1.01448904008837,0.584467964155786,15.6378099918365
1.01494273938633,0.58453197055568,15.6488678455353
1.0153573249088,0.584595455438175,15.6599814891815
1.01572431901573,0.584660002983953,15.671021938324
1.01606124497549,0.584724519930774,15.6820561885834
1.01623647487488,0.584736200362474,15.6986963748932
1.01628620180591,0.584731211582602,15.7100503444672
1.01627264694008,0.584724379564469,15.7215547561646
1.01628902035486,0.584737739126686,15.7326982021332
1.01632475628543,0.584751166478576,15.7440893650055
1.01635715985737,0.584763385063066,15.7553043365479
1.01638729309342,0.584777380443199,15.7668740749359
1.01641574272321,0.584791583706171,15.7779684066772
1.01644231813954,0.584806009684212,15.7892291545868
1.01647561875769,0.584837940098941,15.8007445335388
1.01651402939929,0.584880394165937,15.8118371963501
1.01655412611949,0.584925692790053,15.8232145309448
1.01659469276452,0.584962512375522,15.83469414711
1.01660285832932,0.584963913056747,15.8457884788513
1.01658073892447,0.584965293410249,15.8570642471313
1.01654226207465,0.584966643914244,15.8692953586578
1.01649489485245,0.58496789009489,15.8808104991913
1.0164424427636,0.584968984352311,15.8924009799957
1.01638682406424,0.584969899132904,15.9034967422485
1.01632895453134,0.58497061728906,15.9146199226379
1.01626929318606,0.584971126418001,15.9257698059082
1.01621533631436,0.584972454031906,15.936913728714
1.01623518186122,0.585004819110749,15.9479961395264
1.01627268426526,0.585029984753294,15.9591376781464
1.01631793651575,0.585054788974957,15.9702069759369
1.01636593698274,0.585078326400076,15.9813418388367
1.01640471572038,0.585094460846967,15.992330789566
1.01644086466807,0.585139950254801,16.0034317970276
1.01646384333887,0.585139423353831,16.0145616531372
1.01646035036801,0.58513154530461,16.0257084369659
1.01643404385753,0.585116173706649,16.036785364151
1.01640356428466,0.585122448849236,16.0478556156158
1.01637040719478,0.585128775417922,16.0589623451233
1.01633516271425,0.585134965498854,16.0701048374176
1.01629837599859,0.585140999939593,16.081228017807
1.01626027889995,0.585146859055933,16.0922496318817
1.01622096909219,0.585152520314549,16.1033909320831
1.01618050380418,0.58515796153228,16.1145486831665
1.01613895260516,0.58516316702895,16.1259918212891
1.01609639066684,0.585168111143091,16.1373977661133
1.01605290473174,0.585172768830271,16.1483416557312
1.01600849940408,0.585177113973112,16.1592903137207
1.01602419955443,0.585210461827379,16.1703834533691
1.01606032618345,0.585236774619862,16.1814653873444
1.01608395690987,0.585249611973014,16.1925139427185
1.01608748064159,0.585261821646686,16.2035250663757
1.01607943374011,0.585273629238875,16.2146472930908
1.01606444221555,0.58528503914061,16.2256772518158
1.01604601066704,0.585296093810518,16.2367684841156
1.01602554652834,0.58530687214153,16.2478349208832
1.01600376265563,0.585317377233699,16.2589452266693
1.0159809846213,0.58532758649696,16.2701284885407
1.01595733586921,0.58533747738768,16.2812323570251
1.01593284964177,0.585347011210965,16.2924845218658
1.01590755434247,0.585356151330842,16.3035113811493
1.01605407552894,0.5855096009846,16.3147225379944
1.01631265203848,0.585685046746491,16.3260445594788
1.01662839255379,0.58586386214054,16.3373665809631
1.01697744626991,0.586043702629036,16.348334312439
1.0173482749263,0.5862243640253,16.359454870224
1.01773579102964,0.586405916691303,16.3706111907959
1.0181080246729,0.586589954193639,16.3816089630127
1.01846872475362,0.586777491092158,16.3929843902588
1.01883069150555,0.586966868370061,16.4041743278503
1.01920116472158,0.587159616244003,16.4150841236115
1.01958666094622,0.587373552992008,16.4261498451233
1.01990613376778,0.587526204854337,16.4373872280121
1.02020664958555,0.587688591958826,16.4483878612518
1.02050576242483,0.587859912434365,16.4595491886139
1.0208102114903,0.588039745819197,16.4706995487213
1.02112399585789,0.58821601975059,16.4816899299622
1.0214453153524,0.588391596818932,16.4927370548248
1.02177451336873,0.588567847743007,16.5038936138153
1.02211229622024,0.588744769159743,16.5150141716003
1.02245897220863,0.588922365716766,16.5261504650116
1.02281488491016,0.589100639324918,16.5373477935791
1.02318371827281,0.589340503649372,16.5482995510101
1.02356992014988,0.58953134592905,16.5594201087952
1.02394136591043,0.589713410694062,16.5705904960632
1.02429472242276,0.589898460744753,16.5815806388855
1.024644932362,0.590084584252713,16.592600107193
1.02499907435489,0.590271501603834,16.6036744117737
1.02536065417225,0.59045912907417,16.6149125099182
1.02573163233806,0.590647486911545,16.6260585784912
1.02611217643639,0.590836693084863,16.6373035907745
1.02650786880739,0.591021650592132,16.6482992172241
1.02686487707223,0.591187477275108,16.6594870090485
1.02720161987903,0.59135480927021,16.6707651615143
1.02752535023229,0.59151480002836,16.6817183494568
1.02783955414238,0.591667805332879,16.692941904068
1.02814928846608,0.591826095403606,16.7040901184082
1.02845410497079,0.591999374442013,16.7151560783386
1.02876651998812,0.59216094023142,16.7262918949127
1.02910218541256,0.592329720886714,16.7374565601349
1.02946472724042,0.592496258315485,16.7483530044556
1.02984579121969,0.592670729037413,16.7594711780548
1.03020028412736,0.592849803414711,16.7707054615021
1.03053562126471,0.593031990394584,16.7816646099091
1.03086677105949,0.593215201233324,16.7927651405334
1.03120078727492,0.593399135700765,16.8039650917053
1.03154110624039,0.59358371322944,16.8150179386139
1.0318895990735,0.593768932450186,16.8262224197388
1.0322473661678,0.593954808246351,16.8373973369598
1.03261521691496,0.594141382464615,16.8483574390411
1.03299384120691,0.594328701822274,16.8593783378601
1.03338382774173,0.594516820988614,16.8705902099609
1.03378429326234,0.594706068606006,16.8815348148346
1.03420079873614,0.594893563702832,16.8925933837891
1.03458693133226,0.595064664711239,16.9036912918091
1.03494384833257,0.595227568817466,16.9147810935974
1.03529092445768,0.595390125598188,16.9258990287781
1.03563731848962,0.595551918321122,16.9371392726898
1.03598686938434,0.595713197208569,16.9481132030487
1.03632133962851,0.595884757439294,16.9592015743256
1.03663860007335,0.596052695844597,16.9703316688538
1.03695083916327,0.596219542430868,16.9814109802246
1.03726471208675,0.596385967253852,16.9924981594086
1.03758397332443,0.596551792940315,17.0035650730133
1.03791346935231,0.596717540635229,17.0146751403809
1.03826128538689,0.596890733690368,17.0258004665375
1.03863676887884,0.59707579709241,17.0369999408722
1.0390493215424,0.597275787255045,17.048088312149
1.03948660491986,0.597481292172136,17.0591917037964
1.0399028635049,0.59766974823408,17.0702636241913
1.04028670317953,0.597841477610351,17.0813677310944
1.0406399744397,0.598005823114151,17.0924685001373
1.04098278021274,0.598170000598374,17.1035227775574
1.04132409510754,0.598333408362101,17.1147253513336
1.04165864993373,0.598499954589606,17.1259000301361
1.04201063152043,0.598696547868577,17.1369750499725
1.04234544463831,0.598869740744314,17.1481323242188
1.04266770867571,0.599057160028135,17.159255027771
1.04297753518804,0.599228668995196,17.1705830097199
1.04329315579211,0.599409992111526,17.1815979480743
1.04361765276453,0.599592927955185,17.1926836967468
1.04394984054828,0.599776300090381,17.2038791179657
1.04429053218987,0.599960274270101,17.215042591095
1.04463996805504,0.60014491766675,17.226065158844
1.04499927766036,0.600330231485378,17.2372798919678
1.04536916383209,0.600516255355535,17.2482404708862
1.04575002848205,0.60070305154306,17.2592539787292
1.04614241256519,0.600890682872883,17.2703049182892
1.04654694567468,0.601079219757378,17.2814197540283
1.04696433007898,0.601268745205937,17.2925744056702
1.04733804066546,0.601437165482811,17.3037071228027
1.04769680803024,0.60161033846396,17.3147876262665
1.04805335834926,0.601785266032227,17.3259556293488
1.04838612102629,0.601962455970703,17.337073802948
1.0487024991075,0.60214257905025,17.3481025695801
1.04901592024241,0.602323651525134,17.3591833114624
1.04933249430564,0.602505456242522,17.3702156543732
1.04965506982656,0.60268791556866,17.381445646286
1.04998434037978,0.602871086709584,17.3925359249115
1.05032283093098,0.60305483707228,17.4035661220551
1.05067077691177,0.60323923034054,17.414751291275
1.05102851959591,0.603424312211277,17.4259581565857
1.05139650282554,0.603610111574245,17.4370305538178
1.0517752499998,0.603796674130882,17.4480977058411
1.05216534098908,0.603984055462664,17.4591782093048
1.0525674208631,0.604172324554391,17.4702525138855
1.05298219265705,0.604361561453661,17.481392621994
1.05335270840684,0.604529087670902,17.4924287796021
1.05370784403738,0.604701711723394,17.5034742355347
1.05406138998728,0.604876258344337,17.5146267414093
1.05439079940816,0.605053032156021,17.5257489681244
1.05470395523678,0.605232882500928,17.5368595123291
1.0550142243034,0.605413687382291,17.5480484962463
1.05532730063285,0.605595259646907,17.559149980545
1.05564574658003,0.605777490409915,17.570182800293
1.0559724149644,0.605960308927128,17.581335067749
1.05630782894462,0.606143777336719,17.5924439430237
1.05665237430905,0.606327889620436,17.6035370826721
1.05700645994976,0.606512676736188,17.6147494316101
1.05737055676573,0.606698169182969,17.6258411407471
1.05774518843578,0.606884404596092,17.6369235515594
1.05813092681941,0.607071435043918,17.6481065750122
1.05852840103037,0.607259325137283,17.6591770648956
1.05893829491951,0.607448149834212,17.6702101230621
1.05936135055273,0.607637998061426,17.6813926696777
1.05974231283319,0.607808322980929,17.692503452301
1.06010812889299,0.607982335729025,17.7035624980927
1.06044238352718,0.608158450997555,17.7146761417389
1.06075713413637,0.608338073437473,17.7258057594299
1.06106664222252,0.608518787909779,17.7369043827057
1.06137944024325,0.608700194575366,17.7479922771454
1.06169809619157,0.608882220881413,17.7590343952179
1.06202451966242,0.60906495933599,17.7701599597931
1.06235949559433,0.609248360572067,17.7813341617584
1.06270350561712,0.609432397267115,17.792366027832
1.06305700373392,0.609617096470382,17.8035755157471
1.06342048052403,0.609802497055863,17.8147110939026
1.06379446364654,0.609988631257812,17.8258912563324
1.06417952561089,0.61017555040546,17.8369607925415
1.06457629414705,0.610363318909827,17.8480789661407
1.06498545071219,0.6105520112827,17.8591437339783
1.06540773464478,0.610741714213702,17.8702158927917
1.06578813095856,0.610912074032549,17.8813495635986
1.06615325911163,0.611086029335315,17.8923277854919
1.06651645906007,0.611261494580837,17.9034786224365
1.06685558621228,0.611439179725575,17.91463804245
1.0671778894712,0.611619696839965,17.9258098602295
1.06749708100649,0.611801139830532,17.9368717670441
1.06781941613004,0.611983293236739,17.9479794502258
1.06814793076988,0.612166132005998,17.9590964317322
1.06848422373236,0.612349619587769,17.9701335430145
1.06882921611908,0.612533744277294,17.98131108284
1.0691832280761,0.612718567448915,17.9923717975616
1.06954764822387,0.612904055682519,18.0035066604614
1.06992294412299,0.613090267618204,18.0146338939667
1.07030954888855,0.613277265377993,18.0257651805878
1.07070803006973,0.613465116876488,18.0368704795837
1.07111904526304,0.613653899262203,18.0479695796967
1.07154351669756,0.613843676989183,18.0590507984161
1.0719265899084,0.614014752214205,18.0701498985291
1.07229417859676,0.6141889871899,18.0813431739807
1.07265977093605,0.614364634937445,18.092499256134
1.0730013634239,0.614542536229596,18.1039507389069
1.07332603746642,0.614723250884504,18.1151206493378
1.0736475844795,0.61490488138648,18.1261911392212
1.07397232172297,0.61508722731386,18.1375298500061
1.07430332782725,0.615270255578391,18.149204492569
1.0746422563548,0.615453925717505,18.1608378887177
1.07499005412147,0.615638225439068,18.1723847389221
1.07534743335717,0.615823191052043,18.1857173442841
1.07571484520784,0.616008866436293,18.1972935199738
1.07609293744603,0.616195277693248,18.2096910476685
1.07648275034239,0.61638247201534,18.2221527099609
1.0768846614141,0.616570521064228,18.2343349456787
1.07729925944207,0.616759504484783,18.245551109314
1.07767042540623,0.616927690195551,18.2571542263031
1.07802652318768,0.617100518442054,18.2704708576202
1.07838046931248,0.617275057063121,18.2815179824829
1.07873854579783,0.617450688668175,18.2927401065826
1.0790760287247,0.617628677204603,18.3044972419739
1.07939832471703,0.617809436498436,18.3165371417999
1.07971828158035,0.617991038324442,18.327793598175
1.08004183795172,0.618173336274004,18.3391432762146
1.0803718519207,0.618356298625169,18.3505804538727
1.08070985415063,0.618539882520886,18.3616406917572
1.08105652853256,0.618724089592999,18.3728120326996
1.08141244986965,0.618908950814119,18.3844974040985
1.08177895616462,0.619094476135461,18.3957235813141
1.08215637735214,0.619280728392251,18.4073750972748
1.08254520599073,0.619467770581249,18.4206199645996
1.08294603945797,0.619655670688774,18.4322383403778
1.08335919524158,0.619844600594196,18.44353723526
1.08372912011861,0.620012463694125,18.4553151130676
1.08408393219576,0.620185096887812,18.467010974884
1.0844366530274,0.620359476151664,18.478342294693
1.08479324819784,0.620534934703502,18.4898862838745
1.08512893168851,0.620712714997227,18.5027275085449
1.08544957784312,0.62089334584772,18.5140829086304
1.08576796715467,0.621074810455183,18.5252718925476
1.08608998582039,0.621256964517714,18.5372507572174
1.08641811450325,0.621439792827221,18.5482091903687
1.08675379759021,0.621623240336784,18.5594329833984
1.08709891529196,0.621807250951087,18.5709526538849
1.08745379710465,0.62199189778077,18.5823905467987
1.08781885650077,0.622177236471812,18.5935389995575
1.08819458974369,0.622363300726161,18.6045553684235
1.08858155534222,0.622550140651576,18.6162688732147
1.08898038233896,0.62273782356868,18.6272420883179
1.08939176856932,0.622926378379418,18.6384041309357
1.08975900653896,0.62309347828401,18.6499533653259
1.09011089198603,0.623265657388148,18.6608955860138
1.09046050407756,0.623439682741192,18.6720495223999
1.09081483347637,0.623614898718358,18.6834719181061
1.09114777084155,0.623792350374304,18.6944463253021
1.09146571823121,0.62397275442522,18.7057621479034
1.09178145530485,0.624154017076692,18.7170586585999
1.09210010951176,0.624335991936655,18.7280242443085
1.09242511589443,0.624518585041727,18.7393481731415
1.09275860125846,0.624701749083164,18.7506670951843
1.09310111342959,0.624885519760622,18.7616710662842
1.09345310922331,0.625069917842719,18.7729604244232
1.09381506236603,0.625254992818694,18.7842209339142
1.09418748725493,0.625440777522607,18.7951591014862
1.09457095351284,0.625627319701373,18.8063731193542
1.09496607999672,0.625814680866649,18.8180160522461
1.09537364055865,0.626002926575101,18.8289515972137
1.09579271068078,0.626192466055452,18.8401153087616
1.09617962860089,0.626363660437179,18.8523919582367
1.09653765239818,0.626524717654643,18.8637645244598
1.0968861800135,0.626685327935278,18.8754758834839
1.09721167609744,0.626855199141515,18.8867144584656
1.09751990783475,0.627028853442273,18.8978426456451
1.09782658474627,0.627203495702807,18.9089674949646
1.09813725954081,0.627377676385104,18.9201567173004
1.09844843771229,0.627545037774368,18.9312708377838
1.09875958751478,0.627708134745444,18.942346572876
1.09907214179057,0.627867988084652,18.9535636901855
1.09939022159984,0.628026342184033,18.9647471904755
1.09972351056153,0.62819130725755,18.9767549037933
1.1000826749649,0.628367561716436,18.9890289306641
1.10045882338619,0.628554946287837,19.0003190040588
1.10085055127674,0.628743696951898,19.011875629425
1.10125423084706,0.628933685879472,19.0239968299866
1.10162603974659,0.629099413062856,19.035968542099
1.10197381969408,0.629262933309024,19.0473833084106
1.10231402698689,0.629426288104735,19.0590832233429
1.10263402744032,0.629569188442164,19.07048869133
1.10298507271513,0.629776764147524,19.082181930542
1.10330980336716,0.6299437736631,19.0933423042297
1.10361285927427,0.630100713260972,19.104532957077
1.10391751105385,0.630286903148272,19.1156482696533
1.1042167652233,0.630442566930642,19.1266713142395
1.10452050213508,0.630620002787205,19.1378455162048
1.10483815053066,0.630802613270933,19.1490163803101
1.10516844766952,0.630986275927005,19.1600117683411
1.10550904081054,0.631170463104549,19.1710729598999
1.10585961568729,0.631355296989092,19.1820909976959
1.10622031740602,0.631540828703063,19.1931276321411
1.10659150718706,0.631727091019465,19.2046220302582
1.10697367489728,0.631914133528371,19.2158844470978
1.10736740703902,0.632102018922183,19.2269442081451
1.10777335840011,0.632290819074482,19.2380216121674
1.1081922474559,0.632480619025882,19.2493386268616
1.10856807067313,0.632649891252728,19.2603049278259
1.10892894020399,0.632823505703718,19.2713236808777
1.10928797360342,0.632998796670482,19.2825155258179
1.10962254764925,0.633176284683831,19.2935514450073
1.10994065876696,0.63335673007784,19.3045692443848
1.1102558633399,0.633538148153469,19.3156917095184
1.11057426487608,0.6337202714872,19.3266637325287
1.11089874834674,0.633903054454604,19.3376657962799
1.11123070914218,0.634086518796595,19.3486170768738
1.11157087081062,0.634270625617721,19.3596954345703
1.11192078668482,0.634455337297073,19.3707394599915
1.11228072296668,0.63464073949739,19.3818914890289
1.1126510809565,0.634826863935602,19.3929877281189
1.11303236640637,0.635013759180588,19.4040234088898
1.11342516780405,0.635201487469841,19.4150998592377
1.11383013734216,0.635390119528153,19.426201581955
1.1142479896444,0.635579739303168,19.4373354911804
1.11462278845599,0.635748841132041,19.4483957290649
1.11498258358842,0.635922309980103,19.4594049453735
1.11534048983195,0.636097457416438,19.4706602096558
1.11567374911027,0.636274755435885,19.4816918373108
1.11599029373011,0.636455066132031,19.4927115440369
1.11630409909002,0.636636384199631,19.5040295124054
1.11662096611357,0.636818408581824,19.5150990486145
1.11694319566333,0.637001116668453,19.526148557663
1.117273860862,0.637184410865709,19.5373589992523
1.11761345353055,0.637368333807804,19.5484137535095
1.11796237525813,0.637552895909725,19.5594022274017
1.11832107028364,0.637738142957275,19.5705487728119
1.11869003665559,0.637924107730453,19.5816652774811
1.11906982415312,0.63811083398286,19.592732667923
1.11946102687815,0.6382983779159,19.6038794517517
1.11986430144876,0.638486810535497,19.6148800849915
1.12028036008362,0.638676214010509,19.6259322166443
1.1206529673434,0.638844740161077,19.6370811462402
1.12101058438607,0.639017892575198,19.6483371257782
1.12136610790935,0.639192758470248,19.6593339443207
1.12169660219613,0.639369755772,19.6704552173615
1.12201099733492,0.639549948950998,19.6815438270569
1.1223220263824,0.639731128995132,19.692595243454
1.1226359970735,0.639912998520021,19.7039561271667
1.12295677289202,0.640095439408846,19.7150275707245
1.12328552292106,0.640278527573074,19.7260575294495
1.12362292950942,0.640462250663798,19.7371757030487
1.12396948517513,0.640646603257177,19.7481544017792
1.12432566580085,0.640831625238858,19.7591693401337
1.1246919786736,0.641017353805458,19.7702574729919
1.12506896282695,0.641203823335386,19.7814500331879
1.12545721314234,0.641391092045372,19.7924983501434
1.12585737282786,0.641579226179714,19.8035342693329
1.12627014004547,0.641768304513646,19.8146796226501
1.12663860903355,0.641935667792247,19.8258123397827
1.12699133370864,0.64210806812199,19.8371000289917
1.12734256511593,0.642282413845352,19.8480863571167
1.12769851442271,0.642457968463215,19.8591682910919
1.12803364752852,0.642635820483594,19.8702256679535
1.12835354025798,0.642816468988894,19.881377696991
1.1286710584233,0.642998002779671,19.8924407958984
1.12899209540119,0.643180227421712,19.9035131931305
1.12931947486257,0.64336311604688,19.9146511554718
1.1296547395728,0.64354664418596,19.925719499588
1.12999829272593,0.643730813125047,19.9368269443512
1.13035135962688,0.643915605732607,19.9479410648346
1.13071477310357,0.644101071950952,19.9592554569244
1.13108888131881,0.644287259090567,19.9707000255585
1.13147418165025,0.644474226087423,19.9816861152649
1.13187126331513,0.64466203698352,19.9928736686707
1.13228079106469,0.644850767407088,20.0040338039398
1.13270279809688,0.645040678995023,20.0150396823883
1.13309229679705,0.645213010807214,20.0261714458466
1.1334519311248,0.645373593365781,20.0373826026917
1.1338013975535,0.645533668557007,20.0483400821686
1.13413040771479,0.645704780050478,20.0593893527985
1.13444540534071,0.645881432076791,20.0706040859222
1.13475838699379,0.646059252729804,20.0816037654877
1.13507614400555,0.646238761081393,20.0926780700684
1.13540048496926,0.646418440683727,20.104033946991
1.13573103730754,0.646594523880615,20.1151525974274
1.13606654574625,0.646766564995696,20.1262092590332
1.13640788522166,0.64693423672931,20.1374001502991
1.13676341594921,0.647107519760822,20.1484923362732
1.1371434939505,0.647291272509479,20.1595602035522
1.13753230408317,0.647478978920952,20.1706595420837
1.13793243290155,0.64766760489357,20.181720495224
1.1383434414194,0.647857347914132,20.1927950382233
1.13872008006624,0.648027147089976,20.2040205001831
1.13907093534306,0.648189937455229,20.2151086330414
1.1394134291007,0.648352333418336,20.2261826992035
1.13973809141545,0.648494998406089,20.2374250888824
1.14009221652391,0.648694592524652,20.2486555576324
1.14042497101065,0.648865425411003,20.2599501609802
1.1407394558919,0.649037303842604,20.2711682319641
1.1410432758357,0.649212032212708,20.2824158668518
1.14135308147615,0.649392677722409,20.2937862873077
1.14167192513879,0.649574502011286,20.305234670639
1.14199817130084,0.64975669471585,20.3166689872742
1.14233258802967,0.649939471611001,20.3289878368378
1.14267578446816,0.650122883029657,20.3419852256775
1.14302809173208,0.650306968746823,20.3543918132782
1.14339020670399,0.650491739128239,20.3661921024322
1.14376299909869,0.650677230554858,20.377583026886
1.14414689107589,0.650863509041947,20.3887214660645
1.14454243405271,0.651050635376736,20.4008221626282
1.14495026359228,0.651238678239654,20.4118025302887
1.14537109735081,0.651427722480723,20.4233477115631
1.14574768263997,0.651595380366816,20.436722278595
1.14610910349355,0.651768004527157,20.4486379623413
1.14644073229718,0.651943170946214,20.4598443508148
1.14675312144773,0.652121630441145,20.4718179702759
1.14706121219896,0.652301186762333,20.4831578731537
1.14737171362079,0.652481578268676,20.4944770336151
1.14768774144256,0.652662696373416,20.5056917667389
1.14801030948328,0.652844481936583,20.5181715488434
1.14834118120638,0.653026889221115,20.5292568206787
1.14868125567011,0.653209945905534,20.5412039756775
1.1490307795967,0.653393676602567,20.5540747642517
1.14939010974431,0.653578092698987,20.5658843517303
1.14975970622526,0.653763229825614,20.5772030353546
1.15014010412658,0.653949135853368,20.5887608528137
1.15053189857841,0.654135867429295,20.6006762981415
1.15093573793344,0.654323490083447,20.6116495132446
1.15135232472265,0.654512080628724,20.6231594085693
1.1517824316409,0.654701734066285,20.6361153125763
1.15217129676355,0.65487277772629,20.647426366806
1.15251591036414,0.655047042664429,20.6593663692474
1.15283443432638,0.655225214065722,20.6715738773346
1.15314554472556,0.655404649697121,20.6831266880035
1.15345758712038,0.655584973181609,20.694504737854
1.15377414016489,0.655766054841815,20.7056820392609
1.1540970529523,0.655947797119187,20.7176907062531
1.15442858316315,0.656130157353816,20.7286765575409
1.15476911691495,0.656313182203474,20.7401421070099
1.15511894662686,0.656496879262824,20.7534425258636
1.15547860093734,0.656681277333473,20.7651417255402
1.15584862278933,0.656866404725748,20.7765998840332
1.1562295177205,0.657052297458098,20.7883224487305
1.15662186755483,0.657239012110197,20.7996826171875
1.15702631687222,0.657426615127995,20.8109622001648
1.15744356789987,0.657615184223446,20.8220903873444
1.15787439542859,0.657804815630566,20.8338541984558
1.158264266736,0.657976114431923,20.84485912323
1.15860926409955,0.658150305650569,20.8568470478058
1.15892827976131,0.658328543089018,20.8700428009033
1.1592399721373,0.658508042389742,20.8817188739777
1.15955188843833,0.658688461476788,20.893089056015
1.15986883954321,0.658869566202764,20.9048154354095
1.16019324424012,0.659051280845015,20.916298866272
1.16052596723865,0.659233659608614,20.9277935028076
1.1608675751618,0.65941669753339,20.9388375282288
1.16121853023833,0.659600401307463,20.9505281448364
1.16157932057342,0.659784792541962,20.961475610733
1.16195043285651,0.659969899008232,20.9726197719574
1.16233242104339,0.660155770823989,20.9846374988556
1.16272597520889,0.660342472706418,20.9956297874451
1.16313172885807,0.660530062715281,21.0071687698364
1.16355038932,0.660718621729759,21.0203402042389
1.16392535201332,0.660886338328259,21.0318784713745
1.16428543970652,0.661058827945842,21.0436117649078
1.16464333405811,0.661233045471333,21.0552608966827
1.1649779881943,0.661409674255968,21.066358089447
1.16529598303123,0.661589030129305,21.0777504444122
1.16561083589943,0.661769312358551,21.0893235206604
1.16592873844762,0.661950313044479,21.1019289493561
1.16625261043505,0.662131960139488,21.1130771636963
1.16658411430958,0.662314266304347,21.1246557235718
1.1669241441722,0.662497206160763,21.1361970901489
1.16727332803684,0.662680784239109,21.1474401950836
1.16763216660243,0.662865031017515,21.1587884426117
1.1680009513692,0.663049980113203,21.1700050830841
1.16838088165683,0.663235653026917,21.1811370849609
1.16877238296207,0.663422128591362,21.1924698352814
1.16917601932307,0.663609473594577,21.2035617828369
1.16959246423334,0.663797769068257,21.2146410942078
1.16996376177334,0.663963884288946,21.2259058952332
1.1703199938239,0.664135613394858,21.2369976043701
1.17067511259928,0.664309376647527,21.2482264041901
1.17100667191393,0.664485550076799,21.2592236995697
1.17132170059246,0.664664577916955,21.2702355384827
1.17163366167751,0.664844553195896,21.2814228534698
1.1719486888437,0.665025279829083,21.2923963069916
1.17226962237934,0.665206643630613,21.3034708499908
1.1725980710113,0.665388647717396,21.3146307468414
1.17293485419943,0.665571294953586,21.3257527351379
1.17328015682716,0.665754591718061,21.3368444442749
1.17363551375543,0.665938506552999,21.3479845523834
1.17400117083499,0.666123100457653,21.359069108963
1.17437754639366,0.666308422699507,21.3701612949371
1.17476517251276,0.666494527880549,21.381344795227
1.17516465141669,0.666681476358626,21.3923723697662
1.17557666401433,0.66686934408013,21.403459072113
1.17600195509628,0.667058219389198,21.4145939350128
1.17638527599061,0.667228003647285,21.4257111549377
1.17675344462997,0.667401370764692,21.4368386268616
1.1770907418256,0.667577062364343,21.4480335712433
1.17740839685577,0.667755907299486,21.4591677188873
1.17772159355315,0.667935761622352,21.4702146053314
1.17803718065933,0.668116383863486,21.4813349246979
1.17835812555549,0.668297646713496,21.4923655986786
1.17868563394434,0.668479622316262,21.5035047531128
1.17902236329186,0.668662187750186,21.5146446228027
1.17936851134279,0.668845371670413,21.525842666626
1.17972438936336,0.669029211512359,21.5368912220001
1.18009042197921,0.669213733189154,21.5480298995972
1.18046711806631,0.669398978353748,21.5591061115265
1.18085504597541,0.669584998901301,21.570173740387
1.18125483814294,0.669771859117455,21.5813686847687
1.18166718477193,0.669959633728846,21.5925893783569
1.18209283618701,0.670148411586589,21.6039893627167
1.18247700693385,0.670318533168807,21.6149408817291
1.18284584603565,0.670491968598037,21.6260659694672
1.18318340522986,0.670667645704485,21.6372587680817
1.18350139344899,0.670846539203814,21.648227930069
1.18381498779668,0.67102642998298,21.6592471599579
1.18413042043702,0.671207102484253,21.6702828407288
1.18445137452805,0.671388393307924,21.6814291477203
1.18478037194487,0.671570284009014,21.6924328804016
1.18511807972976,0.671752802689158,21.7035212516785
1.18546498034142,0.671935944139047,21.7146904468536
1.18582154555326,0.672119743243203,21.7258358001709
1.18618821100357,0.672304223786658,21.7368941307068
1.18656561985691,0.672489438272005,21.7480111122131
1.18695435135718,0.672675428360385,21.7591152191162
1.18735502625252,0.67286225566565,21.7702419757843
1.18776833162794,0.67304999606584,21.7813856601715
1.1881363196162,0.67321541369414,21.7924275398254
1.18848902382646,0.67338658684493,21.8035233020782
1.18884047828398,0.673559828967658,21.8146741390228
1.18916724091844,0.673735326655518,21.8257789611816
1.18947762035983,0.673914051143032,21.8368616104126
1.18978433567873,0.674093750658435,21.8480019569397
1.19009506643332,0.674274091866048,21.8592803478241
1.19041225612653,0.674455022025651,21.8703970909119
1.19073711386342,0.674636565722982,21.8814890384674
1.19107043292343,0.674818738252705,21.8925242424011
1.19141270514164,0.675001516772851,21.9035937786102
1.19176438495953,0.675184921494592,21.9147119522095
1.19212595794868,0.675368991535189,21.9258000850677
1.19249794283633,0.675553753606566,21.9368877410889
1.19288090291589,0.675739255220099,21.9480230808258
1.1932754558095,0.675925556581574,21.9591073989868
1.19368227149551,0.676112727163955,21.970189332962
1.19410207633255,0.676300849504559,21.9813470840454
1.19447922342594,0.676469288153235,21.9923548698425
1.1948411722653,0.676641801699196,22.0034954547882
1.195201170527,0.676815896586906,22.0146355628967
1.19553667941737,0.676992267765401,22.0257205963135
1.19585548194405,0.677171502001161,22.0368661880493
1.19617115594234,0.677351651389861,22.0480005741119
1.1964901922677,0.677532509097566,22.0591259002686
1.1968147897406,0.677714030802724,22.0702035427094
1.19714728737346,0.677896141414543,22.0813746452332
1.19748896834338,0.678078819926043,22.0923724174499
1.19784017840149,0.67826210650435,22.1034920215607
1.19820133405153,0.678446049155157,22.1146314144134
1.19857292391449,0.678630678996679,22.1258132457733
1.19895549354758,0.678816039454038,22.1368851661682
1.19934965139679,0.679002190494992,22.147976398468
1.19975606203739,0.679189201382965,22.1590394973755
1.20017547980004,0.679377040411213,22.1701598167419
1.20055249231542,0.679545585595137,22.1813101768494
1.20091416530698,0.679718045609413,22.1923143863678
1.20127380902291,0.679892053748713,22.203476190567
1.20160871144059,0.680068333144166,22.2145929336548
1.20192709138733,0.680247555418327,22.2257792949677
1.2022425203265,0.680427665102591,22.2368628978729
1.20256054397466,0.680608452721271,22.2480475902557
1.20288431014539,0.680789907213177,22.2593030929565
1.20321663906235,0.680971930379376,22.2706699371338
1.20355801450679,0.681154540175692,22.2816469669342
1.20390884673252,0.681337751788822,22.2926645278931
1.20426958637061,0.681521611835751,22.3039329051971
1.20464073912884,0.68170615301458,22.3149406909943
1.20502285616633,0.681891415928208,22.3260259628296
1.20541654794667,0.682077460243805,22.3371350765228
1.20582247935932,0.682264355117465,22.3481113910675
1.2062411841295,0.682452235728646,22.3593201637268
1.20661769201751,0.682620678190018,22.3704688549042
1.2069787978649,0.682793022505283,22.3814606666565
1.20733781785638,0.682966909042189,22.3926665782928
1.20767158016473,0.683142957770693,22.4040577411652
1.2079885227841,0.683322140281768,22.4150805473328
1.20830195398591,0.683502225991496,22.4262373447418
1.20861920480083,0.683682892931435,22.437356710434
1.20894329860813,0.68386420603321,22.4482882022858
1.20927544693458,0.684046118794142,22.4593939781189
1.20961639671795,0.684228615866395,22.4705452919006
1.20996668171367,0.684411705918881,22.4815411567688
1.21032681307017,0.684595429293143,22.4925816059113
1.21069732195556,0.68477982835688,22.5036246776581
1.21107876580802,0.684964937371852,22.5147364139557
1.21147175685699,0.685150815612119,22.5258946418762
1.21187695943897,0.685337530190912,22.5369546413422
1.21229393617415,0.685525402451017,22.5480108261108
1.21267793432832,0.685694987780488,22.5590810775757
1.21303400373651,0.685855355199294,22.5701630115509
1.21338093050158,0.686015431151021,22.5813946723938
1.21372741387758,0.686174575075611,22.5924527645111
1.21405653596444,0.68634449953021,22.6035182476044
1.21436278987474,0.686501461288051,22.6146144866943
1.21465767299306,0.6866575096934,22.6256895065308
1.21494870551437,0.686812031420725,22.6368174552917
1.21524414370554,0.686975495469535,22.6480536460876
1.21554397445104,0.687145023908764,22.659166097641
1.21584995176629,0.687318088267179,22.6702239513397
1.21617645962516,0.687499247069898,22.6813869476318
1.21651858436757,0.687681523843724,22.6923644542694
1.21687311262049,0.687864397270595,22.7035565376282
1.21723905781515,0.68804792999071,22.7147722244263
1.21761627083112,0.68823217565791,22.7260129451752
1.21800501805895,0.68841718924293,22.7372252941132
1.21840578741065,0.688603032881968,22.7483940124512
1.21881920103464,0.68878977929592,22.7595498561859
1.21924597206627,0.688977513207933,22.7708926200867
1.21963045304374,0.689146170188206,22.7829716205597
1.21997010341411,0.689318530873453,22.7949965000153
1.22028412199283,0.689495127545315,22.8076231479645
1.22059012256393,0.689673054053956,22.8217911720276
1.22089692680254,0.689851807415403,22.8348808288574
1.22120920045164,0.690031274112101,22.8458120822906
1.22152873493072,0.690211382265978,22.8577365875244
1.22185635926917,0.690392107672194,22.8703110218048
1.22219265544663,0.690573472256475,22.8811762332916
1.22253805274483,0.69075546623098,22.8925051689148
1.22289298662993,0.690938099500407,22.9042816162109
1.2232579349229,0.691121393504056,22.9159252643585
1.2236334297615,0.69130538983104,22.9269387722015
1.22402005279466,0.691490138651403,22.9380049705505
1.22441843264933,0.691675698430495,22.9496862888336
1.22482924567798,0.691862136863138,22.9606161117554
1.22525323542193,0.692049538522964,22.9716694355011
1.22563436077974,0.692217398056447,22.98304271698
1.22600055932601,0.692389409561083,22.9939765930176
1.2263362542442,0.692563942656986,23.0050892829895
1.22665197338138,0.692741488636907,23.016815662384
1.22696325826887,0.692920066282754,23.0284714698791
1.22727704236225,0.693099434402856,23.040896654129
1.22759642916011,0.69327943527235,23.0548450946808
1.22792312115146,0.693460043331843,23.0670955181122
1.22825739731677,0.693641309230008,23.0783903598785
1.22860110189825,0.693823139604141,23.0905177593231
1.22895456538999,0.694005591048124,23.1037766933441
1.22931811714997,0.694188691891299,23.1152565479279
1.22969221496868,0.694372482517771,23.1273221969604
1.23007740256874,0.694557012448909,23.1400485038757
1.23047428137234,0.694742337491779,23.154399394989
1.23088352225396,0.694928527166334,23.1663887500763
1.23130585618914,0.695115662834946,23.1775689125061
1.23168519466759,0.695283139058763,23.1892607212067
1.2320495744465,0.695454889602679,23.2015025615692
1.23238296648177,0.695629119396432,23.21280169487
1.23269669531772,0.695806495504214,23.2253568172455
1.23300597674472,0.695984878735043,23.2377641201019
1.23331742563843,0.696164081055102,23.2497220039368
1.23363405149262,0.696343908471882,23.2610943317413
1.23395863819593,0.696524275916462,23.2737581729889
1.2342918191641,0.696705266040168,23.2869699001312
1.2346340100016,0.696886858852989,23.2989985942841
1.23498561588184,0.697069071845636,23.3104002475739
1.23534709572682,0.697251929146418,23.32302069664
1.23571895839073,0.697435461991772,23.3366765975952
1.23610176652536,0.697619717413332,23.3484847545624
1.2364961252605,0.697804749156974,23.3597679138184
1.23690270051334,0.697990624143488,23.3717560768127
1.2373222140657,0.698177420739234,23.3836193084717
1.23769810788144,0.698343968666588,23.3946805000305
1.23805903226955,0.698515214909423,23.4061815738678
1.23838824652397,0.698688914677166,23.4190871715546
1.23869836209787,0.698866060187966,23.430496931076
1.23900325708849,0.699044261587217,23.442526102066
1.2393114783163,0.699223118668088,23.4545159339905
1.23962578846547,0.699402597484274,23.4663715362549
1.23994748000725,0.69958266220569,23.4779417514801
1.24027741620343,0.69976334164128,23.4890739917755
1.24061613437069,0.699944625182277,23.5009253025055
1.24096407814969,0.700126515189959,23.5118777751923
1.24132170808026,0.700309037448837,23.5234806537628
1.24168951958352,0.700492213727887,23.5366096496582
1.24206806008689,0.700676087718276,23.5480132102966
1.24245791858109,0.700860710019094,23.5597050189972
1.24285974109623,0.701046143363925,23.5716252326965
1.24327422786579,0.701232461070154,23.5829923152924
1.24370213790327,0.701419750581856,23.5944533348083
1.24408883026187,0.701589018917433,23.6058404445648
1.244460229008,0.701761532284801,23.6178336143494
1.24480062272742,0.701936339585173,23.6287961006165
1.24512119390057,0.702114129808,23.6403620243072
1.24543720679214,0.702292877977999,23.6536359786987
1.2457556021067,0.702472346447271,23.6653337478638
1.24607965222068,0.702652434522731,23.6765465736389
1.24641044373826,0.702833178597721,23.6885507106781
1.24675015679632,0.703014474306562,23.6999552249908
1.24709942190829,0.703196351611606,23.7111945152283
1.24745860338857,0.703378862273252,23.7223556041718
1.24782815955377,0.703562031671585,23.7343440055847
1.24820853023501,0.703745894069857,23.74538230896
1.24860038720772,0.703930516419626,23.7569053173065
1.24900438951988,0.704115957260437,23.7701878547668
1.24942122402325,0.704302288322898,23.7817237377167
1.24979441414084,0.704468358638897,23.7930269241333
1.25015257180341,0.704639209717316,23.8048102855682
1.25050835728478,0.704811719257807,23.8161046504974
1.25083977945022,0.704986697825272,23.8276176452637
1.25115492751906,0.705164518942117,23.8387286663055
1.25146715285536,0.70534320671443,23.8505947589874
1.25178230525079,0.705522561365769,23.8616209030151
1.25210270970538,0.705702534815409,23.8728709220886
1.25243147148261,0.705883037964706,23.8853976726532
1.2527690986357,0.706064116377894,23.8965485095978
1.25311598615379,0.706245772188313,23.9082243442535
1.25347256074413,0.706428041510994,23.9193472862244
1.25383930616683,0.706610953116587,23.9306843280792
1.25421675718681,0.706794543255735,23.9422171115875
1.2546054941171,0.706978861377208,23.9534702301025
1.25500615695982,0.707163969757064,23.9646511077881
1.25541944030563,0.707349940908884,23.9756853580475
1.2558460995449,0.70753685038528,23.9867177009582
1.25623169479863,0.707705947895274,23.9979746341705
1.25660168021579,0.707878105072346,24.0093095302582
1.25693985934346,0.708052528545487,24.0204620361328
1.25725851700537,0.708230187313217,24.031439781189
1.2575716056968,0.708408860420374,24.0424828529358
1.25788786665844,0.708588143997653,24.053671836853
1.25821040080649,0.708768001287559,24.0648174285889
1.25854067884902,0.70894845918783,24.0758762359619
1.25887957170826,0.709129504477326,24.0870218276978
1.2592276583869,0.709311124345179,24.0981962680817
1.25958546694154,0.7094933548471,24.1096799373627
1.25995353607018,0.709676231072042,24.1209378242493
1.26033242592322,0.709859782553867,24.1318957805634
1.26072274939917,0.710044062350556,24.1430146694183
1.26112491508555,0.710229110288397,24.1541011333466
1.2615399782333,0.710415027442648,24.1657083034515
1.26191147142654,0.710580916000732,24.1770055294037
1.26226773239644,0.710751486482088,24.1885182857513
1.26262181761557,0.710923702417036,24.1999962329864
1.26297985011149,0.711096937718681,24.2113645076752
1.26331718015825,0.711272740214341,24.2231178283691
1.26363933861821,0.711451134078281,24.2368650436401
1.26395912512639,0.711630291336101,24.2489647865295
1.26428249426888,0.711810084507056,24.260486125946
1.26461231027802,0.71199048180259,24.2720587253571
1.26495003579583,0.712171443466955,24.2842395305634
1.26529600447468,0.712352981740834,24.2951993942261
1.26565210187789,0.712535055765074,24.3063900470734
1.26601861318368,0.712717756387822,24.3187575340271
1.26639596012611,0.71290111701688,24.3298718929291
1.26678466985976,0.713085187694656,24.3418729305267
1.26718535862678,0.713270032049091,24.3533909320831
1.26759871166642,0.713455714903822,24.3644375801086
1.267968224204,0.71362105910727,24.3755650520325
1.26832247698763,0.713791298798291,24.386750459671
1.26867398458564,0.713963204353107,24.3978497982025
1.26903021427649,0.714136215552907,24.4094939231873
1.26936524042627,0.714311725412939,24.4206359386444
1.26968516519871,0.714489923895084,24.431535243988
1.27000278109288,0.714668893846816,24.4425945281982
1.27032397850992,0.714848483488031,24.4537410736084
1.27065080815255,0.715028705963428,24.4647622108459
1.27098585697278,0.715209437879469,24.4758176803589
1.27133021434589,0.715390692492638,24.4868505001068
1.27168425881097,0.715572515171804,24.4980115890503
1.2720484294398,0.715754955605609,24.5094006061554
1.27242322559033,0.715938042052889,24.5208184719086
1.27280921421531,0.716121822045922,24.5319724082947
1.27320701730339,0.716306354287848,24.5431454181671
1.27361724731471,0.71649173239982,24.5543191432953
1.27398226928668,0.716655361526087,24.5655977725983
1.27433157344665,0.716824723511656,24.5766146183014
1.27467936499639,0.716996085700569,24.587616443634
1.27503171601447,0.717168608313804,24.5985639095306
1.27539173724959,0.717342049791263,24.609706401825
1.27573272616917,0.717518098454975,24.6207895278931
1.27605889682285,0.717696587958741,24.6317284107208
1.27638291077293,0.717875839253439,24.642792224884
1.27671070607386,0.718055737747852,24.6540088653564
1.27704512120625,0.718236217927848,24.6650097370148
1.2773877212439,0.718417250371212,24.6760540008545
1.27773942712826,0.718598840335776,24.687168598175
1.27810094444725,0.718781023073019,24.6981990337372
1.27847290339136,0.718963837628937,24.7093365192413
1.27885589324114,0.719147319948566,24.7205481529236
1.27925021652088,0.719331536550502,24.7314927577972
1.27965707961673,0.71951655903015,24.7426121234894
1.28007573673636,0.719702711785264,24.7539966106415
1.28046217440746,0.719870788870434,24.7651309967041
1.2808200326031,0.720029747418672,24.7762868404388
1.2811685388251,0.720188396436391,24.7873294353485
1.28151668812786,0.720346381487502,24.7984907627106
1.28184911032839,0.720516320355308,24.8099415302277
1.28216858039354,0.720690684858766,24.8211388587952
1.28248653299205,0.720863551884196,24.8325302600861
1.28280544941867,0.721032409675071,24.8435728549957
1.2831267563865,0.721198583724907,24.8547029495239
1.28345259840003,0.721363246223736,24.8659467697144
1.28378499547446,0.721525297805707,24.8769204616547
1.2841339987719,0.721693838256329,24.8881902694702
1.28450993135364,0.72187359145601,24.8995544910431
1.28489606913344,0.72205816519715,24.9105093479156
1.28529412180002,0.722243616897156,24.921594619751
1.28570257108219,0.722430171768422,24.9331336021423
1.28607952881794,0.722594424336023,24.9441945552826
1.28643097821123,0.722755659184765,24.9553556442261
1.2867742298213,0.722916512123483,24.9667665958405
1.28711647119931,0.723076176657416,24.977795124054
1.28745718660235,0.723247769762837,24.9890139102936
1.2877727926869,0.723413192022054,25.0003819465637
1.28805403013705,0.723556436220651,25.0113558769226
1.28832942979447,0.723711775606004,25.0226035118103
1.28862014714657,0.723888388093613,25.0338125228882
1.288925994218,0.724067172987059,25.0447978973389
1.28924255795271,0.724246218588165,25.0562155246735
1.28956865704007,0.724425754140554,25.0674047470093
1.28990396365488,0.724605829626806,25.0783734321594
1.2902485594793,0.724786483899563,25.0896635055542
1.29060275193917,0.724967746734547,25.100907087326
1.29096695870526,0.72514964076686,25.1119267940521
1.29134168204553,0.725332204624837,25.1231343746185
1.29172748728452,0.725515484457602,25.1345520019531
1.29212499542891,0.72569953519569,25.1454961299896
1.29253487670549,0.725884420868962,25.1565189361572
1.29295786743444,0.726070221268725,25.1685607433319
1.29333744003182,0.72623632633049,25.1796593666077
1.29370197978542,0.726406947826155,25.1910257339478
1.29403588571192,0.726580214764576,25.2033929824829
1.29435041121934,0.72675649601373,25.2146286964417
1.29466052366834,0.726933749650116,25.2257671356201
1.29497299647207,0.727111747619258,25.2368512153625
1.29529099902804,0.727290383146003,25.2480993270874
1.29561581840455,0.727469615625502,25.2592253684998
1.29594872094148,0.72764943733466,25.2703464031219
1.29629099106262,0.727829822583618,25.2815465927124
1.2966428667007,0.728010810096031,25.2926278114319
1.297004707609,0.72819241626742,25.304030418396
1.29737697975867,0.72837467550963,25.3150825500488
1.29776022515634,0.728557633108633,25.3261125087738
1.29815504556804,0.728741342452403,25.3373658657074
1.29856209265767,0.728925864480201,25.348331451416
1.29898208646587,0.729111275797395,25.3593263626099
1.29935809282389,0.729276445089393,25.3704857826233
1.2997186308124,0.729446478019011,25.3815138339996
1.30004861929062,0.729619218606435,25.3925292491913
1.30035946921909,0.729795144374024,25.4035804271698
1.30066604130268,0.729972061012118,25.414665222168
1.30097451488148,0.730149763230264,25.4257292747498
1.30128815957507,0.730328106502337,25.4368417263031
1.30160960986795,0.730506961984723,25.4479510784149
1.30193949218308,0.730686405464954,25.459095954895
1.30227825358382,0.730866443231458,25.4701673984528
1.30262628232194,0.731047077200806,25.481329202652
1.30298400821543,0.731228318707375,25.4923779964447
1.30335191533299,0.731410192700976,25.5034964084625
1.30373054441064,0.731592740694487,25.5146267414093
1.30412048696106,0.731776012558188,25.525723695755
1.30452238245044,0.731960066157201,25.5368473529816
1.30493692065627,0.732144969612326,25.547990322113
1.30536485951846,0.732330807810078,25.5590925216675
1.30575096198335,0.732498486569792,25.5701670646667
1.30612195063635,0.73266975187193,25.5812995433807
1.30646259572405,0.732843530974269,25.592351436615
1.30678319093358,0.73302008621442,25.6034576892853
1.30709905489128,0.733197578902221,25.6146049499512
1.30741717591843,0.733375788172419,25.6257791519165
1.30774064021078,0.733554592807639,25.6368608474731
1.30807165826033,0.733734036632401,25.6480350494385
1.30841125304132,0.733914074936693,25.6591572761536
1.3087600264111,0.734094688389869,25.6702139377594
1.30911847439676,0.734275899691423,25.6813771724701
1.30948684284912,0.734457739505799,25.6924266815186
1.30986635120424,0.734640223728937,25.7035005092621
1.31025741036265,0.734823423873194,25.7146439552307
1.31066058329688,0.735007403238103,25.7259087562561
1.31107653257353,0.735192233710566,25.7371387481689
1.31150600102044,0.735378000781223,25.7483041286468
1.31189446068309,0.735546307145229,25.7593064308166
1.31226755938769,0.735717749792973,25.770494222641
1.31260995109509,0.735891622440697,25.7816114425659
1.31293227303504,0.73606828541378,25.7926626205444
1.31324987642307,0.736245870235097,25.8040101528168
1.31356978136648,0.736424145667323,25.815093755722
1.31389533010345,0.736603020474921,25.8261482715607
1.31422840278097,0.73678249678943,25.837461233139
1.31457000605859,0.736962544203464,25.8485381603241
1.3149205247298,0.737143174739303,25.8595907688141
1.31528086651947,0.737324396606994,25.870778799057
1.31565192755537,0.737506229805326,25.8818204402924
1.31603411962432,0.737688734749751,25.8929135799408
1.31642796202156,0.737871961679394,25.9040246009827
1.31683382424102,0.738055953585983,25.9149730205536
1.31725271875644,0.738240834513683,25.9260685443878
1.31762820755122,0.738406126106717,25.9373552799225
1.31798858961646,0.738576010615184,25.9483404159546
1.3183465981154,0.73874747164686,25.959641456604
1.3186806118478,0.738921563666542,25.971043586731
1.31899812538215,0.739098270923152,25.9824635982513
1.3193125685607,0.739275815686163,25.9937767982483
1.31963010724453,0.739453988735558,26.0057489871979
1.31995365746734,0.73963273365365,26.0174858570099
1.32028475264945,0.739812062454068,26.0287346839905
1.32062381365063,0.739991958956195,26.0413730144501
1.32097264986269,0.740172360030558,26.0538356304169
1.32133150065891,0.740353346665729,26.0655634403229
1.32170074642296,0.740534945971453,26.0770118236542
1.32208088249599,0.740717200169863,26.0887711048126
1.32247247484028,0.740900158751498,26.1013998985291
1.32287616276168,0.741083883693449,26.1122903823853
1.32329264639695,0.741268447306204,26.123302936554
1.32366509775235,0.741432902280794,26.1352391242981
1.3240217315573,0.741602214695138,26.1462686061859
1.32437665946161,0.74177326922674,26.1583428382874
1.32470710833392,0.74194686151618,26.1700508594513
1.3250212855756,0.742123268075505,26.181140422821
1.32533235961528,0.74230051190864,26.1922521591187
1.32564557368363,0.742478445724783,26.2034349441528
1.32596564233423,0.742656843937766,26.2145617008209
1.32629370379512,0.742835797315782,26.225661277771
1.32663044040038,0.743015308694938,26.2367963790894
1.32697633126842,0.743195362240472,26.2479193210602
1.32733183628029,0.743375987057939,26.259030342102
1.32769745147519,0.743557214371721,26.2701690196991
1.32807370476682,0.743739072435411,26.2813549041748
1.32846118162797,0.743921611041175,26.2924389839172
1.32886051339441,0.744104886529094,26.3035690784454
1.32927238561092,0.744288966629292,26.3147513866425
1.32969743592055,0.744473966868106,26.3258829116821
1.3300812175518,0.744641304210878,26.337012052536
1.33044931694773,0.744811904204272,26.3480749130249
1.33081528151641,0.744983820759385,26.3594791889191
1.33115720181242,0.74515829912341,26.3707330226898
1.33148213793135,0.745335280370834,26.3819046020508
1.33180384128835,0.745513061648692,26.3928835391998
1.33212866568598,0.745691465167449,26.4042503833771
1.33245972865772,0.745870466053107,26.4156823158264
1.33279871047657,0.746050019883913,26.4272177219391
1.33314656909259,0.746230111399522,26.4391357898712
1.33350402342702,0.74641076904331,26.4513375759125
1.333871381247,0.74659203733547,26.4625060558319
1.3342496747562,0.746773920336774,26.4740467071533
1.33463963666474,0.746956475074156,26.487012386322
1.33504155056339,0.747139752268953,26.4980154037476
1.3354563294578,0.747323867439139,26.5090725421906
1.33582742061866,0.747488190151912,26.5201530456543
1.3361832339242,0.747657331387799,26.531233549118
1.33653637864181,0.747828085657287,26.5422520637512
1.33689414795112,0.747999892750385,26.5534400939941
1.33723124120054,0.748174375717545,26.564564704895
1.33755306909453,0.748351321718553,26.5756192207336
1.33787244937027,0.748529002692798,26.5867745876312
1.33819535059918,0.748707282881134,26.597883939743
1.33852466026958,0.748886136538144,26.6089324951172
1.33886193076618,0.749065521444419,26.6201043128967
1.33920786625297,0.749245432752754,26.6312124729156
1.33956300194437,0.74942589579234,26.6422860622406
1.33992871549529,0.749606914853,26.6535484790802
1.34030532549638,0.749788545628901,26.6647274494171
1.34069331299551,0.749970842359275,26.6757938861847
1.34109326319475,0.750153863349902,26.6868772506714
1.34150592586467,0.750337670700623,26.6980094909668
1.34187426096862,0.750501190027293,26.7090411186218
1.34222651079982,0.750669760246066,26.7202215194702
1.34257702480186,0.750840121691508,26.7313392162323
1.34293211719116,0.751011568275733,26.742406129837
1.3432657110832,0.751185579324085,26.7535660266876
1.34358430066252,0.751362228015308,26.7646806240082
1.34390048430446,0.751539633112557,26.7756719589233
1.3442191979527,0.751717666578114,26.7867856025696
1.34454514373788,0.751896167027569,26.7979695796967
1.34487940293666,0.752075190262459,26.8090081214905
1.34522263301388,0.752254733739871,26.8201320171356
1.34557535300044,0.752434808351873,26.83123254776
1.34593806639575,0.752615454769962,26.8423314094543
1.34631130604842,0.752796707837522,26.8535149097443
1.346695634908,0.752978602889919,26.8646392822266
1.34709167256734,0.753161195614894,26.8756496906281
1.34750009217723,0.753344543504864,26.8867881298065
1.34792045752931,0.753528954506022,26.8979253768921
1.34830833853715,0.753696544256209,26.9092152118683
1.34866746194319,0.753854229545141,26.9203460216522
1.34901698515107,0.754011442309713,26.9314377307892
1.34934318234672,0.754178138234119,26.9425683021545
1.34965344391987,0.754349365709716,26.9536952972412
1.34996045349412,0.754520309587186,26.9647786617279
1.35027292475323,0.754693104115814,26.9772322177887
1.35059081999056,0.754862945109388,26.9915373325348
1.3509112693057,0.755027783416806,27.0048041343689
1.35123418717962,0.755189088051095,27.016932964325
1.35156222269413,0.755347176651383,27.029317855835
1.35190448537551,0.755511042059383,27.0426428318024
1.35227173201828,0.75568543618924,27.0573878288269
1.35265242023822,0.75586797405315,27.0699877738953
1.35304665802925,0.756051495283376,27.0819838047028
1.35345224810987,0.756236039429738,27.0958504676819
1.35382400600888,0.756396781622472,27.1096997261047
1.35417265882723,0.756556775789649,27.1240758895874
1.35449677373587,0.756701321613275,27.1378219127655
1.35482604980788,0.756876498591206,27.1509103775024
1.3551599137986,0.757059888143709,27.1618919372559
1.35545395827331,0.757205420717201,27.1732020378113
1.35572186128793,0.757341708093331,27.1849329471588
1.35599817312283,0.757512814177839,27.1959760189056
1.35629114355737,0.757689736114044,27.207227230072
1.3565991767798,0.757867693602316,27.2195982933044
1.35691765126744,0.758045944551641,27.2310450077057
1.35724562709826,0.758224663698088,27.2422759532928
1.35758289251333,0.7584038887779,27.2534840106964
1.35792957916026,0.758583651412713,27.2646250724792
1.35828601431416,0.758763991409314,27.275664806366
1.35865263000006,0.758944932548058,27.2867829799652
1.35902993755723,0.759126511046424,27.2979037761688
1.35941850603554,0.759308772224859,27.3090283870697
1.35981897026918,0.759491774011096,27.3201773166656
1.36023201942697,0.759675583781202,27.3313035964966
1.36065840087075,0.759860282116252,27.342355966568
1.36104321103534,0.760027276093216,27.3534994125366
1.36141252880495,0.760197658980338,27.364618062973
1.36175045150475,0.760370587403427,27.3756637573242
1.36206869359655,0.760546453249102,27.3868601322174
1.36238243336509,0.760723218461839,27.3981487751007
1.36269776454589,0.760900699048995,27.4095318317413
1.36301887757931,0.76107870572694,27.4220151901245
1.363347978476,0.761257251966569,27.4335374832153
1.36368577957619,0.761436353568955,27.4451260566711
1.36403266255968,0.761615994151396,27.4590938091278
1.36438933194047,0.761796230344577,27.4723701477051
1.36475624221596,0.761977064782556,27.4863665103912
1.3651338994727,0.762158527484002,27.4981303215027
1.36552286937048,0.762340664738834,27.5092530250549
1.36592378301584,0.762523534848102,27.520706653595
1.3663373291356,0.762707206022283,27.531617641449
1.36676425619348,0.762891759793177,27.5426733493805
1.3671500699838,0.763059048825849,27.5539536476135
1.36752015672663,0.763229426822709,27.5649511814117
1.3678584143907,0.763402276447139,27.5759618282318
1.36817706165639,0.763578183348832,27.5871305465698
1.36849047568259,0.763755021674021,27.5981273651123
1.36880633862682,0.763932479797188,27.6094028949738
1.36912856133566,0.764110445985784,27.6206350326538
1.36945858616859,0.76428896936697,27.6315472126007
1.3697972518717,0.764468035569445,27.6425681114197
1.37014512371388,0.764647631398483,27.6536667346954
1.370502722911,0.764827791354727,27.664749622345
1.37087058313315,0.765008546514451,27.6757390499115
1.37124926069817,0.765189923902742,27.6868603229523
1.37163936444019,0.765371972631629,27.6980078220367
1.37204132086227,0.765554732220545,27.7090706825256
1.37245600823333,0.765738298253779,27.7201476097107
1.37282686849731,0.765902137524439,27.7312848567963
1.37318214333732,0.766070799066138,27.7423522472382
1.3735349928017,0.766241112518713,27.7534773349762
1.37389253831497,0.766412475663682,27.7645678520203
1.37422918370728,0.766586512470001,27.775630235672
1.37455059514806,0.766763009428687,27.7868311405182
1.37486958407867,0.766940234847271,27.7981381416321
1.37519210222123,0.767118043844379,27.809903383255
1.37552102519278,0.767296413217147,27.8221180438995
1.37585759911247,0.767475317353169,27.8335354328156
1.37620274277966,0.767654728973898,27.8451771736145
1.37655792481306,0.767834637176613,27.8595917224884
1.37692345094206,0.768015119349909,27.8720252513885
1.37729974612165,0.768196203211728,27.8859367370605
1.37768734657037,0.768377937678586,27.8974900245667
1.37808686144279,0.768560379141576,27.9092421531677
1.37849882563048,0.768743630441037,27.9209611415863
1.37886663151715,0.768906653652163,27.9324400424957
1.37921857453806,0.769074818190609,27.9433863162994
1.37956836917011,0.769244724584639,27.954400062561
1.37992275135519,0.769415703361652,27.9655973911285
1.38025551758552,0.769589269518342,27.9766244888306
1.38057332717111,0.769765477752297,27.9876539707184
1.38088816562606,0.769942450862528,27.9986207485199
1.38120641239314,0.770119970314455,28.0097191333771
1.38153173769849,0.770297979581345,28.020738363266
1.38186526872455,0.770476500116665,28.0316512584686
1.3822077105016,0.770655528746279,28.0426893234253
1.38255959368814,0.770835074367506,28.0539219379425
1.38292142761337,0.771015175493214,28.0648710727692
1.38329374480139,0.771195868205901,28.075893163681
1.38367710449469,0.771377184932469,28.0869710445404
1.38407212196228,0.771559179629235,28.0981078147888
1.38447946384761,0.771741915343809,28.1091656684875
1.38489886925103,0.771925646399184,28.1202340126038
1.38528523246336,0.772092514876157,28.131315946579
1.38564339613778,0.772249864272049,28.1424453258514
1.38599224188895,0.772406941750789,28.1538798809051
1.38634068211722,0.772563245652635,28.1648452281952
1.38667339757326,0.772731736943513,28.1758751869202
1.3869881098616,0.772896415905172,28.1869637966156
1.38729418150781,0.773055944038528,28.19806599617
1.38759763099425,0.773213301028242,28.2092092037201
1.38790270770372,0.773369366753679,28.2203664779663
1.38821254131132,0.773524735828222,28.2314536571503
1.38853016016812,0.773679230711297,28.242506980896
1.38886552751214,0.773840949642922,28.2536370754242
1.38922927940308,0.774014436466067,28.264800786972
1.38960892721674,0.774197212610747,28.2759420871735
1.39000323827675,0.774381149913926,28.2871377468109
1.39040984074606,0.774566059093394,28.2981758117676
1.39078921834157,0.774731174678262,28.3094589710236
1.39114166088218,0.774891577096398,28.3207712173462
1.39148543953157,0.775051598304056,28.3318276405334
1.39182002587499,0.775203327720882,28.3429255485535
1.39216590830132,0.775386626241398,28.3540301322937
1.3925227539362,0.77557883786537,28.3650953769684
1.39286060524375,0.775751191220561,28.3762073516846
1.39319022514359,0.775945050344453,28.387354850769
1.39351532252207,0.776130027350882,28.3983373641968
1.39384217210631,0.776308200908475,28.4094221591949
1.39417629015122,0.776487014042487,28.4207210540771
1.39451771871103,0.776666192621864,28.431893825531
1.39486775145338,0.776845894927049,28.4430990219116
1.39522726177211,0.777026163745729,28.4542691707611
1.39559695685786,0.777207026895475,28.4654026031494
1.3959774876156,0.777388519925429,28.4764323234558
1.39636950212284,0.777570691047608,28.4875218868256
1.39677362007395,0.777753603747096,28.4985690116882
1.39719029923433,0.777937332340023,28.5098111629486
1.39756359638048,0.778101551036822,28.5209429264069
1.39792176563762,0.778270490223905,28.53200340271
1.39827755829092,0.778441014856708,28.5430812835693
1.39860866325643,0.778614160715988,28.5541236400604
1.39892356167421,0.778790042540067,28.5652027130127
1.39923544844842,0.778966730461278,28.5763125419617
1.39954938673152,0.779144069667313,28.5875954627991
1.3998702320909,0.779321856513075,28.5992815494537
1.4001991340614,0.779500185622969,28.6103298664093
1.40053675229642,0.7796790442386,28.6214847564697
1.40088357233355,0.779858425000711,28.6327936649322
1.40124006357554,0.780038359956079,28.6437969207764
1.40160672837321,0.78021887992339,28.6549217700958
1.40198410616818,0.780400015079929,28.6662368774414
1.40237277743632,0.780581810803973,28.6774008274078
1.40277338042088,0.78076432500013,28.6887209415436
1.40318660642991,0.780947625253099,28.7000784873962
1.40361310691528,0.781131822353701,28.7110562324524
1.40399868957984,0.781298875268144,28.7222616672516
1.4043684558687,0.781468970360277,28.7335937023163
1.40473604860975,0.781640317311653,28.7445170879364
1.40507955974554,0.781814291250082,28.7557451725006
1.40540604912192,0.781990715435954,28.7669763565063
1.40572930553358,0.782167916686605,28.77796626091
1.40605572103141,0.782345725488018,28.7893307209015
1.40638843428214,0.78252410851987,28.8007354736328
1.40672913707597,0.782703018993976,28.8117473125458
1.40707880679842,0.782882449473006,28.8230242729187
1.4074381769684,0.78306242914143,28.8342928886414
1.40780771382446,0.783242997176588,28.8454222679138
1.40818806913936,0.783424174688194,28.8567590713501
1.40858028480564,0.783606002572303,28.8685524463654
1.4089847887394,0.783788549090998,28.8796093463898
1.40940152765838,0.783971962135536,28.8912944793701
1.40977609225369,0.784136685544449,28.9029622077942
1.41013513907504,0.784305588091873,28.9146485328674
1.41049195546551,0.784475975144512,28.9260499477386
1.41085304605186,0.784647290776547,28.938095331192
1.41119301833844,0.784821298666311,28.9505078792572
1.41151734734086,0.784997712302185,28.9626421928406
1.41183944831036,0.785174885281569,28.9746806621552
1.41216526857669,0.785352654819935,28.9876153469086
1.41249764485265,0.785530959892054,28.9993047714233
1.41283813300249,0.785709766907649,29.0103666782379
1.41318694064265,0.785889104141699,29.021374464035
1.41354599228802,0.786068928584777,29.0325608253479
1.41391566343897,0.7862493240228,29.0435237884521
1.41429637218086,0.786430323927348,29.0545697212219
1.41468866014812,0.786611981207689,29.0657138824463
1.41509315254121,0.7867943567802,29.0766794681549
1.4155099535634,0.786977630770887,29.0876924991608
1.41589265638589,0.787143759352382,29.0987017154694
1.41626032028951,0.787300744685085,29.1098008155823
1.41662126291092,0.787454884644465,29.1209347248077
1.41698508581408,0.787626720333617,29.1321063041687
1.41736770378363,0.787814697401715,29.1431193351746
1.41771417868755,0.787978348635882,29.1541547775269
1.41804265484792,0.788163820250832,29.1652898788452
1.41836739227049,0.788362820098354,29.176337480545
1.41869089611841,0.788540488317642,29.1874325275421
1.41902068493409,0.788718143571825,29.1983819007874
1.41935691777239,0.78889607739689,29.2094223499298
1.4197011748038,0.789074512766363,29.2206208705902
1.42005445245315,0.78925348144666,29.2315230369568
1.42041750313454,0.789433013511827,29.2425956726074
1.42079097705757,0.789613132588933,29.2537639141083
1.42117551139422,0.789793881040516,29.2649812698364
1.42157175625752,0.789975309000266,29.2760746479034
1.42198040772402,0.790157480040439,29.2878530025482
1.42240220957147,0.790340468498411,29.2995369434357
1.42278068502868,0.79050492088919,29.3109169006348
1.42314381536961,0.790673571634684,29.3223576545715
1.42350508602261,0.790843692918542,29.3340339660645
1.42384227441468,0.791016522239775,29.3459391593933
1.42416271522523,0.791191781699458,29.3593547344208
1.42448003227097,0.791367851252301,29.3724317550659
1.4248004397506,0.791544498868756,29.3866312503815
1.42512693209249,0.791721692336391,29.3978364467621
1.42546119595365,0.791899429230275,29.4090886116028
1.42580413414697,0.792077674715018,29.4209475517273
1.4261564016093,0.792256439502414,29.433358669281
1.42651822598845,0.792435765611337,29.4442491531372
1.42689068630123,0.792615650112088,29.4556081295013
1.42727442893735,0.792796145316577,29.4686484336853
1.42766993862419,0.792977312795587,29.4795212745667
1.42807781939624,0.793159214080358,29.4911267757416
1.4284987631165,0.793341921788629,29.5024363994598
1.42887691163921,0.793506266737405,29.5136117935181
1.42923961452485,0.793674748216523,29.5247142314911
1.42960022027172,0.793844686356218,29.5358829498291
1.4299364635647,0.794017308370021,29.5469505786896
1.43025575646152,0.794192398259347,29.5586869716644
1.43057188254855,0.794368292863613,29.5700221061707
1.43089124818566,0.794544778456813,29.5811383724213
1.43121677104243,0.794721803651605,29.5924923419952
1.43154936598871,0.794899383917039,29.60373878479
1.43189098442843,0.79507742260506,29.6149208545685
1.43224232473579,0.795255951916636,29.6262700557709
1.43260372509597,0.795435026970111,29.637434720993
1.43297562856629,0.795614673252229,29.6484031677246
1.43335855708995,0.795794928660058,29.6594362258911
1.43375310436659,0.795975844306642,29.6706082820892
1.43415992394631,0.796157479694616,29.6816110610962
1.43457972863149,0.796339906076463,29.6926805973053
1.43495670725967,0.796503988207542,29.7037625312805
1.43531816184836,0.796672228685917,29.7148253917694
1.43567745256062,0.796841924306817,29.7259204387665
1.43601198356227,0.797014307187096,29.7370457649231
1.43632967538072,0.797189259342609,29.7481617927551
1.43664439830756,0.797365015810593,29.7596225738525
1.43696195749197,0.79754136464295,29.7708323001862
1.43728526112938,0.797718237747023,29.7825238704681
1.4376170100221,0.797895570061513,29.7936625480652
1.43795775110802,0.798073388821942,29.8050878047943
1.43830791893201,0.798251701796103,29.816915512085
1.43866797119437,0.798430548753029,29.8286199569702
1.43903841231804,0.7986099570618,29.842301607132
1.43941978651682,0.798789958842501,29.8549401760101
1.43981269526636,0.798970604171355,29.8676557540894
1.44021779169301,0.7991519512115,29.8788409233093
1.44063561712759,0.79933410863598,29.8902504444122
1.44101062978805,0.799497754976663,29.9026126861572
1.44137006803566,0.799665685793506,29.9138171672821
1.44172726283461,0.799835088726191,29.9250700473785
1.4420885591125,0.80000540094934,29.9366638660431
1.44242893686762,0.800178502230486,29.9477791786194
1.44275409562794,0.800353930890966,29.9588584899902
1.44307683028349,0.800530036548802,29.9700696468353
1.44340316786687,0.800706712250576,29.9812667369842
1.44373602085236,0.800883913959972,29.9923219680786
1.44407697461249,0.801061601646844,30.0034275054932
1.44442695563987,0.80123977327856,30.0146286487579
1.44478631157557,0.801418469016241,30.0260543823242
1.44515608511284,0.801597699890038,30.0373713970184
1.44553709212622,0.801777497158083,30.0483446121216
1.44592978128448,0.801957925320996,30.0593242645264
1.44633473230803,0.802139044721873,30.0704274177551
1.44675207582301,0.802321025764035,30.0814700126648
1.44712739230345,0.802484813501261,30.0924980640411
1.4474869898593,0.802652666142897,30.1035439968109
1.44784424857971,0.802821947758227,30.1146354675293
1.44820571782923,0.80299211911295,30.1257088184357
1.44854610131163,0.803165089881455,30.1368706226349
1.44887106067505,0.803340386318805,30.1479992866516
1.44919337296916,0.803516363774306,30.1590917110443
1.44951948996163,0.803692953275278,30.1701848506927
1.44985221259393,0.803870048065968,30.1813671588898
1.45019308438867,0.804047615414083,30.1925036907196
1.45054246221127,0.804225677958277,30.2035429477692
1.45090186690481,0.804404214134009,30.2147254943848
1.45127197994291,0.80458328316858,30.2257947921753
1.45165319405915,0.804762924178089,30.2368848323822
1.45204603776987,0.804943189344619,30.2480278015137
1.45245113019415,0.805124137933563,30.2594153881073
1.45286815518671,0.805306004566087,30.2707438468933
1.45325161082306,0.805470674235154,30.2820954322815
1.45361975184126,0.805626546192531,30.2933349609375
1.45398131540828,0.805779645765359,30.304780960083
1.45434570889281,0.805937865141997,30.3163108825684
1.45466974982508,0.806088472499912,30.3282299041748
1.45497099542963,0.806241513664696,30.3410496711731
1.45526208365426,0.80639194255901,30.3547487258911
1.45555226821258,0.80654988230676,30.3669147491455
1.45585366689457,0.806726376086503,30.3781082630157
1.45615257019286,0.806882020644702,30.3910129070282
1.45647247561851,0.807057306337372,30.4039368629456
1.45680633143393,0.807234398993688,30.4150319099426
1.45715201754483,0.807411878907325,30.4264616966248
1.45750862930176,0.807589870332101,30.4374952316284
1.45787600836698,0.807768408088829,30.4482109546661
1.45825439194292,0.8079475328191,30.4594442844391
1.45864421985585,0.808127288552411,30.4709439277649
1.4590460656077,0.808307729839924,30.4821653366089
1.45946058947256,0.808488920051569,30.493509054184
1.45988852541407,0.808670935063949,30.5047209262848
1.46027474140751,0.808835831762253,30.5164525508881
1.46064545301608,0.809004184915606,30.5273826122284
1.4609853106019,0.809175322169691,30.5384724140167
1.46130520383053,0.809349076510292,30.5500388145447
1.46162037070173,0.809523677160865,30.5610184669495
1.4619377899502,0.80969891581419,30.5722141265869
1.46226076483969,0.809874688514479,30.5835366249084
1.46259086115346,0.810050997835401,30.5944912433624
1.46292891950046,0.810227855349414,30.6057498455048
1.46327678840313,0.810405181787685,30.6170716285706
1.46363466493749,0.81058302929323,30.6280384063721
1.46400290390045,0.810761421001819,30.6393508911133
1.46438198265985,0.81094039325785,30.6506125926971
1.46477246091308,0.811119991374194,30.6616015434265
1.46517495551465,0.811300266531177,30.6729142665863
1.46559015534647,0.811481284054396,30.6841583251953
1.46601880968786,0.811663120742191,30.6951851844788
1.46640623063531,0.811828313646279,30.7063837051392
1.46677790769308,0.811996647164747,30.7176897525787
1.46711835541576,0.812167735086326,30.7286550998688
1.46743888190013,0.812341494071304,30.7398567199707
1.46775473755252,0.812516083548697,30.7512922286987
1.46807290297921,0.812691290064796,30.7622437477112
1.46839651119903,0.812867028348057,30.7733912467957
1.46872693461876,0.813043310094597,30.7853908538818
1.46906653195175,0.813220033962561,30.7964270114899
1.46941563698655,0.81339724387798,30.8084967136383
1.46977464739222,0.813574977558885,30.8201642036438
1.47014403782126,0.81375325523911,30.8312187194824
1.47052425705487,0.813932104982087,30.8423752784729
1.47091596690846,0.814111582072402,30.853550195694
1.47131982113864,0.814291736735636,30.8647334575653
1.47173649808465,0.814472630932909,30.8757445812225
1.47210916898159,0.814634426870067,30.886869430542
1.47246576576706,0.814801039976097,30.8979897499084
1.47282051273003,0.814969290274669,30.9090206623077
1.47315041711079,0.815140281721142,30.9201543331146
1.47346358272189,0.815313963230912,30.9311878681183
1.47377323409705,0.815488393678323,30.9422352313995
1.47408677581691,0.815663326671232,30.9534547328949
1.47440679957857,0.815838729557516,30.9645612239838
1.47473461422095,0.816014626998349,30.9756057262421
1.47507103560416,0.81619101059309,30.9867777824402
1.47541658400104,0.816367864398725,30.9978520870209
1.4757717442869,0.81654521014879,31.0089204311371
1.47613702017733,0.816723082251345,31.0200991630554
1.47651293655279,0.816901501356238,31.0311241149902
1.47690007458047,0.817080511822429,31.0422439575195
1.47729905979819,0.817260164025234,31.0534601211548
1.47771057082862,0.817440519009026,31.0646092891693
1.47813474307286,0.817621766009419,31.0756387710571
1.47851807473799,0.81778614769755,31.0867836475372
1.47888548649206,0.817953838658452,31.0979135036469
1.47925057120122,0.8181227676269,31.1090152263641
1.47959106456875,0.818294460555385,31.1201469898224
1.47991471814121,0.818468527520152,31.1312010288239
1.48023519080418,0.818643303498861,31.1422808170319
1.48055880333606,0.818818623886831,31.153461933136
1.48088864737132,0.818994465487969,31.1645450592041
1.48122554340732,0.819170818076669,31.175567150116
1.481571891373,0.81934758034233,31.1867399215698
1.48192817281186,0.819524817952033,31.197936296463
1.4822947975672,0.819702578960115,31.2092187404633
1.48267226203733,0.819880887974617,31.2204079627991
1.48306107354797,0.820059780098811,31.2314431667328
1.48346175370231,0.820239305906177,31.2425143718719
1.48387516017426,0.820419516600962,31.253666639328
1.48424457495425,0.820580707034722,31.2647638320923
1.48459814375644,0.820746824059233,31.2757611274719
1.48494915929814,0.820914541868304,31.2868454456329
1.48530474791019,0.821083242879818,31.2979106903076
1.48563884229771,0.821254776294273,31.308988571167
1.48595792642421,0.821428723691829,31.320143699646
1.48627469591305,0.821603316181562,31.3311815261841
1.48659375749749,0.821778484703385,31.3422491550446
1.48692009194612,0.821954052281173,31.3534474372864
1.48725480331477,0.822130066481388,31.3645164966583
1.48759854547209,0.822306528499317,31.3755815029144
1.48795183591668,0.822483451163138,31.3867523670197
1.48831517977278,0.822660873023854,31.3978838920593
1.48868910255827,0.822838822867369,31.408953666687
1.48907417463911,0.823017336051788,31.4201271533966
1.48947101293291,0.823196461625259,31.4311995506287
1.48988002203911,0.823376306146759,31.4422702789307
1.49030093109452,0.823557080284358,31.4534838199615
1.49068975719495,0.823720535578254,31.4645874500275
1.49105008510569,0.823876397143948,31.4756498336792
1.49140108704383,0.824031594251845,31.4868319034576
1.49175184498746,0.8241861529629,31.4980881214142
1.49208614994462,0.824352516299411,31.5092632770538
1.49240771582006,0.82452342833871,31.5203862190247
1.49272971952752,0.824696579256076,31.5314242839813
1.49305602435727,0.824867270307695,31.542457818985
1.49338712285249,0.82503510729567,31.5535764694214
1.49372354341074,0.825200575184622,31.5647065639496
1.49406903332876,0.825362993663053,31.5757162570953
1.49443251286465,0.825532105599356,31.5868146419525
1.49482375467011,0.82571219617773,31.5979700088501
1.49521897417314,0.825891552218126,31.6090571880341
1.49562249380681,0.826071444681421,31.6201679706573
1.49603862901617,0.826249782848042,31.6312596797943
1.49642385253107,0.826413151426621,31.6423425674438
1.49678081455525,0.826570334429922,31.6535263061523
1.49712810729964,0.826727142024265,31.6646871566772
1.49747437416221,0.826883106302321,31.6757166385651
1.49782394156063,0.82703843657433,31.686838388443
1.49814589821464,0.827192670059968,31.697990655899
1.49844639926557,0.827339935247546,31.7090704441071
1.49873907228996,0.827488491714683,31.7201857566833
1.49903305511333,0.827645591120094,31.731290102005
1.4993299505596,0.827794244812456,31.7423777580261
1.49963526520863,0.827954712099236,31.7535181045532
1.49995121342413,0.828111142078049,31.7646448612213
1.50027644487496,0.828265711361168,31.7757077217102
1.50061965570923,0.828427254462581,31.786856174469
1.5009908623699,0.828600226890954,31.7979531288147
1.50139835778661,0.828787328558858,31.8090522289276
1.50184776611576,0.828989779559804,31.8201723098755
1.50231331843781,0.829190441165843,31.8314411640167
1.50271568507605,0.829350281088253,31.8428528308868
1.50307939998557,0.829507797978904,31.8552825450897
1.50325873882543,0.829494234346571,31.8738222122192
1.50335204471664,0.829482471506213,31.8855004310608
1.50341149508911,0.829471049038991,31.8975756168365
1.5034544286071,0.829459026457143,31.9087691307068
1.50348947967021,0.829446579979597,31.9204902648926
1.50352857053764,0.829440248752487,31.932945728302
1.50357686705323,0.829440523667681,31.9444661140442
1.50363693925707,0.829446552949116,31.9559495449066
1.50370878694425,0.82945714780515,31.9688060283661
1.50377360509929,0.829458416681974,31.9797079563141
1.50383731297657,0.829459511167407,31.9912278652191
1.50390208646221,0.829460713231216,32.0031697750092
1.50391593186652,0.829465432669542,32.014533996582
1.50391495259016,0.829474878984975,32.0260813236237
1.50390908415631,0.829485563732212,32.0373244285584
1.5039448646871,0.829483983652572,32.0484502315521
1.50398925855412,0.829483234622807,32.0596158504486
1.50403773311214,0.82948271046485,32.0707674026489
1.50408833144883,0.829482261483785,32.0817353725433
1.50414025129982,0.829481810814981,32.0927700996399
1.50419322459352,0.829481316766822,32.1039381027222
1.50424725154794,0.829480740709781,32.1149187088013
1.50430245560684,0.829480055037044,32.1259818077087
1.50435897987256,0.82947923890438,32.1371233463287
1.50441697353002,0.829478271578937,32.1481385231018
1.50447658250823,0.829477130715806,32.1591651439667
1.50453794948783,0.829475794849302,32.1702032089233
1.50460125284547,0.82947423984632,32.1813094615936
1.50461766352788,0.829485304914514,32.1923549175262
1.50461774046828,0.82949789061444,32.2036502361298
1.5046547926152,0.829496673423444,32.2150175571442
1.50469932651888,0.829495702248501,32.2267384529114
1.50474753185542,0.829494640021162,32.2389228343964
1.50479763593171,0.829493399477679,32.250171661377
1.50484885265793,0.829491933414132,32.2622539997101
1.50490089957736,0.829490213751435,32.2750000953674
1.50495359387634,0.829488211279903,32.2884802818298
1.50500700682275,0.829485915261055,32.3012495040894
1.50506140846397,0.829483328669675,32.3126094341278
1.50511695420408,0.829480423939996,32.3246757984161
1.5051736719816,0.829477183715469,32.3369796276093
1.50523161740117,0.829473592173607,32.347918510437
1.50529087892549,0.829469634171711,32.3591389656067
1.50535010210507,0.829465284283336,32.3707768917084
1.50536829180911,0.829477895670083,32.3815951347351
1.50537033906814,0.829490433633699,32.3926703929901
1.50540635513042,0.829489188384615,32.4042248725891
1.50544852083943,0.829487717905477,32.4152855873108
1.50549352851628,0.829485928784312,32.4262676239014
1.50553985877564,0.829483772037149,32.4374184608459
1.50558682499517,0.829481213317395,32.4484076499939
1.50563416055243,0.829478224613691,32.4594547748566
1.50568176681037,0.829474781419884,32.4705581665039
1.50572962886704,0.829470861640001,32.481537103653
1.50577775562156,0.829466445730037,32.4925127029419
1.50582615516422,0.829461517262748,32.5035450458527
1.50587482331966,0.829456063694485,32.5146634578705
1.50592213445684,0.829450102460789,32.5257544517517
1.50596614996239,0.829443644011028,32.5368392467499
1.50597459934071,0.829456958756691,32.5478982925415
1.50596845315032,0.829469591137685,32.5589897632599
1.50599997279063,0.829473842050155,32.5701191425323
1.50604567604414,0.829481526916138,32.581211566925
1.50609471224977,0.829485582857204,32.5922570228577
1.50613943620192,0.829483493887912,32.6034338474274
1.50616697048945,0.829473086452508,32.6145613193512
1.50619122952482,0.829466810300804,32.6256732940674
1.50621913124984,0.829464942543645,32.6368107795715
1.50624864709562,0.829461963616357,32.6478700637817
1.5062786637544,0.829457775927461,32.6589660644531
1.50630866945185,0.829452290744745,32.6701040267944
1.50633842738848,0.829445448123635,32.6811814308166
1.50637850330537,0.829438652136247,32.6922373771667
1.50642761438473,0.829431389374332,32.7033889293671
1.50648505509493,0.829423153265783,32.7144076824188
1.50656599497448,0.829407655187286,32.725546836853
1.50664612942804,0.829389186740798,32.7367520332336
1.50670316808959,0.829398016557307,32.7478108406067
1.50674328901042,0.82940471604527,32.7589273452759
1.50676023325211,0.829403770189445,32.7700910568237
1.50676546905994,0.829399111843269,32.7811667919159
1.50676845298207,0.829403269743237,32.7922346591949
1.50677116097931,0.829405688038603,32.8034539222717
1.50677426275839,0.829406407740256,32.8146495819092
1.50679044731479,0.829403915314649,32.8257687091827
1.50682161172457,0.829398894520863,32.8368988037109
1.50686386359896,0.82939204493479,32.8480925559998
1.50691366062931,0.829383609607114,32.8591327667236
1.50696893271993,0.829373648858203,32.8702096939087
1.50702925326088,0.829363449426798,32.8814039230347
1.50708157047418,0.829351622953782,32.8924512863159
1.50713101396094,0.829338225021552,32.9035384654999
1.50718006410228,0.829322750031907,32.9146976470947
1.50722800338877,0.829305217906517,32.9257960319519
1.50724360377107,0.829288203166476,32.9369261264801
1.5071998897007,0.829299805683327,32.9481348991394
1.50714254447811,0.829310462994996,32.9591677188873
1.50709182617015,0.829317508559523,32.9702391624451
1.50705317654039,0.829324611957225,32.9814794063568
1.50701666944856,0.829330826294788,32.9927241802216
1.50699310736327,0.829330162492592,33.0039184093475
1.50698644769792,0.829321806882605,33.0149602890015
1.50698969626554,0.829310891717264,33.026008605957
1.50700100609287,0.829307770376241,33.0371785163879
1.50700616829801,0.82930411338122,33.0482161045074
1.50700856095985,0.829299702758477,33.0592064857483
1.5070096627798,0.829294288319375,33.0702741146088
1.50701057165965,0.82928793430017,33.0814659595489
1.50701130062651,0.82928070147115,33.0924746990204
1.50701154991201,0.829272678914486,33.1035323143005
1.50699884092378,0.829265703280037,33.1146793365478
1.50693895951699,0.829288613613439,33.1258103847504
1.50688592120117,0.829294161616044,33.1368751525879
1.50683102161684,0.829299259116297,33.148086309433
1.50677705347017,0.829303896911348,33.1591866016388
1.50672397490243,0.829308084138943,33.1702575683594
1.50667354813147,0.829311507836474,33.1814203262329
1.5066219493833,0.829318634565118,33.1924231052399
1.50659904905625,0.829312369977265,33.2035117149353
1.50657864435658,0.829306248379508,33.2147431373596
1.5065591092135,0.829300159889304,33.2261047363281
1.50653992012668,0.829294104914903,33.2373297214508
1.50652096199764,0.8292880923523,33.2482807636261
1.50650223370383,0.829282131778298,33.2592680454254
1.50648372402099,0.82927622488662,33.2703139781952
1.50646583223816,0.829270404528926,33.2813956737518
1.50644863432474,0.829264685002821,33.2924029827118
1.50643226584305,0.829259080081708,33.3034784793854
1.50641689829738,0.829253602605104,33.3145594596863
1.50640273108918,0.829248264023713,33.3256158828735
1.50638998751109,0.829243073978017,33.3367638587952
1.50637891262234,0.829238039899566,33.347855091095
1.5063626510171,0.82923534301213,33.3589823246002
1.50632410396669,0.829233168130998,33.3701560497284
1.5062753408882,0.829231150454368,33.3813374042511
1.50622205688329,0.829229406211011,33.3923194408417
1.5061668898871,0.829228002345796,33.4034848213196
1.50611105535859,0.829226970803886,33.4146177768707
1.50605515493677,0.829226324728334,33.4257571697235
1.50599950799319,0.829226070885702,33.4369277954102
1.50594397546374,0.829226221454226,33.4480299949646
1.50588912553417,0.829226751260476,33.4591073989868
1.50583517634199,0.829227673760867,33.4701588153839
1.50578227416744,0.829229005046312,33.4812564849854
1.50573048887597,0.829230750962928,33.4923596382141
1.50571702433389,0.829216195194847,33.5034596920013
1.50571158468916,0.829202821344069,33.5145819187164
1.50571106453335,0.829189723741503,33.5256292819977
1.50571377576084,0.829176805784763,33.536771774292
1.5057190328714,0.829164006662079,33.5478460788727
1.50572511610304,0.829151816027635,33.5589652061462
1.50566600361341,0.829191269650016,33.5700974464417
1.50558434618157,0.829204643845858,33.5812168121338
1.5054871332715,0.82922404898622,33.5922868251801
1.50538321223746,0.829246147584796,33.6035130023956
1.50525408827166,0.829282148228235,33.6145839691162
1.5051213509166,0.829316081207224,33.6256885528564
1.50499366169164,0.829340552034215,33.6368696689606
1.50490611218039,0.829348716794748,33.6479964256287
1.50482304871385,0.829340038270384,33.6591229438782
1.50475375732069,0.8293352046577,33.6701941490173
1.50469342805963,0.829331116483561,33.6813280582428
1.50463740122381,0.82932763153252,33.6923608779907
1.50458428483126,0.829324678568623,33.7034647464752
1.50453342762401,0.829322243541212,33.7145698070526
1.50448454278312,0.829320314606714,33.7256698608398
1.50443753199674,0.829318882545251,33.7367970943451
1.50439236222636,0.829317940188694,33.7478189468384
1.50434897004443,0.829317471460363,33.7589387893677
1.50430777495947,0.829317469490829,33.7700817584991
1.50430571992534,0.82928981792475,33.7811360359192
1.504313496511,0.829266799238206,33.792200088501
1.50432732650793,0.829244768550326,33.8033664226532
1.50434484765768,0.829223188304097,33.8144400119781
1.50430677996633,0.829251114567138,33.8256492614746
1.5042397629916,0.829271148266096,33.8368232250214
1.50416480961488,0.829284152203302,33.8479430675507
1.50408491471838,0.829300684318114,33.8590531349182
1.5040025443988,0.829319494895297,33.8701500892639
1.50392320573856,0.829337020182322,33.8812785148621
1.50384636007901,0.829353901300641,33.8923296928406
1.50373762376564,0.829363920811658,33.9034495353699
1.50364400124707,0.829389178868367,33.9145367145538
1.50359240009635,0.829371769869743,33.9256398677826
1.50355175247614,0.829357384568173,33.9368221759796
1.50351703017443,0.829344007284771,33.947963476181
1.50348591790044,0.829331335777764,33.9590528011322
1.50345751932443,0.829319158802872,33.9701378345489
1.50343153289404,0.829307367316219,33.9812762737274
1.50340787908649,0.829295921031521,33.9923009872437
1.50338659761176,0.829284788099226,34.0034332275391
1.50336780400691,0.829273923893704,34.0145227909088
1.50335166101255,0.829263275810088,34.0256052017212
1.50333834262928,0.829252772015463,34.0367884635925
1.50332807497825,0.829242361013545,34.0478849411011
1.50327325745484,0.829271555333614,34.058970451355
1.50335986105792,0.82911308121597,34.0702292919159
1.50356201052388,0.828896249052732,34.081591129303
1.50380432305853,0.828665255282284,34.0928604602814
1.50406933763318,0.828430297988479,34.1040241718292
1.5043468406512,0.828193217397694,34.1150588989258
1.50463298478051,0.827954096820028,34.1261732578278
1.50492641562477,0.827712950239401,34.1373755931854
1.50522684697468,0.827469678621422,34.1483218669891
1.50553434884364,0.827224231810114,34.1593239307404
1.50584920775496,0.826976484508474,34.1704061031342
1.506171812213,0.826726297521949,34.1815085411072
1.50650257013134,0.826473559899482,34.1925785541534
1.50684195728319,0.826218136537333,34.2036182880402
1.50719048517021,0.825959824358457,34.214745759964
1.50754872306369,0.825698398389748,34.2258403301239
1.50791729775536,0.825433606913584,34.236917257309
1.50829689823511,0.825165167100177,34.2480390071869
1.50868828224919,0.824892759660269,34.2591161727905
1.50906276632234,0.824640029414085,34.2702736854553
1.50938273951816,0.824414687314053,34.2814321517944
1.50967634511852,0.824181883458045,34.2925288677216
1.5099641539325,0.823945250543091,34.303563117981
1.51025375689689,0.823705947143851,34.3147003650665
1.51054820934774,0.823464299544264,34.3257696628571
1.51084885843877,0.823220394088607,34.3368799686432
1.51115614961452,0.822974255802411,34.3480303287506
1.51147061765873,0.822725809277205,34.3591175079346
1.51179344439954,0.822474947168083,34.3701865673065
1.51212478627602,0.822221498074632,34.381344795227
1.51246499497426,0.821965326039133,34.392377614975
1.51281455461539,0.821706235418005,34.4034759998322
1.51317403720719,0.821443995640834,34.4146177768707
1.51354391743179,0.821178469703534,34.4257256984711
1.51392494996008,0.820909272021431,34.4368367195129
1.51428820371267,0.820660495260495,34.4479734897614
1.51464997268765,0.820412658172069,34.4590904712677
1.51496189182775,0.820188907958104,34.4701766967773
1.51525071609609,0.819956241424165,34.481320142746
1.51553489745229,0.819719501330911,34.4923675060272
1.51582083620644,0.819479966691165,34.5034885406494
1.5161128867507,0.819238249095707,34.5146198272705
1.51641169444003,0.818994337810218,34.5256848335266
1.51671767156152,0.818748162156945,34.5368304252624
1.51703114745358,0.818499682599874,34.547958612442
1.51735252147065,0.818248773240195,34.5590507984161
1.51768226155269,0.817995270801289,34.5701749324799
1.51802083339235,0.817739048272783,34.5813069343567
1.51836865327468,0.81748002637143,34.5923624038696
1.5187263951895,0.817217873279149,34.6034836769104
1.51909470295969,0.816952351854469,34.614691734314
1.51944392586222,0.816708555536321,34.6258962154388
1.51979135537885,0.816465101021303,34.6369996070862
1.52014328320813,0.816218583204945,34.6480963230133
1.52050257468534,0.815969711661536,34.659218788147
1.52081616239976,0.815743434230418,34.6702954769135
1.52110827250252,0.815508483220178,34.6814506053925
1.52139598121856,0.815269463619763,34.6925268173218
1.52168674568344,0.815027811229278,34.703565120697
1.52198379608996,0.814783890434098,34.7146961688995
1.52228782461528,0.814537745722039,34.7258079051971
1.52259945441011,0.814289162397082,34.7369720935822
1.52291906108878,0.814038159441228,34.7481081485748
1.52324706352601,0.81378460847337,34.7591714859009
1.52358394083963,0.81352834544559,34.7702281475067
1.52393019234464,0.813269228512459,34.7813727855682
1.5242863771768,0.813007061991707,34.7923994064331
1.52462201775759,0.81276811997948,34.8035237789154
1.52495580352182,0.81252876888291,34.8146724700928
1.52529343779345,0.812286481599029,34.8258001804352
1.52563821408305,0.812040934053356,34.8368780612946
1.52599156179007,0.811792304662709,34.8479905128479
1.52635415575087,0.811545186905334,34.8591089248657
1.5266856536694,0.811304638435959,34.8702228069305
1.52699030680822,0.811068249125467,34.8813841342926
1.52728836098122,0.810834036463077,34.8924345970154
1.52757271227321,0.810616349712202,34.9035370349884
1.5278440423896,0.810410415005149,34.9146838188171
1.52811821042843,0.810169930385295,34.9258189201355
1.52839295983301,0.809927931824087,34.9369184970856
1.52867140949799,0.809681148014535,34.9481129646301
1.52900175052826,0.809421651902191,34.9591956138611
1.52935683270949,0.809156982898831,34.9702346324921
1.5297322019545,0.80888568056066,34.9813764095306
1.53010953615031,0.808603361966773,34.9924368858337
1.53044899126938,0.808360287566678,35.0035235881805
1.53077716141046,0.80812153927007,35.0146472454071
1.53110508191793,0.807880988005682,35.0256991386414
1.53143769963152,0.807638042558566,35.036830663681
1.53177734395421,0.807392548617519,35.0479364395142
1.532125230012,0.807144408950525,35.0590660572052
1.53248214939924,0.806893479446833,35.070182800293
1.53284882043271,0.806639564112412,35.0813248157501
1.5332261457791,0.806384671516907,35.0923881530762
1.53356979440627,0.806141871313525,35.1035218238831
1.53388337935827,0.805910291149423,35.1147167682648
1.5341970894532,0.805681131953679,35.1259021759033
1.53450189318026,0.80543753937397,35.1369752883911
1.53482083718142,0.805166287583759,35.1481020450592
1.53516833128985,0.804874251929276,35.159197807312
1.53547546967857,0.804639872650192,35.1702466011047
1.53577370642417,0.804409085164203,35.1813876628876
1.53606984178843,0.804175784652209,35.1924345493317
1.53636917643488,0.803940355807918,35.2035274505615
1.53667414810105,0.803702679183333,35.2146437168121
1.53698586828898,0.803462821371565,35.2256982326508
1.53730491324315,0.803220803228867,35.2368540763855
1.53763173727586,0.802976528667063,35.2479777336121
1.53796679496927,0.802729893192827,35.2590448856354
1.53831054702511,0.802480751573947,35.2701902389526
1.53866351093213,0.802228924396011,35.2813405990601
1.53902623749985,0.801974204435695,35.2924025058746
1.5393993728015,0.801716362196864,35.3035299777985
1.53978361759204,0.801455136792947,35.3147222995758
1.54017973611002,0.801190230290684,35.3257999420166
1.540536563778,0.800944470624474,35.3368747234344
1.54084079176546,0.800719957106949,35.3480248451233
1.54113033161117,0.800492386152012,35.3591005802155
1.5414177794801,0.800261685354397,35.3702018260956
1.54170878752414,0.800028108243366,35.381373167038
1.54200536378412,0.799792261836878,35.3924267292023
1.5423083839801,0.799554370189376,35.4035263061523
1.54261844722441,0.799314365683436,35.4146590232849
1.542935999115,0.799072177647193,35.4257984161377
1.54326126348505,0.798827778069201,35.4368762969971
1.54359482964906,0.798581077026964,35.4480092525482
1.54393733632907,0.798331918334962,35.4591767787933
1.54428916546369,0.798080109212698,35.4702417850494
1.54465083818215,0.797825443389668,35.4813780784607
1.54502295494224,0.797567688745828,35.4923791885376
1.54540619399622,0.797306584947586,35.5035030841827
1.54580130875077,0.797041836996264,35.5146813392639
1.54615595917568,0.796797187153151,35.5260059833527
1.54645941080658,0.79657134777562,35.5372698307037
1.5467478768417,0.796343104407312,35.5482280254364
1.54703440818667,0.796111719777816,35.559264421463
1.54732343769562,0.795877847597545,35.5703220367432
1.54761807527634,0.795641948422659,35.5814137458801
1.54791967860629,0.795404020942056,35.5924470424652
1.5482284545143,0.795164041969741,35.6035139560699
1.54854471213885,0.794921938421498,35.6146273612976
1.54886883745755,0.794677610302442,35.6257178783417
1.54920111400091,0.794431043406224,35.6368360519409
1.54954216826287,0.794181950755586,35.6479725837708
1.54989248007877,0.793930230317499,35.6590807437897
1.55025259988407,0.793675694781822,35.6701922416687
1.55062314268044,0.793418116785333,35.6813352108002
1.5510047831853,0.79315723778672,35.692366361618
1.55139826888231,0.79289276601132,35.7035143375397
1.55177376917044,0.79264824895277,35.7147028446197
1.5520950042926,0.792428119287668,35.7257936000824
1.5523894407999,0.792200138148418,35.7368972301483
1.55267769561003,0.791968494460226,35.7480509281158
1.5529674794637,0.791734408890003,35.7592360973358
1.5532619022965,0.791498240902648,35.7703244686127
1.55356264188612,0.791259854857791,35.7814276218414
1.55387020090133,0.791019434750768,35.7924404144287
1.55418483153855,0.790776937383391,35.8035235404968
1.55450787997012,0.790532307751505,35.8146238327026
1.55483945692361,0.790285388351685,35.8257055282593
1.55517988272362,0.790036059088461,35.8368678092957
1.55552961818964,0.789784143272216,35.8479835987091
1.55588921359295,0.789529435651806,35.8590528964996
1.55625928918825,0.789271705926591,35.8701677322388
1.55664051830973,0.789010693636521,35.8812823295593
1.55700205050921,0.78877112021289,35.8923099040985
1.5573622395516,0.788531088191974,35.9034240245819
1.55767263809073,0.788313286465606,35.9144949913025
1.55795968202926,0.788086120387274,35.9256224632263
1.55824153786676,0.787854863134106,35.9368138313293
1.55852554806243,0.787621055511816,35.9479899406433
1.55881548738588,0.78738527151097,35.9590828418732
1.55911206574985,0.787147493013499,35.9702150821686
1.55941569894312,0.786907728532957,35.9813692569733
1.55972673917106,0.786665939234094,35.9924273490906
1.56004553248217,0.786422043350901,36.003523349762
1.56037250674177,0.786175903524201,36.0146944522858
1.56070811174747,0.785927395490635,36.0258767604828
1.56105282816839,0.785676398566076,36.0369505882263
1.56140719676785,0.785422727679616,36.0480692386627
1.56177181808048,0.785166163165254,36.0591714382172
1.56214735009605,0.784906457457879,36.0702075958252
1.56250373975337,0.784667789900601,36.0813367366791
1.56285823226897,0.78442884800413,36.0923447608948
1.56321729906564,0.784186894090191,36.1035144329071
1.56352853279482,0.783967786487675,36.1146821975708
1.56381634095667,0.783739049849611,36.1257855892181
1.56410030379506,0.783506491487542,36.1368768215179
1.56438759921547,0.783271502970774,36.148015499115
1.56468068084222,0.783034292953095,36.1591114997864
1.56498060942621,0.782794948253403,36.1701912879944
1.56528783691036,0.782553578514835,36.1813282966614
1.56560276783786,0.782310113428937,36.1923491954803
1.56592580863064,0.782064468782071,36.2034845352173
1.5662574131028,0.781816499662389,36.2146501541138
1.56659805839236,0.781566069908188,36.2259101867676
1.56694825484126,0.781313047000355,36.2369921207428
1.56730857548861,0.781057228929376,36.2480492591858
1.56767965662422,0.780798376895509,36.2591109275818
1.56803206050997,0.780560113837384,36.2702310085297
1.56838187379782,0.780321976389007,36.2813775539398
1.56873584578971,0.780081054510691,36.292417049408
1.5690971433489,0.779837267498548,36.303510427475
1.56946725906459,0.779594586996461,36.3146421909332
1.56980146322319,0.779363570753673,36.325724363327
1.57010856106833,0.779138053428499,36.3368632793426
1.57041049059474,0.77890646391415,36.3479785919189
1.57071451836411,0.77867279762295,36.3590848445892
1.57102277872258,0.778439453716966,36.3702034950256
1.57133641860979,0.778206840832684,36.3813631534576
1.57164637996188,0.777987010195374,36.3924081325531
1.57195475514131,0.777737141249046,36.4035151004791
1.57229573433119,0.777458341347038,36.4146525859833
1.5726611834841,0.777156167651593,36.4257183074951
1.57304402414481,0.776858907856869,36.4368584156036
1.57339805684142,0.776611630601828,36.4480490684509
1.57374751387548,0.776338437944606,36.4591290950775
1.5740951640729,0.776097307765948,36.4702279567719
1.57444313826489,0.775856121507139,36.4813899993896
1.57479666690196,0.775612706001477,36.4924283027649
1.57515825482094,0.775366673699682,36.5035290718079
1.57552934579549,0.775121000446819,36.5147354602814
1.57586399708357,0.774888200856835,36.525904417038
1.5761739346498,0.774657487184415,36.5370488166809
1.57647377807839,0.774430714369306,36.5481929779053
1.57675184359036,0.774220975520481,36.559241771698
1.57702210000268,0.773989813650967,36.5703082084656
1.57729249203639,0.773758687588191,36.5814650058746
1.5775879969359,0.773512888915627,36.5925786495209
1.57790266703954,0.773263513167755,36.6036508083344
1.57822811718517,0.773011644709764,36.6147916316986
1.57853358184252,0.77278282593459,36.6259078979492
1.57883564686072,0.772553271877634,36.6370456218719
1.57914058952839,0.772321123646278,36.6481437683105
1.57945121729728,0.772086708413783,36.6592028141022
1.57976871358793,0.771850183130524,36.6702802181244
1.58009380644423,0.771611500332816,36.6814069747925
1.58042699323902,0.771370611242621,36.6924555301666
1.58076875005442,0.771127434392439,36.7035293579102
1.58111958399386,0.770881821497021,36.7146997451782
1.58148004264199,0.770633600986687,36.7259268760681
1.5818507104446,0.770382566887662,36.7370872497559
1.5822322734614,0.770128490788973,36.7482142448425
1.58262537836003,0.769871161071783,36.7592401504517
1.58297794322244,0.76963271431871,36.7703177928925
1.58330885209684,0.769387160441803,36.7814571857452
1.58363665398837,0.769137775929822,36.792555809021
1.58393905437724,0.768910595680779,36.8035938739777
1.58423592019195,0.768682380681971,36.8146979808807
1.58453470273149,0.76845153431237,36.825852394104
1.58483856165644,0.76821844897478,36.8369522094727
1.58514834159031,0.767983285340508,36.8480525016785
1.58546589623299,0.767746076709207,36.8591582775116
1.5857914545849,0.767506774877257,36.8702294826508
1.5861253175702,0.767265334928197,36.8813769817352
1.5864679051542,0.767021619852771,36.8924469947815
1.58681970418496,0.766775474886378,36.9035294055939
1.5871812760073,0.766526716085686,36.9146637916565
1.58755321998012,0.766275141911258,36.925767660141
1.58793599333265,0.766020621294163,36.9368710517883
1.58833063161172,0.765762682190105,36.9480574131012
1.5886847269529,0.765523795427606,36.9591557979584
1.58898563364125,0.765305117182973,36.9702794551849
1.5892712204513,0.765082638613855,36.9814403057098
1.58955513580438,0.764856258250414,36.9925396442413
1.58984207118842,0.764627220414119,37.0036544799805
1.59013419252034,0.764396108718369,37.0148513317108
1.59043337088716,0.764163212000646,37.0259275436401
1.5907397962155,0.763928389855494,37.0370926856995
1.59105366935737,0.76369162818957,37.0481686592102
1.59137530478817,0.763452858978514,37.0591795444489
1.59170507262641,0.763212018031602,37.0702421665192
1.59204336907275,0.762969010868463,37.0814116001129
1.59239067314156,0.76272368264717,37.0924961566925
1.59274752602227,0.762475855527538,37.1035509109497
1.59311452402011,0.762225329721936,37.1146924495697
1.59349231077681,0.761971878810337,37.1258234977722
1.59388159672017,0.761715248129525,37.1368818283081
1.594283163103,0.761455148128977,37.1480324268341
1.59461188712742,0.761241642425028,37.1591432094574
1.59490747183656,0.761019704598536,37.1702287197113
1.59519411393516,0.760793488507238,37.1814062595367
1.59548092092165,0.760564833976274,37.1924946308136
1.5957720682253,0.760333870934328,37.2035520076752
1.59606832139517,0.760100885270456,37.2147281169891
1.59637187752401,0.759866156147535,37.2259063720703
1.59668306360948,0.759629569676139,37.2370209693909
1.59700205840315,0.759391039340808,37.2481679916382
1.59732917248482,0.759150466569125,37.2592175006866
1.59766477780128,0.758907765177262,37.2703258991241
1.5980093294273,0.7586628025759,37.2814848423004
1.59836335168495,0.758415405686578,37.2926187515259
1.5987274280037,0.758165378803393,37.3036830425262
1.59910219398318,0.75791250125222,37.3147847652435
1.59948834161231,0.757656523851959,37.3258843421936
1.59988663407318,0.757397164959135,37.3369452953339
1.60026761625812,0.75715663183068,37.3480820655823
1.60059395921115,0.756938687499961,37.3591721057892
1.60089265718725,0.75671307688347,37.3702282905579
1.60118467065994,0.756484009670082,37.3814420700073
1.60147807669105,0.756252646077715,37.3925130367279
1.60177625664003,0.756019292689044,37.4035797119141
1.60208076756079,0.755784021004335,37.4147140979767
1.60239237232339,0.755546901789216,37.4258155822754
1.60271158519164,0.755307846083016,37.4369184970856
1.60303856533661,0.7550667260235,37.4480562210083
1.60337454974812,0.754823521961887,37.4591581821442
1.60371982162667,0.754578024532998,37.4702877998352
1.60407483260918,0.754330053348862,37.4814295768738
1.60444010505974,0.754079432722927,37.492463350296
1.60481625735051,0.753825939324041,37.5035421848297
1.605203977811,0.753569317865682,37.5146350860596
1.60557342570188,0.753332331916344,37.5257189273834
1.60594097358898,0.753095091221795,37.5368671417236
1.60625909479167,0.752877905943957,37.5480091571808
1.60655305159635,0.752652176924977,37.5591015815735
1.60684193159081,0.752422920154219,37.5702533721924
1.60713295804333,0.75219132935315,37.5814311504364
1.60742825606991,0.751957670813174,37.5924823284149
1.60773034621156,0.751722290695108,37.6035649776459
1.60804013592276,0.751485135874238,37.6146903038025
1.6083578461105,0.751246051702672,37.6258082389832
1.60868386180161,0.751004897001079,37.6368935108185
1.60901856917506,0.750761588693348,37.6480164527893
1.60936240658828,0.750516024402088,37.6590807437897
1.60971588491505,0.750268051311999,37.6702213287354
1.61007958334427,0.750017470740081,37.6814393997192
1.61045414378905,0.749764057635202,37.6924993991852
1.61080874748709,0.749531842396842,37.7035655975342
1.61116127706108,0.749298520931517,37.7147433757782
1.61151797028782,0.749062346819797,37.7258312702179
1.61188191401366,0.748826175887945,37.7369265556335
1.61220598742676,0.748602889240923,37.7480762004852
1.61250195283772,0.748385360664338,37.7591893672943
1.61279330348116,0.748162955736556,37.770281791687
1.61308698699315,0.747938869293769,37.781445980072
1.61337415413612,0.747728592392032,37.7925133705139
1.61365023347948,0.747517947872639,37.8035943508148
1.61392337462054,0.747298829582314,37.8147733211517
1.61419794802465,0.747078662945418,37.8259379863739
1.61449782383512,0.746839700126827,37.8370065689087
1.61481607992694,0.746597100609356,37.8481392860413
1.61514556380444,0.746352450043177,37.859194278717
1.61550121646119,0.746087149795455,37.87024974823
1.61587019127591,0.745816729953831,37.8814029693604
1.61620976581185,0.745584299935142,37.8924248218536
1.61654223933024,0.745354154542037,37.9035272598267
1.61687634792342,0.745121900246929,37.914703130722
1.61721616659799,0.744887358240012,37.9258337020874
1.61756365872356,0.744650522567343,37.9369151592255
1.61791989532354,0.744411339831221,37.9480812549591
1.61828555639028,0.744171453232162,37.9591882228851
1.61865720284663,0.743937631480174,37.9703104496002
1.61899624461851,0.743708727043683,37.9814610481262
1.61930973818876,0.743482378569138,37.992595911026
1.61961610159837,0.743257369539916,38.003653049469
1.61990045781397,0.743058034714209,38.0148355960846
1.6201876993355,0.74282304208108,38.025970697403
1.62049626614766,0.742571930231935,38.0371105670929
1.62082668457167,0.742303372635953,38.0481679439545
1.62118431614224,0.742052250930333,38.0592379570007
1.62156855889645,0.741789650685161,38.0702826976776
1.62196636390739,0.74151550216741,38.0814034938812
1.62231627485865,0.74128035091428,38.0924298763275
1.62265098456561,0.741049388708061,38.1035463809967
1.62298360987697,0.740816874277115,38.1146950721741
1.62332022444847,0.740582341147654,38.1257948875427
1.62366369429077,0.740345659566663,38.1369435787201
1.62401548219535,0.74010677079311,38.1480805873871
1.62437653468224,0.739865539865273,38.1591832637787
1.62474761015732,0.739621800033878,38.1702587604523
1.62512940449015,0.739375342773996,38.1814918518066
1.62546774149251,0.73914896143178,38.1925475597382
1.62578302439473,0.738913746845714,38.203724861145
1.62609530316545,0.738674729541044,38.2150559425354
1.62641205835953,0.738433046414892,38.2260828018188
1.62673628010808,0.738188948442396,38.2372589111328
1.62703777295636,0.737968525414604,38.2482442855835
1.62733533743843,0.737746016788345,38.259251832962
1.62763572801964,0.737520388470572,38.2702882289886
1.62794179457011,0.737292430591039,38.2813975811005
1.6282545714051,0.737062504825184,38.2924325466156
1.62857480960822,0.736830618273672,38.3035449981689
1.62890313329137,0.736596707049629,38.3146681785583
1.62923988973337,0.736360794608321,38.325747013092
1.62958550653319,0.736122803201964,38.3368737697601
1.62994046283714,0.735882602002959,38.34801030159
1.63030527413795,0.735640023496313,38.3590879440308
1.63068055953882,0.735394878377088,38.3701951503754
1.63106699675291,0.735146948904729,38.3813395500183
1.63146532274919,0.73489598280028,38.3923993110657
1.63182428574813,0.734661756355024,38.4035310745239
1.63216111770031,0.734420965327954,38.4146733283997
1.63246274400927,0.734203159260679,38.4258153438568
1.63275570175297,0.733982103941654,38.4369142055511
1.63304919136252,0.733757976810676,38.4480619430542
1.63334738920805,0.733531412525244,38.4591660499573
1.63365182726166,0.733302911730515,38.4702758789062
1.6339632835556,0.733072600455818,38.4814066886902
1.63428232151707,0.732840437507782,38.4924492835999
1.63460935236819,0.732606405470416,38.5035526752472
1.63494473564586,0.73237047104382,38.5146954059601
1.63528888357331,0.73213250920312,38.5258090496063
1.63564252730985,0.731892381732887,38.5369648933411
1.63600608976194,0.731649910802369,38.5481388568878
1.63638014358486,0.731404905724313,38.5591967105865
1.63676534380682,0.731157151018199,38.5702562332153
1.63716241937769,0.730906400432416,38.5813972949982
1.6375191733644,0.730673155814186,38.5924282073975
1.63785405440068,0.730432613715933,38.6035108566284
1.63815497010154,0.730213542386672,38.6146974563599
1.6384470529156,0.729991759892342,38.6258540153503
1.63873957684893,0.729767149334483,38.636937379837
1.63903619106932,0.729540365876547,38.6481084823608
1.63933849757871,0.729311798756049,38.6591958999634
1.63964819090114,0.729081562015556,38.6702401638031
1.63996562040011,0.728849482524301,38.6813817024231
1.64029117212996,0.728615492134936,38.6924257278442
1.64062514979503,0.728379610854322,38.7035415172577
1.64096793289143,0.728141742569612,38.7146499156952
1.64132000062777,0.727901740775381,38.7257046699524
1.64168190174128,0.727659438002169,38.7368409633636
1.64205423944997,0.727414644777708,38.7479295730591
1.64243767252417,0.727167146796991,38.7590003013611
1.64283292746121,0.726916701565485,38.7701497077942
1.64318575455608,0.726685653874566,38.7812764644623
1.64348521846573,0.726471744971826,38.7923359870911
1.64376911980139,0.726253107611971,38.8035182952881
1.64405088990109,0.726031189152657,38.814653635025
1.64433640741251,0.725806810185965,38.8257143497467
1.6446275953417,0.725580563492009,38.8369007110596
1.64492527697457,0.725352622589586,38.8480417728424
1.64522997499413,0.725122976542194,38.8590972423553
1.64554203239368,0.724891636792736,38.8702006340027
1.64586181947913,0.724658552876282,38.8813583850861
1.64618974842701,0.724423640343963,38.8924224376678
1.64652621324482,0.724186832498913,38.9035470485687
1.64687167475739,0.723948011151576,38.9146997928619
1.64722665600398,0.723707020215853,38.9258086681366
1.64759173547444,0.723463683100385,38.9369068145752
1.64796754229419,0.723217800441593,38.9480197429657
1.64835475869802,0.722969146484193,38.9591019153595
1.64875413628721,0.722717465837306,38.9702060222626
1.64913554201853,0.722484428433314,38.9814536571503
1.64946188326417,0.722271713147531,38.9925742149353
1.64976026016288,0.722050822119913,39.003612279892
1.65005165801832,0.721826606289141,39.014749288559
1.65034426489969,0.721600259034062,39.0259258747101
1.65064145296014,0.721372151021474,39.0370025634766
1.65094490020561,0.721142307646302,39.0481157302856
1.6512551776698,0.72091071064182,39.0591979026794
1.65157311542899,0.720677419325467,39.070271730423
1.65189967647886,0.720442365803243,39.0814316272736
1.65223501902777,0.720205422104101,39.0924932956696
1.65257948284016,0.71996648820338,39.1035549640655
1.65293353746435,0.719725410000368,39.1147046089172
1.65329773756127,0.71948200989192,39.1258068084717
1.65367270594732,0.71923608832886,39.1368908882141
1.65405911707689,0.718987418762549,39.1479866504669
1.65445771716458,0.718735745767947,39.1590764522552
1.6548391907355,0.718501982681054,39.1701743602753
1.65516374247568,0.718290206750132,39.1813495159149
1.65546028400674,0.718069359860962,39.192394733429
1.65574999739662,0.717844962371057,39.2035002708435
1.65604027531176,0.717618323015415,39.2146589756012
1.65633533686451,0.717389920291964,39.2258384227753
1.65663741864463,0.717159944616737,39.2369668483734
1.65694695206895,0.716928316254397,39.2481088638306
1.65726426988366,0.716695003892047,39.2592124938965
1.65758976810773,0.716459904814515,39.2702596187592
1.65792390476091,0.716222899202308,39.2814214229584
1.65826714161886,0.715983895116662,39.2925074100494
1.65861999238815,0.715742765377554,39.3035669326782
1.65898303193294,0.715499334079128,39.3146603107452
1.65935685471153,0.715253419660915,39.3257963657379
1.65974188144472,0.715004912531585,39.3369085788727
1.66010859684829,0.714775278153125,39.348052740097
1.66047264966971,0.714544942953334,39.3591442108154
1.66084106451494,0.714311984366816,39.370240688324
1.66116299945466,0.714097191844744,39.3813924789429
1.66146168339697,0.713874070792669,39.3924450874329
1.66175560501398,0.713647692763199,39.4035975933075
1.66205187436528,0.713419200312992,39.4147305488586
1.66235239425533,0.713188833848136,39.4257326126099
1.66266066225718,0.712956956457505,39.4368619918823
1.66297695354378,0.712723388000666,39.4480125904083
1.66330156377418,0.712488051841645,39.4591178894043
1.66363491077515,0.712250821515041,39.4702119827271
1.66397746311914,0.712011579150488,39.4814131259918
1.66432969739057,0.711770228075095,39.4924492835999
1.66469206903367,0.711526647935186,39.5035560131073
1.66506535601015,0.711280536202028,39.5147314071655
1.66541894918151,0.711054614620797,39.5258474349976
1.66576964062705,0.710827302521715,39.5369420051575
1.66612424861766,0.710597297695281,39.548054933548
1.66648614171816,0.710364825697489,39.5591588020325
1.66685622559725,0.710134443285003,39.5702359676361
1.66718995378305,0.709915365691076,39.5814964771271
1.6674998543906,0.70969336722043,39.5926225185394
1.66780355187833,0.70947172496199,39.6038219928741
1.66810814285607,0.709248228066055,39.6149406433105
1.66841684693166,0.709025458683987,39.6260612010956
1.66871594537232,0.708820999783684,39.6372504234314
1.66901293461546,0.708582581588403,39.6482770442963
1.66931185321994,0.708338407266912,39.6593101024628
1.66961917156147,0.70808491231041,39.6703567504883
1.6699698731875,0.707821410891132,39.6814620494843
1.67033959115297,0.707558212707334,39.6925318241119
1.67071813068917,0.707293612082006,39.7035660743713
1.67106593219004,0.70706516599502,39.7147419452667
1.67140452723847,0.706839074676254,39.7259435653687
1.67174389328488,0.706611084019883,39.7370676994324
1.67208868873631,0.706381022410079,39.7481579780579
1.67244116959536,0.70614891088293,39.7591898441315
1.67280260258164,0.705914667143183,39.7702617645264
1.67317379362084,0.705678296659911,39.7814128398895
1.67355530950217,0.7054428861964,39.7924966812134
1.67390340398262,0.705217486077295,39.8035638332367
1.67422408858644,0.704996800201423,39.8146796226501
1.67453656757181,0.704776625163619,39.8258137702942
1.67484896246335,0.704557520496589,39.8368887901306
1.67515900546489,0.704345716247767,39.8481969833374
1.67546947151824,0.704096388654001,39.8592438697815
1.67579995824715,0.703831874211169,39.8703629970551
1.67611082433851,0.703597463929394,39.8815660476685
1.67642018114035,0.70333740641418,39.8926734924316
1.67673449305353,0.703077050821256,39.9040772914886
1.67704343375525,0.702882008322747,39.9150891304016
1.67735038551973,0.702646499753731,39.9261879920959
1.67767502337113,0.702417862570568,39.9374043941498
1.67801107737377,0.702187108075752,39.9484715461731
1.67835698876605,0.701954537134885,39.959570646286
1.67871270305958,0.701719941282568,39.9707622528076
1.6790785465331,0.701483160073492,39.9818654060364
1.67945489740252,0.701245477790048,39.9930248260498
1.67984276456188,0.70100592799007,40.0041444301605
1.68020008916455,0.700774424931075,40.0151116847992
1.68052541160853,0.700555344401654,40.0262370109558
1.68083982658352,0.700337907093222,40.037424325943
1.68114888402336,0.700126299785049,40.0483648777008
1.68145843974173,0.699873174231261,40.059380531311
1.68175054836266,0.699668322930602,40.070689201355
1.68201850675359,0.699461113766463,40.081782579422
1.68229782496288,0.699241455868444,40.0928761959076
1.68258962898585,0.699018666228506,40.1042699813843
1.68288874188067,0.698794084734115,40.115339756012
1.68319511047668,0.698567960990392,40.1263649463654
1.68350901580319,0.69834024252486,40.1375217437744
1.68383073515124,0.698110910534424,40.1486532688141
1.68416061304771,0.697879917647848,40.1597661972046
1.68449907311787,0.697647153768712,40.1708407402039
1.68484656690173,0.697412502307353,40.1817986965179
1.6852036091923,0.697175817962915,40.1929211616516
1.68557077000736,0.696936936003175,40.2041082382202
1.68594867533352,0.696695670620685,40.2151639461517
1.68633801126071,0.696451811259843,40.2262260913849
1.68673950899858,0.69620511589812,40.2374212741852
1.68710074283436,0.695975052233014,40.2483909130096
1.68740901079229,0.695762126411132,40.2595596313477
1.68770052603257,0.695544735089556,40.2708251476288
1.68798919404495,0.69532423371565,40.2817680835724
1.68827961837637,0.695101566269031,40.292845249176
1.68857593925007,0.694877491993669,40.3039937019348
1.688879409497,0.694651663184322,40.3149580955505
1.6891903290883,0.69442424898265,40.3260374069214
1.6895090069013,0.694195209903546,40.3372690677643
1.68983581633184,0.693964496864353,40.3482398986816
1.69017113186006,0.693732053166604,40.3592875003815
1.69051538851593,0.693497781377202,40.3705241680145
1.69086909051305,0.693261540371831,40.3815414905548
1.69123279937725,0.693023169704531,40.3927819728851
1.69160712933163,0.692782488447494,40.4039459228516
1.69199274273123,0.692539290995907,40.4150218963623
1.69239036937699,0.69229334505015,40.4260830879211
1.69276828251202,0.692066765013523,40.4375131130219
1.69309094864281,0.691858989822135,40.4486420154572
1.6933857909813,0.691642175943932,40.4597532749176
1.69367382748295,0.691421866478692,40.4709253311157
1.69396314707729,0.691199418906992,40.4819362163544
1.69425668406273,0.690975249624875,40.493102312088
1.69455609437592,0.69074953140515,40.5044293403626
1.6948632161645,0.690522360689434,40.5154497623444
1.69517814073609,0.690293673337905,40.5265638828278
1.69550114121637,0.69006337204169,40.5375807285309
1.69583257525883,0.689831367711815,40.5485775470734
1.6961728484672,0.689597582009448,40.5596060752869
1.69652243395092,0.689361899386893,40.5707669258118
1.69688186931202,0.689124165713802,40.581903219223
1.69725174954169,0.688884206387726,40.5930180549622
1.69763272163984,0.68864182405047,40.6040937900543
1.69802548772253,0.688396794934283,40.6150569915772
1.69839920489892,0.688170737818542,40.6264634132385
1.69877086322355,0.687943286572037,40.6381638050079
1.69909326719339,0.687732561572774,40.6498861312866
1.69939058293661,0.687513801755332,40.6613461971283
1.69968234871629,0.687291834704249,40.6742222309113
1.69997610603012,0.687067811527375,40.685985326767
1.7002747210259,0.686842148205121,40.6975193023682
1.70057920905365,0.686614920401235,40.7092881202698
1.70089181272721,0.686386261442453,40.7221283912659
1.70121261282402,0.686156045935944,40.7350838184357
1.70154188905501,0.685924156872479,40.7460329532623
1.70188003039032,0.68569049355865,40.7579956054687
1.70222748092908,0.685454964811804,40.7709710597992
1.70258475681188,0.685217428431898,40.7826683521271
1.70295243861734,0.684977711807953,40.7936766147614
1.70333116704927,0.684735620100232,40.8046550750732
1.70372163247876,0.684490932119037,40.8174154758453
1.7040939226288,0.684264460378342,40.8282678127289
1.70446339596771,0.684037150108114,40.8396894931793
1.70478162756506,0.683828797130305,40.8521721363068
1.70507390861932,0.683610526203796,40.8631513118744
1.70536085372493,0.683388972638619,40.8751556873322
1.7056505573951,0.683165399319522,40.88694024086
1.70594581437921,0.682940139083224,40.8986792564392
1.7062478427416,0.682713317988629,40.909854888916
1.70655728729315,0.682484973489467,40.9217474460602
1.70687460253677,0.682255058200156,40.9336941242218
1.70720020724015,0.682023511656015,40.9446520805359
1.70753457095777,0.681790217697759,40.9557092189789
1.70787818081464,0.681555068766098,40.9676580429077
1.70823145278493,0.681318003527839,40.9785969257355
1.70859503205239,0.681078807188492,40.9900770187378
1.70896954940575,0.680837302689003,41.0026907920837
1.70932394443112,0.680615821596047,41.0141286849976
1.70967538775432,0.680392385283776,41.0263681411743
1.71003067631176,0.680166296845045,41.0381104946137
1.71039312082918,0.679937931075982,41.0494589805603
1.7107636026194,0.679712043422812,41.0609314441681
1.71110439869258,0.679490092823207,41.0723478794098
1.71141578308468,0.67927963510877,41.0836415290833
1.7117217370085,0.679061044998745,41.0949416160584
1.71202790088559,0.678842153199793,41.1062545776367
1.71233812714596,0.678623276172857,41.1184825897217
1.71264354062379,0.678417260153898,41.1294932365418
1.71294349019995,0.678186574917536,41.1409416198731
1.71324770686288,0.677939845288458,41.1540167331696
1.71356215053105,0.677683649900188,41.165708065033
1.71391498243046,0.677424108356782,41.1772820949554
1.71427816165674,0.677163431392248,41.1886949539185
1.7146135884424,0.676942162427075,41.2000031471252
1.71494185239186,0.676721536909593,41.2112972736359
1.71527137420365,0.676498838271912,41.2225358486176
1.71560668498248,0.676274039094772,41.2345249652863
1.71594958264201,0.676047341658399,41.2456312179565
1.71630114654949,0.675818713893409,41.257132768631
1.71666206136545,0.675588095501609,41.2704067230225
1.71703275327956,0.675356615583612,41.282062292099
1.71740994668417,0.67513124140169,41.2937388420105
1.71775575996723,0.674908082823049,41.3057961463928
1.71807478934918,0.674690022661689,41.3179967403412
1.71838640149379,0.674473109357213,41.3290195465088
1.71867713422616,0.67427982651216,41.340457201004
1.71897235670293,0.674033845922961,41.3526060581207
1.71927674321652,0.673778184631932,41.3639388084412
1.71959348758441,0.673510815717096,41.3754994869232
1.71992711963418,0.673271658063839,41.3867454528809
1.72024007560291,0.673056303738248,41.3978269100189
1.72054740588342,0.672837970386306,41.4093453884125
1.72085663548925,0.672617026491843,41.4206733703613
1.72117126953964,0.672394146438102,41.4321644306183
1.72149279010707,0.672169564620313,41.4432964324951
1.72182189504213,0.671943334253157,41.4547307491303
1.72215953342935,0.671715243210365,41.4663071632385
1.72250610085079,0.671485359621143,41.4783267974854
1.72286204490653,0.671253576587695,41.4925937652588
1.72322789595692,0.671019769924973,41.5058734416962
1.72360425158602,0.670783776670337,41.5199570655823
1.72399168175876,0.670545855524892,41.5319542884827
1.72433583845267,0.670325831889768,41.5435698032379
1.7246570728985,0.670096652643042,41.5555672645569
1.72497541804273,0.669863929916878,41.5692887306213
1.72529810349188,0.669628827284122,41.58065366745
1.72559625276238,0.669416762731845,41.591724395752
1.72588935666392,0.669201284039773,41.6028392314911
1.72618496219744,0.668982715634371,41.6140666007996
1.72648615322153,0.668762055247479,41.6252369880676
1.72679409686454,0.668539678895854,41.6364159584045
1.72710940573563,0.668315694851925,41.6476888656616
1.72743256289943,0.668090077861284,41.658881187439
1.72776393921648,0.667862833393572,41.6701409816742
1.72810393695085,0.667633920802854,41.6815013885498
1.72845302262438,0.667403227922014,41.6930265426636
1.72881169842364,0.667170632995408,41.704962015152
1.72918050117762,0.666935980783576,41.7162668704987
1.72956006004777,0.666699099533256,41.7278428077698
1.72995106077403,0.666459792292025,41.739554643631
1.73035425113116,0.666217832578685,41.7535684108734
1.73071808017899,0.665990856504298,41.7654511928558
1.73105968127414,0.665757146633709,41.7766568660736
1.73136651031697,0.665544136710839,41.7885940074921
1.73166350770039,0.665327699213325,41.8005928993225
1.73196051165169,0.665108577614685,41.8116431236267
1.73226179800895,0.664887532360666,41.8229022026062
1.73256914675624,0.664664919776234,41.8349273204804
1.73288328460073,0.664440784751411,41.8460140228271
1.73320511932148,0.664214954475561,41.857620716095
1.73353562705351,0.663987557729236,41.870715379715
1.73387498322748,0.663758515422408,41.8827283382416
1.73422352257969,0.663527724701057,41.8944973945618
1.73458171270462,0.663295050151971,41.9059073925018
1.73495010571906,0.663060337861853,41.9181649684906
1.73532931104201,0.662823412289673,41.9291703701019
1.73571998098666,0.662584072682292,41.9406161308289
1.73612287258101,0.662342095588255,41.9536848068237
1.73648569692135,0.662115705123129,41.9653789997101
1.73679489812417,0.661906530719398,41.9768083095551
1.73708702902867,0.661692202954751,41.9886281490326
1.73737602201938,0.661474792478394,41.999849319458
1.73766698120209,0.661255375685419,42.0111074447632
1.73796351993446,0.661034233228196,42.0222158432007
1.73826729614969,0.660811692477455,42.0339338779449
1.73857858143299,0.660587699183838,42.0452427864075
1.73889767854754,0.660362190509297,42.0569086074829
1.7392249410203,0.660135140148465,42.069972038269
1.73956074586741,0.659906493082961,42.0811543464661
1.73990551896652,0.659676160495583,42.0930156707764
1.7402597579795,0.659444011465586,42.1048922538757
1.74062401839724,0.65920989690894,42.116304397583
1.74099890813856,0.658973648523247,42.127804517746
1.74138508240947,0.658735074664192,42.1388428211212
1.7417832628167,0.658493958610334,42.1503779888153
1.74219424153941,0.65825005255958,42.1614835262299
1.74253314406097,0.658045735912932,42.1726109981537
1.74283651932504,0.657832164223136,42.1845967769623
1.74312945916659,0.65761481585422,42.1955885887146
1.74342210139141,0.657395338073347,42.2071349620819
1.74371870196584,0.657174247641396,42.2202022075653
1.74402082044264,0.656951633054206,42.2318861484528
1.74432961072289,0.656727594854516,42.2432599067688
1.74464668393158,0.65650208568061,42.2550601959229
1.7449721488922,0.656275057844253,42.2662587165833
1.74530625243219,0.656046446701845,42.2778782844543
1.74564936219839,0.655816176906246,42.2889275550842
1.74600194408529,0.655584124810065,42.3005068302155
1.74636453667345,0.65535014197596,42.3116126060486
1.74673773951548,0.655114061097622,42.3229215145111
1.74712220236544,0.654875692159173,42.3348603248596
1.74751863615311,0.654634819956441,42.3459348678589
1.74789604115472,0.654412366030995,42.3573784828186
1.74821548400649,0.654209499863253,42.3704271316528
1.74850517383767,0.653996106165717,42.3820140361786
1.74878876796345,0.653779316327669,42.3934652805328
1.7490743091178,0.653560369466821,42.4051578044891
1.74936495457412,0.65333979133776,42.4164090156555
1.74966204120551,0.653117745528648,42.4281120300293
1.74996619878449,0.652894296285808,42.4400110244751
1.75027790185052,0.652669440013109,42.4526541233063
1.75059751309821,0.652443153648411,42.4640963077545
1.75092543470235,0.652215349393368,42.4764568805695
1.75126211202584,0.651985930551145,42.4882762432098
1.75160800030942,0.651754817154403,42.49942278862
1.7519636086219,0.651521887839641,42.5105330944061
1.75232950465909,0.651286986155665,42.5219922065735
1.752706312493,0.651049934939818,42.5338280200958
1.75309470643629,0.650810533324914,42.5447981357574
1.7534637872599,0.650589789448,42.5561487674713
1.75383018253337,0.650367292465088,42.5682678222656
1.75420035347264,0.650143777957858,42.5791914463043
1.75451931059481,0.649939785715262,42.5910096168518
1.75481598102049,0.649734213800943,42.6027297973633
1.75510812965163,0.649522622570329,42.6139552593231
1.75540290887986,0.649309420724912,42.6254091262817
1.75570338084233,0.649094745275302,42.636684179306
1.75599058040167,0.648903321709849,42.6478953361511
1.75627569806009,0.648683983770651,42.6590468883514
1.7565617374201,0.648464032998787,42.6701965332031
1.75685110634133,0.648238869111152,42.6813435554504
1.75716578745244,0.648009866206324,42.692346572876
1.75749709656289,0.647778814044237,42.703489780426
1.75784010196157,0.647546183673058,42.7148003578186
1.75820836009359,0.647292069772578,42.7261574268341
1.75859106332232,0.647034493255178,42.7377760410309
1.75894548325819,0.646813550902751,42.7491557598114
1.75929276915644,0.646593431102134,42.7605948448181
1.75964178571415,0.646371348644075,42.7720320224762
1.7599968419548,0.646147314876665,42.7837588787079
1.76036021188728,0.645921339319526,42.7956376075745
1.76073218683752,0.645696696941265,42.8086786270142
1.76107433455885,0.645475271356941,42.8217966556549
1.7613843668567,0.645264340816737,42.8351128101349
1.76168120933433,0.645057780743143,42.8460249900818
1.76197016395931,0.644859406919039,42.8571538925171
1.76225203023464,0.644660153427368,42.8694517612457
1.76253151226232,0.644445908692493,42.880704164505
1.76281330482554,0.64422790264931,42.8921437263489
1.76313470780519,0.643998043409019,42.9034013748169
1.76348429348203,0.643765464529134,42.9145147800446
1.76385380139684,0.643526782978507,42.9255924224854
1.76424579566324,0.643279182395339,42.9368040561676
1.76462250442091,0.643022313952266,42.9479014873505
1.76497193843894,0.642802538783546,42.9590482711792
1.76531015526933,0.642583799148951,42.9702987670899
1.7656480455146,0.642363390442406,42.9816625118256
1.76599077814664,0.642141306508628,42.9929313659668
1.76634089494197,0.641917526462057,43.0042202472687
1.7666997694417,0.641692006215073,43.0153181552887
1.76706832017863,0.641464650994651,43.0264122486115
1.76744728089187,0.641235316250591,43.0375456809998
1.76783719373875,0.641005151624535,43.0485067367554
1.76819424397383,0.640783248067429,43.0595717430115
1.76852210286275,0.640571128613073,43.0707330703735
1.76885355152534,0.640360002830214,43.0816833972931
1.76919534863589,0.640144830017866,43.0927534103394
1.76954730932692,0.63989824704173,43.1038959026337
1.76990913977375,0.639622424974268,43.1149368286133
1.77024133761833,0.639404599734377,43.1260161399841
1.77056214625712,0.639158071136251,43.1371901035309
1.77088422423087,0.638892286845636,43.1482748985291
1.77120681447546,0.63866131872844,43.1592860221863
1.77151359128486,0.638464976081561,43.1704795360565
1.7718340150954,0.638244313789138,43.1816513538361
1.77216660020769,0.638020660050884,43.1927034854889
1.77250980518781,0.637795339866953,43.203864812851
1.77286321551544,0.637568362529481,43.2148940563202
1.77322698053371,0.637339602485818,43.2259678840637
1.77360124203253,0.637108911755122,43.2372720241547
1.77398687320523,0.636876116143462,43.2485101222992
1.77438450296886,0.636641019428514,43.2597756385803
1.77479443076726,0.636403543543039,43.2708461284638
1.77516623258327,0.6361792886066,43.2819354534149
1.77548443519317,0.635971651261119,43.2932054996491
1.77578428371353,0.63575932307271,43.3044803142548
1.77608050040792,0.635544186088661,43.3155374526978
1.77637933749038,0.635327260328777,43.3266081809998
1.77668352352638,0.635108880125099,43.3376615047455
1.77699422385824,0.634889173870777,43.3487803936005
1.77731256834099,0.63466799937707,43.3599922657013
1.77763907122289,0.634445401383311,43.3710117340088
1.77797415428559,0.634221370732344,43.3822810649872
1.77831807478173,0.633995836613835,43.3934881687164
1.77867153970709,0.6337686882383,43.4045736789703
1.77903516761638,0.63353978364481,43.4157063961029
1.77940945372535,0.633308965308725,43.4267017841339
1.77979499453766,0.633076058839806,43.437833070755
1.78019247534613,0.632840867745957,43.4491384029388
1.78060266068135,0.632603167223981,43.4601333141327
1.78093942358132,0.632404610704672,43.4711894989014
1.78124074186504,0.632195208989008,43.4823598861694
1.78153132670738,0.631982022572363,43.4935188293457
1.78182152577033,0.63176669643066,43.5047006607056
1.78211469622601,0.631549628197649,43.5163600444794
1.78241464914803,0.631331359603361,43.5272655487061
1.78272201884304,0.631111807246172,43.5383520126343
1.78303709164252,0.630890941059273,43.5498678684235
1.78336020972342,0.630668735852088,43.560843706131
1.78369176731517,0.630445118505018,43.5720241069794
1.78403216070238,0.630220034084257,43.5834393501282
1.7843818508743,0.62999338585576,43.594400882721
1.78474136080494,0.629765044181949,43.6056849956512
1.78511126825761,0.629534862235874,43.6169996261597
1.78549220271153,0.62930267387071,43.6279814243317
1.78588484205258,0.629068289632711,43.6393549442291
1.7862899324866,0.628831494631517,43.6505727767944
1.78667695076915,0.628611645529616,43.6615643501282
1.78700792030846,0.628407771170968,43.672901391983
1.78730984458036,0.628195560729262,43.6843209266663
1.7876039899744,0.627980451676126,43.6952755451202
1.78789888778567,0.62776361276565,43.7064979076385
1.78819824987466,0.627545344200179,43.7179424762726
1.78850398287422,0.627325650851938,43.7289097309113
1.78881643056444,0.627104655827728,43.7401010990143
1.78913746017739,0.626882429072188,43.7521510124207
1.78946716719097,0.626658828413956,43.763167142868
1.78980583152593,0.626433765973727,43.7752442359924
1.79015384305015,0.62620716501135,43.7867801189423
1.79051168781727,0.62597890174492,43.7978818416596
1.79087992416254,0.625748829586267,43.8090085983276
1.79125917237915,0.625516783151226,43.8201861381531
1.79165010194216,0.625282574074779,43.8312826156616
1.79202102096851,0.625066906465705,43.8423840999603
1.79238914608361,0.624848905862682,43.853524684906
1.79276120242602,0.624630149891156,43.8646314144135
1.79308027958205,0.624432135569376,43.8756866455078
1.79338053684772,0.624225706283742,43.8868610858917
1.7936747957975,0.624017045454993,43.8980183601379
1.79397131375455,0.623807218115172,43.9091320037842
1.7942734336262,0.62359592439285,43.9202337265015
1.79458251073361,0.62338353014232,43.9313802719116
1.79488840692026,0.623184436781875,43.9426243305206
1.79518739879387,0.622972060184201,43.9540708065033
1.79548945745522,0.622740909847514,43.9652469158173
1.79579647420346,0.622504346113846,43.9764077663422
1.796127303378,0.622277288904041,43.9875161647797
1.79647244528974,0.622048835274724,43.9987008571625
1.79684313469822,0.621798230605562,44.009792804718
1.79722793997948,0.621544922311643,44.0209405422211
1.79758507324306,0.62132845530965,44.0322124958038
1.7979354246384,0.621112177029066,44.0431957244873
1.79828788669831,0.620893835193813,44.0543060302734
1.79864679240102,0.620673599097699,44.0654289722443
1.79901393976281,0.62045270225962,44.076488494873
1.79939023724961,0.620233009558434,44.087687253952
1.79973825254181,0.620015646437773,44.0988214015961
1.80005826342437,0.619808813460152,44.109934091568
1.80037127801352,0.619595377324785,44.1210050582886
1.8006840593092,0.619382410133691,44.132134437561
1.80100039613073,0.619170172973107,44.1431806087494
1.80130381741366,0.61897898654498,44.1542348861694
1.80161427454627,0.618736990174576,44.1652593612671
1.80194790251452,0.61848327440935,44.1763606071472
1.8023039074674,0.618224674767306,44.1875126361847
1.80268351922258,0.617988601575201,44.1984648704529
1.80308592465244,0.617743131910944,44.2095489501953
1.80347583726842,0.617489017755423,44.2207636833191
1.80383727887269,0.617271155307329,44.2317008972168
1.80418854918465,0.61705415865777,44.2427480220795
1.80453972184126,0.616835451514305,44.2539513111115
1.80489610640035,0.616615058779839,44.2649030685425
1.80526039339105,0.616392951349364,44.2759382724762
1.80563405054392,0.616169035430641,44.2870581150055
1.8060172522136,0.615946738184828,44.2981677055359
1.80636823257791,0.61573196577785,44.3094182014465
1.80669264107861,0.615518469904555,44.320782661438
1.80700965457797,0.615305193654999,44.331773519516
1.80732688959567,0.615093522489985,44.3428587913513
1.80764661349136,0.614884527966403,44.3540692329407
1.80795756370045,0.614658798744182,44.3651106357575
1.80828290052829,0.614379718383323,44.3762292861939
1.80862528025082,0.614121766091945,44.3874607086182
1.80898494269108,0.613874245126586,44.3985395431519
1.80932363452431,0.613648948589225,44.4098002910614
1.8096599892084,0.613406237863934,44.4208645820618
1.81000122897877,0.613146813209077,44.4319908618927
1.81034804727086,0.612925912245788,44.4432127475739
1.81069780119888,0.612705081926705,44.454291343689
1.81105425643927,0.612482725497881,44.4653940200806
1.81141935509466,0.612258646014914,44.476571559906
1.81179412050181,0.612033534160558,44.4877672195435
1.81217956886555,0.611808222501185,44.499009847641
1.81253094639236,0.61159191661645,44.5101294517517
1.81285498053947,0.611380769295216,44.5212688446045
1.81317132196634,0.611169891187339,44.5326697826386
1.81348051465261,0.610962742171721,44.5437021255493
1.81377937616212,0.610727512335808,44.5547187328339
1.81408441708225,0.610481919997292,44.5661141872406
1.81440930295474,0.6102513994483,44.5771286487579
1.81471662716166,0.61004298680529,44.5881848335266
1.81501903131732,0.609830846526052,44.5997412204742
1.81532351490071,0.609616224794576,44.6107692718506
1.81563340521004,0.609399932591447,44.6219155788422
1.81594997530374,0.609182258897814,44.6333906650543
1.81627420935357,0.608963131001785,44.6444268226624
1.81660680178447,0.608742538250773,44.6557416915894
1.81694813774143,0.608520491179863,44.667040348053
1.81729867179665,0.608296908376774,44.6780140399933
1.81765885471946,0.608071688874096,44.6892495155335
1.81802924912093,0.607844702044406,44.7004017829895
1.81841047164837,0.607615795580508,44.7113304138184
1.81880319642274,0.607384795142132,44.7225635051727
1.81920815839746,0.607151500174932,44.7336966991425
1.81957375642166,0.606931546118757,44.744654417038
1.81991693296635,0.606704969686567,44.7558991909027
1.82022410329589,0.606499129778849,44.7670342922211
1.82052089262801,0.606288724228931,44.7780666351318
1.82081724302858,0.606075644993915,44.7894790172577
1.82111803928687,0.60586063410823,44.8013424873352
1.82142508408936,0.605644161362695,44.8123495578766
1.82173899912482,0.605426337775631,44.824108839035
1.82206075969675,0.605207163708197,44.8393495082855
1.82239112977813,0.604986633010941,44.8524174690247
1.822730314127,0.604764713525861,44.865029335022
1.82307868098846,0.604541305250893,44.8771674633026
1.82343668507216,0.604316301542603,44.8908927440643
1.82380486376199,0.604089570773005,44.9057664871216
1.82418378547705,0.603860958919722,44.9190711975098
1.82457411815674,0.603630297217546,44.9314634799957
1.82497658897738,0.603397390414326,44.9437663555145
1.82533837710128,0.603178902040863,44.9567031860352
1.82567737105909,0.60295264248197,44.9701364040375
1.82598184583259,0.602745891895605,44.981292963028
1.82627556427357,0.602535097302711,44.9923937320709
1.82656862980156,0.602321752397046,45.0035092830658
1.82686650710851,0.602106818821462,45.0145812034607
1.82717072765558,0.601890547031666,45.0257096290588
1.82748212068791,0.601672946572394,45.0368568897247
1.82780101042144,0.601454100111282,45.0479235649109
1.82812821582648,0.601233809224131,45.0591361522675
1.82846406586709,0.601012144988529,45.0701997280121
1.82880893494153,0.600789053195374,45.0813796520233
1.82916329143793,0.600564421867293,45.092621088028
1.8295276701326,0.600338122027694,45.1036238670349
1.82990266237028,0.600110007996863,45.1146986484528
1.83028890451393,0.599879913153718,45.1258311271667
1.83068709786118,0.599647648990374,45.136890411377
1.83109801195726,0.599412999650864,45.1480078697205
1.83143510521597,0.599216890561767,45.1593029499054
1.83173611329792,0.599009678154773,45.1707246303558
1.83202671027966,0.59879839473254,45.1818270683289
1.83231685373182,0.598584997258607,45.1928427219391
1.83261005924001,0.598370018252312,45.2039918899536
1.83291008058812,0.598153910924619,45.2150917053223
1.83321748079234,0.597936544780233,45.2261669635773
1.8335325729066,0.597717946571612,45.2374565601349
1.83385571188336,0.597498079905759,45.2485227584839
1.83418731012068,0.597276876700321,45.2595927715302
1.83452775826554,0.597054291534236,45.2708632946014
1.83487751203832,0.596830234084749,45.2818431854248
1.8352370895789,0.596604581064609,45.2929232120514
1.83544747337791,0.596579132972,45.3107674121857
1.83558401979979,0.596566438498425,45.322016954422
1.83569422069463,0.596554740312777,45.3332431316376
1.83576541932041,0.596547761638863,45.3446848392487
1.83582585741087,0.596540597987558,45.3565220832825
1.8358806111734,0.596533221194187,45.3689875602722
1.83593212169652,0.596525797646989,45.3800365924835
1.8359815794617,0.59651843128143,45.3921203613281
1.83602951445138,0.59651105888525,45.4039506912231
1.83607618191318,0.596503644949696,45.4150779247284
1.83612174567439,0.59649623274091,45.4262683391571
1.8361662101681,0.596488796897584,45.4375078678131
1.83620948831874,0.596481458256009,45.4486401081085
1.83625128651868,0.596474417796251,45.4598100185394
1.83629049080503,0.596468493419306,45.4710297584534
1.83632227826754,0.596478950201314,45.4820916652679
1.83642132327913,0.596462229281915,45.4932415485382
1.83652342280585,0.59645535536587,45.5044205188751
1.83662455797147,0.596450130442025,45.5155427455902
1.83672310556224,0.596445544646053,45.5265986919403
1.83681939519217,0.596441468288723,45.5377097129822
1.83691380862306,0.59643784748164,45.5486235618591
1.83700658029415,0.596434643448002,45.5596342086792
1.8370978897231,0.596431866720462,45.570743560791
1.83718788952824,0.596429520091652,45.5817840099335
1.83727672033407,0.596427602437107,45.5927755832672
1.83736451251512,0.596426103241987,45.6038136482239
1.83745139545794,0.596425022384213,45.6148624420166
1.83753730697372,0.596424376590675,45.6259107589722
1.83759762851511,0.596417427933121,45.6369824409485
1.8376480999711,0.596409146500147,45.6480195522308
1.83769304038526,0.596400954250915,45.6591303348541
1.83773481046445,0.596392937769502,45.6702041625977
1.83777453550277,0.59638511876951,45.6813526153564
1.83781272830206,0.59637748126089,45.6923675537109
1.83784964104772,0.596370005095335,45.7034928798676
1.83788541595669,0.596362695707392,45.714569568634
1.83792016090831,0.596355547457358,45.7256500720978
1.8379539677591,0.596348549377066,45.7368085384369
1.83798693908278,0.596341694412476,45.7478995323181
1.83801915431246,0.596334975030816,45.7589864730835
1.83805068506335,0.596328384220216,45.7701389789581
1.83814135719898,0.59633369259469,45.7811918258667
1.83822418545659,0.596332389580405,45.792240858078
1.83830125733318,0.596330975690617,45.8034055233002
1.83837446578177,0.596329905658443,45.8144035339356
1.83844451429906,0.596329252298544,45.8255524635315
1.83851225051183,0.596329033530952,45.836763381958
1.83857812443762,0.596329234564012,45.8480100631714
1.83864212510388,0.596329842240826,45.8591451644898
1.83870428970129,0.596330846150417,45.8701784610748
1.83876469246607,0.596332231043953,45.8813354969025
1.83882341901942,0.596333979587746,45.8922870159149
1.83888039006703,0.59633604614884,45.9034309387207
1.83893601038784,0.596338437766088,45.9144949913025
1.83899030716722,0.59634114219592,45.9258031845093
1.83904330058141,0.596344144196887,45.9369657039642
1.83907388597073,0.596335333379003,45.948096036911
1.83909252145704,0.596326434875219,45.9591715335846
1.83910545656055,0.5963177157551,45.9702570438385
1.83911540737656,0.596309133568805,45.981537103653
1.83912342051301,0.596300662178498,45.9925992488861
1.83912992799209,0.596292284451506,46.0036540031433
1.83913635013687,0.596283916917668,46.0148856639862
1.83914675441058,0.596275173704463,46.0259330272675
1.83921331081487,0.596272824694466,46.037074804306
1.83928939155913,0.596274311420869,46.0481495857239
1.83936503569699,0.596276516618917,46.0591716766357
1.83944732581361,0.596273603241196,46.0702180862427
1.83953629037474,0.596268940738234,46.0813245773315
1.83962928384919,0.596262714938189,46.0923383235931
1.83969102369838,0.59626322319664,46.1035146713257
1.83973485269405,0.596268482861362,46.1147201061249
1.83976707823193,0.596276192858191,46.1259343624115
1.83979142252479,0.59628528926452,46.1371643543243
1.83981019867354,0.596284276462165,46.1482632160187
1.83982630591382,0.596283358513101,46.1592888832092
1.83984011667451,0.596282479902342,46.1703836917877
1.83985205549948,0.596281600312151,46.1815311908722
1.83986228528566,0.596280686974516,46.192643404007
1.8398709466437,0.596279708963352,46.2037010192871
1.83987817165697,0.59627863755237,46.2148702144623
1.83988353051198,0.59627745097092,46.2258825302124
1.83988629995273,0.596276128257237,46.2369675636292
1.83988615850602,0.596274645218456,46.2482118606567
1.83988304680102,0.596272979077267,46.2593021392822
1.83986020920679,0.59626027974919,46.2707526683807
1.8398554499722,0.596280501954205,46.2817575931549
1.8398438179626,0.596300997800365,46.292813539505
1.83982697140014,0.596320717328676,46.3042132854462
1.83980715402197,0.596339224696328,46.3152418136597
1.83978583901802,0.596356348738886,46.3262197971344
1.83976377491356,0.596372020113362,46.3374135494232
1.83974187037865,0.596386179352797,46.3484544754028
1.83972107773134,0.596398731285269,46.3595240116119
1.83970240021321,0.596409530653996,46.3707311153412
1.83968832101176,0.596418205969191,46.3816442489624
1.83968764771911,0.596423604844454,46.3926298618317
1.83969498096068,0.596428135563686,46.4036381244659
1.83970422571689,0.596431872781101,46.4147367477417
1.83971305201277,0.596434767877153,46.425760269165
1.839720156555,0.596436775636076,46.4368371963501
1.83970256270148,0.596436045557403,46.4480435848236
1.83966577100255,0.596434645092944,46.4591765403748
1.83962246629276,0.596431693559014,46.4702394008637
1.83973093372088,0.596414059796442,46.4816482067108
1.83993022477437,0.596400243045352,46.4927489757538
1.84018859758097,0.596387449213633,46.5041136741638
1.84048308214362,0.596375049923893,46.5151405334473
1.84080126735525,0.596362907511804,46.5262129306793
1.84113655673457,0.596350955478256,46.5374522209167
1.84148588580824,0.596339165868042,46.5483407974243
1.84184799619159,0.596327530842091,46.5593485832214
1.84222217995484,0.596316034458164,46.5704290866852
1.84260830149755,0.596304662200253,46.5816020965576
1.84300654923115,0.596293400312627,46.5926594734192
1.84341730382313,0.596282234838766,46.6037757396698
1.84384106960723,0.596271151019046,46.6149623394013
1.84427843979259,0.596260132854965,46.6260185241699
1.84470104389823,0.596249328183708,46.6372139453888
1.84511248354947,0.596238239790953,46.6483671665192
1.84552425802001,0.596227026877411,46.6593658924103
1.8458931115476,0.596214479583858,46.6706056594849
1.8462350809068,0.596202108056818,46.6816313266754
1.84656690041614,0.596189854581872,46.6926617622376
1.84689772555122,0.596177747818161,46.7039895057678
1.8472324543026,0.596165806321891,46.7150218486786
1.84757311763303,0.596154065080936,46.72611784935
1.84792236457641,0.596142497094445,46.737375497818
1.84828133175622,0.596131084424854,46.7484021186829
1.84865062492903,0.596119816977881,46.7593727111816
1.84903078286159,0.596108683116535,46.7705340385437
1.84942234089492,0.596097671250002,46.781623840332
1.84982585681816,0.596086769049022,46.7927632331848
1.85024191969169,0.596075963155659,46.8038172721863
1.85067115590912,0.596065238999353,46.8152282238007
1.85111422354134,0.59605458068919,46.8265588283539
1.85154362366454,0.596044131846683,46.8381729125977
1.85196252773222,0.596033451088832,46.8493709564209
1.85238151634017,0.596022561783378,46.860518693924
1.85275712390306,0.596010516484283,46.8717603683472
1.85310545826695,0.595998589467371,46.8833894729614
1.85344367064892,0.595986776691209,46.8947372436523
1.8537808442529,0.595975104181821,46.9070518016815
1.85412194095746,0.595963588703481,46.92049908638
1.85446980032896,0.595952236453731,46.932436466217
1.85482596743251,0.595941034740215,46.9435329437256
1.85519145038871,0.595930002549102,46.9552037715912
1.8555676540016,0.595919122374862,46.9667272567749
1.85595530779907,0.595908373483328,46.9779448509216
1.85635486413664,0.595897743234361,46.9891080856323
1.85676684914754,0.595887218729051,47.0013697147369
1.85719184854182,0.595876786208177,47.0123963356018
1.85763049714905,0.595866430726521,47.0246438980103
1.85805514339389,0.595856355290197,47.0373015403748
1.85846975286556,0.595846089815481,47.0492067337036
1.85888508893963,0.595835644350614,47.0604157447815
1.85925525466736,0.595823677163881,47.0720236301422
1.85959816361038,0.595811997724396,47.0833988189697
1.8599310040603,0.595800464331077,47.0946259498596
1.86026212047239,0.595789112930502,47.1057615280151
1.86059699355524,0.595777945482796,47.1178274154663
1.86093879672177,0.595766931240541,47.1287527084351
1.86128949267835,0.595756084520938,47.140243768692
1.86164989020049,0.595745398390783,47.1535170078278
1.86202064024709,0.595734864146166,47.1650588512421
1.86240231722198,0.595724470924043,47.1764674186707
1.86279547101372,0.595714207322695,47.1881620883942
1.86320066956259,0.595704061699039,47.1998472213745
1.86361851122789,0.595694021423071,47.2109565734863
1.86404963053507,0.595684072878064,47.2221279144287
1.86446615259417,0.595674500991481,47.2338712215424
1.86487250317308,0.595664742254414,47.2452192306519
1.86527930147532,0.595654821109482,47.2569572925568
1.86569109479659,0.595644848688803,47.2701640129089
1.8660636968145,0.59563355785495,47.2816579341888
1.86641252049149,0.595623208708205,47.2931599617004
1.86675375466263,0.595612944146995,47.3050286769867
1.86709315268847,0.595604051091125,47.3163890838623
1.86743539265452,0.595595744753205,47.3277049064636
1.86778439704717,0.595587632810341,47.3388962745667
1.86814184205823,0.595579419737744,47.3506295681
1.8685087185621,0.595571076112567,47.3617208003998
1.86888575866831,0.5955625745589,47.3733162879944
1.86927372344796,0.595542908356426,47.3868136405945
1.86967305824358,0.59552724718521,47.3984301090241
1.87008381538841,0.595517283593554,47.4096841812134
1.87050852187728,0.595507683546738,47.4216454029083
1.87091998486104,0.595498597271021,47.4329242706299
1.87132101865873,0.595488213844614,47.4444096088409
1.87172120245124,0.595478878470984,47.4556608200073
1.87212695593739,0.595469387938172,47.4673674106598
1.8725371418995,0.595460185021334,47.4783656597137
1.87291695658578,0.595449226598966,47.4899625778198
1.87327236291503,0.595439024452734,47.5028748512268
1.87362041244357,0.59542938131739,47.5145599842072
1.87396816117956,0.595419959821628,47.5263032913208
1.87432067619151,0.595410697744174,47.5381951332092
1.87467858812987,0.595402786267354,47.5495102405548
1.87504337375488,0.595394833305479,47.5609395503998
1.87541709945099,0.595386778447738,47.5721509456635
1.87580213839698,0.595370946245312,47.5836751461029
1.87619816886534,0.595350758738191,47.5949866771698
1.87660623196356,0.595334094361847,47.606418132782
1.877025049601,0.5953248893311,47.6191010475159
1.87743051918258,0.595316433682073,47.6303508281708
1.87782403110985,0.595307812388618,47.6416699886322
1.87821805158318,0.595298114089935,47.6528356075287
1.87861556983734,0.595288534420303,47.6641001701355
1.87901910692554,0.595280134343703,47.6755251884461
1.87942478047866,0.595271505962542,47.6867899894714
1.87980360528747,0.595260943630891,47.6979601383209
1.88016236959893,0.595251264440525,47.7090609073639
1.88051491217339,0.595242236469524,47.7204804420471
1.8808679222528,0.59523343619045,47.7314887046814
1.8812261801314,0.595224810966488,47.7425947189331
1.88159100127328,0.595217005288997,47.7537038326263
1.88196327734715,0.595209334256858,47.7648284435272
1.88234418581622,0.595193209280212,47.7759788036346
1.88273502476399,0.595175471282763,47.7870872020722
1.88313630639707,0.595166296463028,47.7981779575348
1.88355021173758,0.595157298818567,47.8092641830444
1.88394976600203,0.595148935253111,47.8203816413879
1.88433957229249,0.595138906614768,47.8314969539642
1.88472824500457,0.595129277354003,47.8426151275635
1.88511972809765,0.595119751924991,47.8536627292633
1.88551883381886,0.595111346738648,47.8647809028626
1.88592477259019,0.595103282356486,47.875780582428
1.88630201159431,0.595092854937275,47.8868868350983
1.88665563525193,0.595083131660275,47.8980345726013
1.88700271071271,0.595074483012092,47.9091188907623
1.8873484530643,0.595066490807248,47.9202268123627
1.88769802648111,0.595059173164429,47.9313642978668
1.88805400837917,0.595051808519764,47.9424426555634
1.88841823443116,0.595044370286759,47.9535491466522
1.88879180978535,0.595032528155303,47.9647736549377
1.88917564036058,0.595016217014302,47.9761028289795
1.88957030471384,0.595007071662563,47.9872334003449
1.88997612038843,0.59499813769983,47.9982421398163
1.8903945730712,0.594989315217647,48.0093858242035
1.89079935541464,0.594981060613172,48.0205717086792
1.89119525921822,0.594970464898343,48.0315117835999
1.89158950077949,0.594961964506982,48.0425937175751
1.89198889765907,0.594953348786517,48.053829908371
1.8923968944458,0.594944601985871,48.0648527145386
1.89281219463974,0.594936170279228,48.0758843421936
1.89319790692375,0.594925987585912,48.0869383811951
1.89355943912908,0.594916490729976,48.0980923175812
1.8939148859723,0.594907692168395,48.1091747283936
1.89427063578665,0.594899117886018,48.120306968689
1.89462979903377,0.594891579462421,48.1314227581024
1.89499425955461,0.594884196438875,48.1424751281738
1.89536567232825,0.59487016091868,48.1535785198212
1.89574711181546,0.59485457107228,48.1647126674652
1.89613790515232,0.594845507737032,48.1758048534393
1.89654057381152,0.594836659518531,48.1868984699249
1.89695525351815,0.594827938349959,48.1980404853821
1.89735622961063,0.594819834056571,48.2091226577759
1.89774842911734,0.594808463658815,48.220232963562
1.89813867027803,0.594800132962839,48.2313492298126
1.8985338542318,0.594790417176641,48.2424416542053
1.8989361310603,0.594782351358204,48.2536046504974
1.89934647223821,0.594774284532706,48.2647573947907
1.89976080633202,0.594765939014504,48.2757949829102
1.90014938131129,0.59475561702541,48.2868776321411
1.90051687009931,0.594746260009439,48.2980515956879
1.90087867990104,0.594737729771454,48.3091585636139
1.90124177444884,0.594729442530391,48.3202579021454
1.90161030923835,0.594721365180436,48.3313899040222
1.90198659438073,0.594713496141003,48.3424389362335
1.90237098949057,0.594705897424602,48.3535981178284
1.9027644273432,0.594698207987611,48.3647401332855
1.90316787853074,0.594682859983472,48.3758070468903
1.9035808744811,0.594674095071397,48.3869180679321
1.90398098398962,0.594666008254934,48.3980801105499
1.90437177070022,0.59465464531362,48.4092407226563
1.90476115416319,0.594644575931836,48.4205696582794
1.90515457358559,0.594636205904687,48.4317045211792
1.90555632805622,0.594627730024943,48.4434270858765
1.90596804425395,0.594619185473534,48.4547073841095
1.90638876481912,0.594610938517624,48.4659101963043
1.90678137065375,0.594600886122237,48.477395772934
1.90715021962348,0.594591570239157,48.4891102313995
1.90751325567913,0.594583109998038,48.5025036334991
1.90787678882663,0.594574881322823,48.5139524936676
1.90824529827982,0.594566878857488,48.5251903533936
1.90861940416582,0.594559453989664,48.536732673645
1.90900111919662,0.594545934663961,48.547780752182
1.9093913054425,0.594536965326568,48.5590326786041
1.9097914910055,0.594528209084096,48.5704298019409
1.9101759535579,0.594520205861881,48.5814380645752
1.91055106620968,0.594509328112072,48.5926156044006
1.9109238286628,0.594498937988671,48.6039502620697
1.91130107699926,0.59448896585012,48.6149806976318
1.91168559190662,0.594481406600378,48.6261105537415
1.91207957296615,0.594473531782956,48.6373569965363
1.91248384295005,0.59446542967378,48.6484518051148
1.91289768798658,0.594457501190829,48.6595125198364
1.91328479429043,0.5944474005365,48.6708357334137
1.91364766374184,0.59443797878139,48.6818172931671
1.91400561939177,0.594429421016917,48.6930079460144
1.91436081285387,0.594422116533225,48.7042741775513
1.91471815026032,0.594414915639969,48.7152502536774
1.91508228799298,0.59440198413379,48.72638463974
1.91545512566186,0.594388069684825,48.7376651763916
1.91583822475094,0.594372765277565,48.748902797699
1.91623083409236,0.594363909165297,48.7600159645081
1.91663539167356,0.594355225072605,48.771089553833
1.91702511983808,0.594347278687456,48.7822237014771
1.91740462254167,0.594339179909184,48.7933304309845
1.91778439909296,0.594327843112421,48.8043761253357
1.91816802397155,0.594317527395643,48.8153393268585
1.91855868301308,0.594309261168373,48.8264255523682
1.91895921115396,0.594300905048858,48.8376243114471
1.91937014419583,0.594292542294092,48.8486044406891
1.91978755517313,0.594285073637432,48.8596339225769
1.9201778184901,0.59427511209084,48.8708076477051
1.92054566768129,0.594265927605955,48.881774187088
1.92090910676784,0.594257693248341,48.8928644657135
1.92127033841537,0.594250471501607,48.9040627479553
1.92163398747508,0.594243347523898,48.9150338172913
1.92200472830888,0.594230894037763,48.9261059761047
1.92238443121786,0.594217196697142,48.9373264312744
1.92277325800928,0.594208480422567,48.9482748508453
1.92317354374662,0.594199935332473,48.959267616272
1.92355863096741,0.594192159106585,48.9703259468079
1.9239341757163,0.594184195610449,48.9814476966858
1.92430851760951,0.594172954850223,48.9925081729889
1.92468699120009,0.594162623212655,49.0035660266876
1.92507215123597,0.594155421099311,49.014671087265
1.92546688590237,0.594147256765278,49.0257830619812
1.92587128352113,0.594139573271619,49.0368926525116
1.92628549728098,0.594131925075845,49.0481169223785
1.92670755559011,0.594123936854331,49.0592029094696
1.92710580581746,0.594114028458345,49.0702979564667
1.92748319446006,0.594105043848833,49.0814061164856
1.92785489829568,0.594097090122077,49.0924534797668
1.9282270141507,0.594089376974851,49.1036202907562
1.9286039695967,0.594081896867921,49.114748954773
1.92898793256165,0.594074546991169,49.1263012886047
1.92937949412951,0.594063253776254,49.137526512146
1.92978027738706,0.594049722925592,49.1484656333923
1.93016505017744,0.594039360551381,49.1595478057861
1.93053790792207,0.594028790561792,49.1707367897034
1.93090883938594,0.594018356230216,49.1817679405212
1.93128330441483,0.59401144768371,49.1928358078003
1.93166460946827,0.59400426747265,49.2040681838989
1.93205494051343,0.593996767557518,49.2151038646698
1.93245660635201,0.593988941177223,49.2261736392975
1.93286901880122,0.59398106341603,49.2373952865601
1.93328815142249,0.593972996228939,49.2483150959015
1.93368229753728,0.593963141962596,49.2593061923981
1.93405476779948,0.593954820214125,49.2704417705536
1.93442100477037,0.59394679783396,49.2815458774567
1.93478596321478,0.593939545245251,49.2926526069641
1.93515509301857,0.593928735558213,49.3037204742432
1.93553090758114,0.593915794982885,49.3148572444916
1.9359141076674,0.593906944747581,49.3259272575378
1.93630776431445,0.593898292798742,49.3370628356934
1.93668547504512,0.593890465542574,49.3481960296631
1.93705246302935,0.593882445054131,49.3592283725739
1.93741924930954,0.593870146120348,49.370320558548
1.93778985782151,0.593858969302754,49.3814635276794
1.93816680719435,0.593851982143319,49.3924958705902
1.93855186142264,0.593844669998988,49.4035880565643
1.93894807741468,0.593837039662863,49.4147615432739
1.93935570573849,0.593829171296094,49.4258587360382
1.93977415343441,0.593821364364717,49.4369740486145
1.94020066151225,0.593813319723493,49.4480762481689
1.94060351445996,0.593803408844913,49.4591157436371
1.94098444708062,0.593794420460783,49.4703624248505
1.94136010968459,0.593786470870813,49.4816212654114
1.94173769003727,0.593779138293071,49.4927208423615
1.94211949672341,0.593771643724477,49.5039126873016
1.9425072491593,0.593764137581374,49.5151855945587
1.94290277142965,0.593752499636773,49.5263245105743
1.94327938812971,0.593743297574378,49.5374839305878
1.94364337600446,0.593736617568652,49.5485229492188
1.94400550616993,0.593729871010074,49.5595209598541
1.94437057458402,0.593722904801033,49.5706815719605
1.94474375569896,0.593715692611617,49.5816683769226
1.94512668412864,0.593708192797831,49.5927083492279
1.94552042501382,0.593700375793701,49.6037621498108
1.94592583049339,0.59369222272568,49.6148359775543
1.94634139868886,0.593684201597045,49.6260411739349
1.94676492021764,0.593675917407275,49.637389421463
1.94716556350033,0.593665737429585,49.6483402252197
1.94754317140801,0.593656917775494,49.6593534946442
1.94791613084308,0.593648732020973,49.6705930233002
1.9482895757619,0.593640711739768,49.6816093921661
1.94866784141539,0.593632882947792,49.69264793396
1.94905189800511,0.59362518000333,49.7037243843079
1.94944374449578,0.593612573644611,49.7148408889771
1.94981669466751,0.593602574023676,49.7259912490845
1.95017708965892,0.593591363983531,49.7370414733887
1.95053529626774,0.593579558476479,49.7481596469879
1.95089783789215,0.593567971717609,49.7591938972473
1.9512674848791,0.593560654651443,49.7702596187592
1.9516463307746,0.593553058650164,49.7814204692841
1.9520355851051,0.593545151125587,49.7924582958221
1.95243617106691,0.593536904292118,49.8035726547241
1.95284776294746,0.593528529835283,49.8147439956665
1.95326578631072,0.593519877765925,49.8258485794067
1.95365839316998,0.59350952186519,49.836941242218
1.9540297902017,0.593500657255266,49.8481318950653
1.95439170445252,0.59349293421784,49.8591871261597
1.95475202687249,0.593485381668218,49.8702702522278
1.95511729592065,0.593473428218297,49.8814187049866
1.9554902688047,0.593460336176891,49.892462015152
1.95587138983081,0.593451002644435,49.9035804271698
1.95626276229048,0.59344187840188,49.9147465229034
1.9566383364973,0.593433590384048,49.9258382320404
1.95700311416571,0.593425076185924,49.9369442462921
1.95736777528415,0.593411246506429,49.9481272697449
1.957736247342,0.593398821170929,49.9592170715332
1.95811083930984,0.59339151488787,49.9703254699707
1.95849370741274,0.593383888055648,49.9814460277557
1.95888765053089,0.59337593979134,49.9924881458283
1.959293431274,0.593367643575283,50.0035560131073
1.95971003660965,0.59335935549962,50.0146880149841
1.96013416638192,0.5933508450319,50.0258028507233
1.96053439263515,0.593340559625485,50.0368993282318
1.9609128417187,0.593332263927151,50.0480871200562
1.96128452523764,0.593323952072656,50.059225320816
1.96165631890127,0.593316337678205,50.070424079895
1.96203130286651,0.593303984431722,50.0815207958221
1.96241176621213,0.593290056859182,50.0925490856171
1.9627995885589,0.593280785458999,50.1036014556885
1.96317096969709,0.593272379316419,50.1147463321686
1.96353216471212,0.593257283231023,50.1258246898651
1.96389134682341,0.593243965979988,50.1370432376862
1.96425305154482,0.593230975812011,50.148163318634
1.96462194231004,0.593220520722596,50.1592092514038
1.96499957265047,0.593212926009371,50.1703207492828
1.96538805333137,0.59320503850212,50.1814620494843
1.96578770956644,0.593196191738779,50.1925363540649
1.9661997724868,0.593187289267441,50.2036213874817
1.9666227080295,0.59317853265708,50.2147629261017
1.96705603061782,0.593170392105026,50.2258248329163
1.96746491322876,0.593160172041601,50.2369680404663
1.9678501269412,0.593151575454059,50.2481245994568
1.96822819388021,0.59314328081646,50.2592160701752
1.96860730454004,0.593135240045746,50.2702989578247
1.96899106495589,0.593127319259733,50.2815985679626
1.96938131877061,0.5931193621591,50.2928168773651
1.96975052032465,0.593112313152998,50.3040101528168
1.97010674689291,0.593105386425863,50.3150432109833
1.97046024243557,0.593098383622322,50.3261067867279
1.97081740234088,0.593091194933106,50.3373556137085
1.97118234810279,0.593083773276448,50.3483266830444
1.97155673426697,0.593076076131893,50.359317779541
1.97194166959871,0.593068070340687,50.3704390525818
1.9723379759305,0.593059728170476,50.3815705776215
1.97274636475127,0.593051026994167,50.3926727771759
1.97316539890432,0.593042416265197,50.4038512706757
1.97359276645273,0.593033634688669,50.4148900508881
1.97399608975865,0.593023090904064,50.4259805679321
1.97437700685673,0.593014160999761,50.4371078014374
1.97475140895559,0.593005513831794,50.448245048523
1.97512717101006,0.592997110228774,50.4592847824097
1.97550626472858,0.592989032369614,50.4703469276428
1.97589154751109,0.592976437139342,50.4814891815186
1.97628375338452,0.592966921125187,50.4925470352173
1.97665965482442,0.592958252243765,50.5036098957062
1.97702410946226,0.592949367464829,50.5147774219513
1.97738822845486,0.592934956273735,50.5258853435516
1.97775619835965,0.592921814249471,50.5369794368744
1.9781305679074,0.592914217878116,50.5481243133545
1.97851359364929,0.592906318467863,50.5592107772827
1.97890658681748,0.592898069599132,50.5702838897705
1.97931161697179,0.592889466126066,50.5814781188965
1.97972788617602,0.59288078897465,50.5925524234772
1.98015167045953,0.592871875746156,50.6036195755005
1.98055132910389,0.592861239067824,50.6147315502167
1.98092965784652,0.592852511971643,50.6258420944214
1.98130120387643,0.592843832903733,50.6370532512665
1.98167207770291,0.592835922345001,50.6482152938843
1.98204584131414,0.59282305891939,50.6592130661011
1.98242545514292,0.592808574466391,50.6702704429627
1.9828126405636,0.592798923105859,50.6814072132111
1.98318353569657,0.592790139060133,50.6924526691437
1.98354420098758,0.59277905984467,50.7035918235779
1.98390298457006,0.592764126819724,50.7147388458252
1.98426569625103,0.592750459933913,50.7260160446167
1.98463355706285,0.592742772021601,50.7372179031372
1.98501089368374,0.592734898866273,50.7482106685638
1.98539891884067,0.592726712861337,50.7592079639435
1.98579817422943,0.592717512242375,50.7703139781952
1.98620993562701,0.592708261882085,50.7814035415649
1.98663252320167,0.592699153383693,50.7924473285675
1.98706578199686,0.592690579908768,50.8036117553711
1.98747350301332,0.592679936067316,50.8149209022522
1.98785905487323,0.592670984551545,50.8259906768799
1.98823913124961,0.592662753867934,50.8371312618256
1.98861956928446,0.592654340080992,50.8481974601746
1.98900302260729,0.592646079506883,50.8592219352722
1.98939253688727,0.592633842299477,50.8703238964081
1.98976231055087,0.59262290763894,50.881500005722
1.9901189539896,0.592615686667493,50.8925759792328
1.99047349358602,0.592605386571802,50.9036180973053
1.99082999058156,0.592597933436801,50.9147613048553
1.99119463379226,0.592590258890043,50.9259750843048
1.99156865804067,0.592582310901023,50.9370527267456
1.99195318664111,0.592574052970683,50.9481430053711
1.99234906736269,0.592565454154519,50.9591979980469
1.99275697757689,0.592556489888368,50.9702546596527
1.99317603086617,0.592547476793962,50.9814028739929
1.99360303401136,0.592538284283966,50.9924702644348
1.99400569287434,0.592527423548569,51.0035889148712
1.99438630726164,0.592518146479841,51.0147480964661
1.99476025746962,0.592509160345287,51.0258438587189
1.99513238749673,0.592500826209807,51.036928653717
1.99550795259703,0.592487833148704,51.0481097698212
1.9958893629405,0.592475731172895,51.0592031478882
1.99627938308625,0.592465894485447,51.0702912807465
1.99665381523892,0.592456873125404,51.0814874172211
1.99701693113688,0.592447602973092,51.0925209522247
1.99737965517747,0.592431421813114,51.1035633087158
1.99774613999254,0.592416761362579,51.1146812438965
1.99811893126677,0.592408948412816,51.1258182525635
1.99850058728169,0.592400845878662,51.1369471549988
1.99889218130699,0.592392403001116,51.1480736732483
1.99929518824515,0.592383591724915,51.1592509746552
1.9997101056603,0.592374568710275,51.1703546047211
2.00013702834523,0.59236547643119,51.1814472675323
2.00053663554335,0.592354404891795,51.1924800872803
2.00091295196091,0.592345464206538,51.2035555839539
2.00127795523193,0.592337182647622,51.2146770954132
2.00164406964525,0.592326137444502,51.2257483005524
2.00201455010141,0.592313433169083,51.2368605136871
2.00239157873835,0.592299084837626,51.247997045517
2.00277605751934,0.592289168657247,51.2591755390167
2.00314442750051,0.592280103710111,51.2702853679657
2.00350131501183,0.592270733838945,51.2814202308655
2.00385738168274,0.592253622884255,51.2924818992615
2.00421719486261,0.592238176558367,51.3035380840302
2.00458318514532,0.592230552535345,51.3146529197693
2.0049570651099,0.592222647792988,51.3257665634155
2.00534114574734,0.592214419752515,51.3368701934814
2.00573643679558,0.59220504754812,51.3480212688446
2.00614417403209,0.592195648364364,51.3591766357422
2.0065640642396,0.592186219181806,51.3702917098999
2.00699575338309,0.592176918437202,51.3814179897308
2.00740122067536,0.592165869284507,51.3924696445465
2.00778477997307,0.592156678371843,51.4035449028015
2.00815911707303,0.592148380001127,51.4146628379822
2.00853109363244,0.592136501894331,51.4258058071137
2.00890668340835,0.592123471902807,51.4368987083435
2.00928803160221,0.592113532854986,51.448123216629
2.00965274321572,0.592104005307011,51.4591896533966
2.01000489429584,0.592086465768918,51.4702830314636
2.01035517730292,0.592070461858467,51.4814655780792
2.01070786200932,0.59205450573954,51.4925832748413
2.01106569081607,0.592046899123633,51.5038936138153
2.01143363535817,0.59203907143711,51.5149137973785
2.01181160002737,0.592030966120445,51.5260214805603
2.01220055757628,0.59202254897884,51.5371596813202
2.01260072174085,0.592013083093494,51.5482130050659
2.0130139269118,0.592004000284048,51.5592489242554
2.01343884599467,0.591994707783455,51.5703558921814
2.01387649960946,0.591985298565958,51.5815258026123
2.01428871888544,0.591974244094747,51.5925493240357
2.01467822392124,0.591965021195176,51.6036047935486
2.01505969608619,0.591956102658161,51.6147620677948
2.01543874404193,0.591947543750026,51.625904083252
2.01582121320728,0.591935001759096,51.6370260715485
2.01618239128773,0.591921785247394,51.6481339931488
2.01652856149804,0.591905865230562,51.6591935157776
2.01687222060521,0.591890222057093,51.67027759552
2.0172194328685,0.59187352462889,51.681410074234
2.01757256394481,0.591865847469129,51.692417383194
2.017935204876,0.591857969127155,51.703512430191
2.01830736127838,0.591849828947404,51.7146778106689
2.01869006779669,0.591841391489232,51.7257874011993
2.01908417341023,0.59183262265435,51.7369163036346
2.01948979571332,0.591822903955781,51.7480533123016
2.0199082120984,0.591813145518526,51.7592108249664
2.02033863201405,0.591803435830205,51.7703266143799
2.02078010358079,0.591793982975554,51.7814791202545
2.02119720561573,0.591782873642979,51.7925884723663
2.02159209398121,0.591773546926854,51.8036534786224
2.02197867403939,0.591764569948499,51.8147754669189
2.02236495464545,0.591755715218609,51.8258736133575
2.02275540247851,0.591746858244468,51.8370199203491
2.02312414363542,0.591739041979925,51.8481111526489
2.02347892336637,0.591731388209471,51.8592307567596
2.02383109877587,0.591723710495459,51.8703331947327
2.0241867355506,0.591715889285622,51.8814203739166
2.02454925419012,0.591707848250873,51.892468214035
2.02492068800631,0.591699535559762,51.9035577774048
2.02530239041828,0.59169091270875,51.9147446155548
2.02569482644829,0.59168193237942,51.9259309768677
2.0260995657764,0.59167258337946,51.9370670318604
2.02651724154661,0.591662847673173,51.9481108188629
2.02694690420976,0.591653074995871,51.9592347145081
2.02738583985768,0.591643289954421,51.9703769683838
2.02780142656336,0.59163179574433,51.9815993309021
2.02819843574383,0.591622384217553,51.992666721344
2.02858584686055,0.591613056091123,52.0038583278656
2.02897227807378,0.591603946315956,52.0149509906769
2.0293625829467,0.59159483344869,52.0260636806488
2.02973009049317,0.591586773121136,52.0373623371124
2.03008357775267,0.591578874314711,52.0483770370483
2.03043444124471,0.591570947132365,52.0594038963318
2.03078875012906,0.591562868548156,52.0706179141998
2.03114952270739,0.591554546107531,52.0816440582275
2.0315189558882,0.591545924263241,52.0927138328552
2.03189920399133,0.59153698277048,52.1040825843811
2.03229099767755,0.591527692069907,52.1151039600372
2.03269482121423,0.591517370832284,52.1262834072113
2.03311091561986,0.591507044947443,52.1376395225525
2.03353895015909,0.591496815106087,52.1486060619354
2.03394012319004,0.591484748606861,52.1596553325653
2.0343178798349,0.591474948154414,52.1707870960236
2.03468390919351,0.591465925413217,52.1817307472229
2.03504942917977,0.59145337309281,52.1927840709686
2.03541954131343,0.591439756045465,52.2039315700531
2.03579696801079,0.59142364650631,52.2149031162262
2.03618219423259,0.59141290926878,52.225962638855
2.03655184667544,0.591403011025994,52.237165927887
2.03690986738127,0.591392822662517,52.2482824325562
2.03726741931056,0.591372090787081,52.2592959403992
2.03762855589218,0.591354123159584,52.2704260349274
2.03799588010126,0.591337146695788,52.2815353870392
2.0383713129721,0.591328543650635,52.2926108837128
2.03875619450737,0.59131960855811,52.3036251068115
2.03915248639665,0.591310317953249,52.3147735595703
2.03956117903618,0.591300648174032,52.3259918689728
2.03998279811476,0.591290572725699,52.3371076583862
2.04041653203328,0.591280422410133,52.3481867313385
2.04081774623686,0.591269273262132,52.3592340946198
2.04120047008485,0.591259325192794,52.3703565597534
2.04157266251345,0.59124732375727,52.3815395832062
2.04194367406359,0.591234400472402,52.3926002979279
2.04231953077394,0.591219770108207,52.403653383255
2.04267477176932,0.591205267388847,52.4147806167603
2.04301571986104,0.591197345224798,52.4258508682251
2.04335403103592,0.591181526996691,52.4370183944702
2.0436958790635,0.591173467621528,52.4483227729797
2.04404489174804,0.5911652727802,52.4593665599823
2.04440223255925,0.591156852897074,52.4705135822296
2.04476925613023,0.591148160394939,52.4815473556519
2.04514685178676,0.591139161034449,52.49263215065
2.04553575501428,0.591129823034823,52.5036871433258
2.04593588408892,0.591119314424212,52.5148146152496
2.0463485552327,0.591108783327607,52.5259118080139
2.04677382131949,0.591098200394348,52.5370593070984
2.04721106534177,0.591087742137164,52.5481839179993
2.04762021831065,0.591076111928004,52.5592119693756
2.04801233644705,0.591066193479811,52.5703039169312
2.04839563769663,0.591056311714192,52.5814573764801
2.04877571889248,0.591043486679916,52.5925054550171
2.0491582939254,0.591027712459726,52.6035776138306
2.04952005152702,0.591012334226095,52.6146991252899
2.04986807537424,0.5910008791212,52.6258039474487
2.05021294225466,0.590992680579747,52.6369228363037
2.05055992004634,0.590984355072962,52.6480395793915
2.05091421314782,0.590975825774373,52.6593582630157
2.05127748235584,0.590967043674463,52.6706643104553
2.05165084671989,0.590957968860845,52.6816129684448
2.05203516515381,0.590948566235171,52.6926817893982
2.05243112052185,0.590938804306257,52.7037966251373
2.05283857847274,0.590928033578246,52.7148785591126
2.05325959699151,0.590917515653913,52.7259933948517
2.05369255200724,0.590906831982651,52.7371053695679
2.05413467261642,0.590896185199753,52.7481904029846
2.05455107770745,0.59088436540683,52.7591831684113
2.05494642536368,0.590873986948026,52.770325422287
2.05533390932225,0.590863939695931,52.781455039978
2.05572122257618,0.590854072208516,52.7925019264221
2.05608186735397,0.590843978830146,52.8035626411438
2.05642580387663,0.590833350834697,52.8147127628326
2.0567649967515,0.590822649757844,52.8258254528046
2.05710651550086,0.590812052124096,52.8369324207306
2.05745541602224,0.590802063639969,52.8480525016785
2.0578137872335,0.590792439646004,52.8591368198395
2.05818285006853,0.590783054703837,52.8702535629273
2.05856324338037,0.590773325970984,52.8814430236816
2.05895551081877,0.590763228205593,52.8924789428711
2.05936013814812,0.590752738087213,52.9035902023315
2.05977756497071,0.590741851932751,52.9147474765778
2.06020692344334,0.590730902918904,52.9258952140808
2.06064553510885,0.590719874315211,52.9369874000549
2.06106108834871,0.590707107039281,52.9481139183045
2.06145830751733,0.590696521086622,52.9592027664185
2.0618458095306,0.590685975299942,52.9702854156494
2.06223228637625,0.590675707333312,52.9814245700836
2.06262246625837,0.590665487146499,52.992457151413
2.06298953632678,0.590656360177538,53.0035915374756
2.06334251791627,0.59064743582365,53.0147471427918
2.06369280664762,0.590638499626339,53.0257930755615
2.06404648875655,0.590629413912958,53.0369539260864
2.06440657187033,0.590620076228104,53.0481023788452
2.06477540221797,0.590610424491553,53.0592451095581
2.06515509878451,0.590600429926995,53.0703542232513
2.06554641369343,0.590590058184761,53.081494808197
2.06594961480135,0.590578524043464,53.0925393104553
2.06636546504907,0.590566947617214,53.1036019325256
2.06679282177336,0.590555473883128,53.1147260665894
2.06723160017987,0.590544472893614,53.1258084774017
2.06764626456374,0.590531433435312,53.136917591095
2.06803818590388,0.590520283793441,53.1481020450592
2.06842238260526,0.590509437291489,53.1592316627502
2.06880684114669,0.590498856796049,53.1703588962555
2.06919549676746,0.590488454073417,53.1815176010132
2.06955999993752,0.590479167829467,53.1926662921906
2.06991038963037,0.590470075287908,53.2037808895111
2.07025702031439,0.590460930373542,53.2148354053497
2.07060781580463,0.590451623895064,53.2259545326233
2.07096597621629,0.590442075349605,53.2370135784149
2.07133332029102,0.590432229468105,53.2481830120087
2.07171106626824,0.590422041405709,53.2592878341675
2.07210012056478,0.590411473206339,53.2704272270203
2.07250115636557,0.590400493165597,53.2815487384796
2.07291469497947,0.590389092993791,53.2926523685455
2.07333956303462,0.590377679209564,53.3036875724793
2.07377297374298,0.590366097882007,53.3149144649506
2.07418346841718,0.590352874800947,53.326051235199
2.07457127763048,0.590341329892824,53.3373703956604
2.07495414881174,0.590330562628666,53.3484134674072
2.07533698533957,0.590319518548694,53.3595416545868
2.07572369247905,0.590308732410211,53.3707427978516
2.07611658067277,0.590297948274843,53.38170170784
2.07648872783323,0.590288120903889,53.3927984237671
2.0768477247036,0.590278520342582,53.4039623737335
2.07720456968176,0.590268899618153,53.4149994850159
2.07756523383509,0.59025910325152,53.4260227680206
2.07793291939887,0.590249027334383,53.4371867179871
2.07830930420975,0.590238589094305,53.4482233524323
2.07869700698289,0.590227761780602,53.4592378139496
2.07909671655669,0.590216509908482,53.4702951908112
2.07937997281514,0.590202506858755,53.489403963089
2.07957691972529,0.590185392200243,53.5006542205811
2.0796987410059,0.590169930648247,53.5116083621979
2.07971829110362,0.590181142273404,53.5228869915009
2.07970685989575,0.590189847022923,53.5340549945831
2.079704154414,0.590191880307396,53.5449595451355
2.07971542359448,0.590190842854493,53.5562014579773
2.07973810608677,0.590187382492888,53.567417383194
2.07976124749491,0.590187092476407,53.578399181366
2.07977347472978,0.590186013320114,53.5898241996765
2.07978211284272,0.590183847933265,53.6016767024994
2.07978983596285,0.590180489819304,53.6128101348877
2.07979739980508,0.590175840005437,53.6242382526398
2.07980734848758,0.590168280114197,53.6367003917694
2.07982207702971,0.590157268385167,53.6479229927063
2.07984114036608,0.590143445647951,53.6594307422638
2.07986344616161,0.590127222324922,53.6706852912903
2.07988819084145,0.590108836760509,53.6818459033966
2.07991405872927,0.590088488356459,53.6929140090942
2.07989943874853,0.590097631967292,53.7040240764618
2.07986662624783,0.590106604244199,53.7149887084961
2.07983451296769,0.590108547950522,53.7260653972626
2.07982227907088,0.590105132544429,53.7372233867645
2.07981064850952,0.59010155508672,53.7482159137726
2.07979890528026,0.59009777620057,53.7592244148254
2.07978696416742,0.590093813297418,53.7702717781067
2.07977485956466,0.590089686498545,53.7814755439758
2.07976265326288,0.590085419189536,53.792596578598
2.07975037860502,0.590081031520378,53.8036136627197
2.07973805468003,0.590076539263576,53.8147957324982
2.07972598546947,0.590071985434233,53.8258788585663
2.07971421540194,0.590067394959288,53.8369445800781
2.07970284020527,0.590062792553949,53.8481049537659
2.07969215446391,0.590054333990683,53.8591341972351
2.07968223194383,0.590042173991242,53.8702213764191
2.07967475392492,0.590027825102134,53.881370306015
2.07970684084152,0.590009046312585,53.8924062252045
2.07974603124864,0.58998988519217,53.9035515785217
2.07974582300305,0.589988329528898,53.9147148132324
2.07971901731311,0.589987018060883,53.9257533550263
2.07968065236361,0.589985673132703,53.9368879795074
2.07963741119686,0.589984421096004,53.9480702877045
2.07959215606718,0.589983343727427,53.9591279029846
2.07954604924307,0.589982483334535,53.9702229499817
2.07949947271314,0.589981842368407,53.9813783168793
2.07945272225167,0.589981458004521,53.9923784732819
2.07940617370924,0.589981352501786,54.0035161972046
2.079360142877,0.589981532874668,54.0146396160126
2.07931464210392,0.58998200929893,54.0257246494293
2.07926977065938,0.589982793465843,54.0368764400482
2.07926162093202,0.589968942798114,54.0481445789337
2.0792602401897,0.589955461196837,54.0591590404511
2.07926299106731,0.589942022686615,54.0702221393585
2.07926851297986,0.589928603922641,54.0814235210419
2.07939376225921,0.589824413294822,54.0925807952881
2.07966985492373,0.589697428183611,54.1036887168884
2.08002617427456,0.589569496190458,54.1147909164429
2.08043330530196,0.589440259142522,54.1259095668793
2.08079610656237,0.58931761261391,54.1370124816895
2.08112671053087,0.589189146027706,54.1481556892395
2.08144028143697,0.589060095060075,54.159373998642
2.08175002856444,0.588930988373893,54.1706154346466
2.08206201628085,0.588801981753411,54.1816296577454
2.08237934138757,0.58867314118024,54.1927180290222
2.08270369846327,0.588544470336041,54.2038125991821
2.08303614353608,0.588415967069822,54.2149090766907
2.08337742647887,0.588287623099305,54.2259695529938
2.08372767234088,0.588159431755836,54.2371428012848
2.08408821579977,0.588031366717634,54.2481577396393
2.08445936176752,0.587903406227268,54.2591784000397
2.08484152262139,0.587775529577831,54.2702386379242
2.08523519027757,0.587647713685278,54.2813546657562
2.08564091528127,0.587519932368208,54.2924273014069
2.08605929333033,0.587392155786037,54.3035614490509
2.08649094750184,0.587264350004449,54.3146550655365
2.08693660431445,0.587136477280468,54.325751543045
2.08734540203142,0.587007167217844,54.3368790149689
2.08770035581665,0.586881079057146,54.3479778766632
2.08802874800838,0.586752987211464,54.3590605258942
2.08834802946193,0.586624627471382,54.3702294826508
2.08866698620091,0.586496271764129,54.3814017772675
2.08899014407758,0.586368019736513,54.3924734592438
2.08931953420648,0.586239904683983,54.4035878181458
2.08965694638792,0.586111943380658,54.4147708415985
2.09000380557645,0.585984122720985,54.4258861541748
2.0903603053168,0.585856409343397,54.4370353221893
2.09072727195547,0.585728808491483,54.4481852054596
2.0911051318979,0.585601304846748,54.4592022895813
2.09149434588316,0.585473876555841,54.470281124115
2.09189544387889,0.585346498749072,54.4814066886902
2.09230900502019,0.585219143114463,54.4925532341003
2.09273566053736,0.585091777622751,54.5037577152252
2.09317610068418,0.584964365953718,54.5151505470276
2.09363107642357,0.584836866598882,54.5263001918793
2.0940183602894,0.584711046021741,54.5374779701233
2.09436199368534,0.584583376477795,54.5484030246735
2.09468811457004,0.584455403424143,54.5594379901886
2.09500967883094,0.584327405547165,54.570613861084
2.09533328263439,0.584199497519263,54.5816028118134
2.09566243047264,0.584071725265427,54.5926740169525
2.09599904183026,0.583944098989093,54.6038372516632
2.09634430193356,0.583816623159523,54.6148431301117
2.09669903247705,0.583689287648874,54.6259219646454
2.0970635216406,0.583562084517269,54.6370322704315
2.09743894777827,0.583434987539366,54.6482145786285
2.09782578624244,0.583307973046203,54.6592082977295
2.09822452040269,0.583181017863192,54.6702876091003
2.09863571265645,0.583054095910509,54.6814248561859
2.09905992545905,0.582927174850174,54.6924166679382
2.09949759975035,0.582800210541012,54.7035305500031
2.09991907112012,0.582675487860752,54.7146365642548
2.10028077059198,0.582548033891268,54.7257606983185
2.10060861776693,0.582420263208671,54.7369201183319
2.10092374676094,0.582292399800159,54.7480094432831
2.10123580403149,0.582164610966614,54.7591288089752
2.10155160474715,0.582036929755659,54.7702429294586
2.1018741744474,0.581909414065862,54.7813861370087
2.10220488791996,0.581782077428908,54.792466878891
2.1025444834926,0.581654909910768,54.8035728931427
2.10289353335633,0.581527901826296,54.8147337436676
2.10325255377144,0.581401037114933,54.8258192539215
2.10362201704446,0.581274295727828,54.8369302749634
2.10400242440579,0.581147657587999,54.8481998443604
2.10439431270088,0.581021100208051,54.8592441082001
2.1047982572396,0.580894598143537,54.8703193664551
2.10521487353468,0.580768122508998,54.8814353942871
2.10564481259166,0.580641640379589,54.8924741744995
2.10605803383764,0.580517467213649,54.9036045074463
2.10646431171932,0.580392586617854,54.9147679805756
2.1068197319825,0.58026513814899,54.9258604049683
2.10714591647319,0.580137625977483,54.936961889267
2.10746180691623,0.580010122718791,54.9481093883514
2.10777585011003,0.579882738485082,54.9591562747955
2.10809438087303,0.579755489045678,54.9702517986298
2.1084202444809,0.579628426322731,54.9814229011536
2.10875456992726,0.579501552233498,54.9924635887146
2.10909802976533,0.579374850566724,55.003574848175
2.10945119023702,0.579248307590049,55.0147700309753
2.10981457851672,0.579121906501978,55.0258836746216
2.1101886726633,0.578995625519657,55.0369627475739
2.11057398646539,0.578869443359292,55.0481998920441
2.11097107285279,0.578743336128368,55.059187412262
2.11138052582056,0.578617276824276,55.0702702999115
2.11180297889714,0.578491234780745,55.0814402103424
2.11220837322147,0.57836755190462,55.0924353599548
2.11260641597301,0.578243104594065,55.1035537719727
2.11300656803542,0.578118543136644,55.1147305965424
2.11335989445155,0.577991383984321,55.1259219646454
2.11368541029548,0.577864249308389,55.1370112895966
2.11400245644779,0.577737194535124,55.1481375694275
2.11432012878354,0.577610281295763,55.1591715812683
2.11464248242729,0.577483523989593,55.1702396869659
2.11497226008474,0.577356958904696,55.1814045906067
2.11531062372576,0.577230584663436,55.1925179958344
2.11565834088181,0.577104384332984,55.2035830020905
2.11601599634576,0.576978340745782,55.2147128582001
2.11638413372837,0.576852435805979,55.2258160114288
2.11676325057802,0.576726646892795,55.236944437027
2.11715387691698,0.576600951122965,55.2481160163879
2.11755658431702,0.576475323080533,55.2591652870178
2.11797198769725,0.576349734039831,55.2702534198761
2.11837021647651,0.576226497634803,55.2814173698425
2.11876063604871,0.576102470478912,55.2925026416779
2.1191526938502,0.575978340906732,55.3035888671875
2.11955123859247,0.575854171571124,55.3147284984589
2.11990533613241,0.575727409693383,55.3258216381073
2.12023294509263,0.575600686234398,55.3369591236114
2.12055297754743,0.575474069359543,55.348171710968
2.12087414082755,0.575347615474717,55.3592376708984
2.12120060932772,0.575221348977002,55.3703365325928
2.12153456545527,0.575095272527539,55.381466627121
2.12187726448299,0.574969380065504,55.3924829959869
2.12222953468284,0.574843654948563,55.4035651683807
2.12259200935089,0.57471808073568,55.4147336483002
2.12296527087025,0.574592639709469,55.4258060455322
2.12334984603423,0.574467309283689,55.4369044303894
2.12374629456182,0.574342066421681,55.4480249881744
2.12415510769481,0.574216880206054,55.4591126441956
2.12454640140571,0.574094076458725,55.4702506065369
2.12492953815595,0.573970438666923,55.4814014434814
2.12531391922749,0.5738467059668,55.4924528598785
2.12570447242047,0.573722952471259,55.5035901069641
2.12610378346505,0.573599294544729,55.5146861076355
2.12651108132593,0.573476802309735,55.5257515907288
2.12689097755535,0.573353341713464,55.5369136333466
2.12724603754292,0.573224814750179,55.5480744838715
2.12759465145743,0.573100485244286,55.5591490268707
2.12794334059706,0.572978087504137,55.5702652931213
2.12829615915646,0.572857198061749,55.5814740657806
2.12865550034711,0.572737289925482,55.5925235748291
2.12901649621147,0.57262353174691,55.6036009788513
2.12940273785341,0.572488928044313,55.6147308349609
2.12981018070991,0.572308074186593,55.6258807182312
2.13023170988504,0.572170213157903,55.6369564533234
2.13062832189796,0.572044697607622,55.648101568222
2.13101273536787,0.571885212792911,55.659170627594
2.13140250447306,0.571748746740386,55.6702795028687
2.13181204593525,0.571626532807637,55.6814460754395
2.13221742372891,0.571502458824222,55.6926443576813
2.13262669964363,0.571378397721353,55.7038831710815
2.13304155911164,0.571255358354508,55.7148718833923
2.133427962572,0.57113004339212,55.7259764671326
2.13378830646689,0.571007259503256,55.7372055053711
2.13414048965951,0.570885833080752,55.7482283115387
2.13449266635676,0.570765552493305,55.7592668533325
2.13483818753329,0.570654658331325,55.7703993320465
2.13519425233071,0.570512098931636,55.7814936637878
2.13556037521109,0.570332922211912,55.7925491333008
2.13593832775416,0.570207015897003,55.8036031723023
2.13632524878344,0.570081173852024,55.8147304058075
2.13669145700195,0.569958099660544,55.825829744339
2.13704766193253,0.569833805150851,55.8369190692902
2.13740351715247,0.569709391120671,55.8480637073517
2.13776428170319,0.569584989305701,55.8591589927673
2.1381327753735,0.569460630704557,55.870236158371
2.13851060607641,0.569336318754143,55.8814165592194
2.13889886928093,0.569212041004195,55.8924939632416
2.13931906545553,0.569087378061498,55.9035921096802
2.13975730527989,0.568959954500442,55.9147737026215
2.14018887496477,0.568834974735952,55.9258649349213
2.14059992026957,0.568706092287216,55.936959028244
2.14098036080269,0.568580526583208,55.9481203556061
2.1413646027358,0.568462927160885,55.959231376648
2.14173855910629,0.568344593469904,55.9703099727631
2.14211212561414,0.568227252410354,55.9815044403076
2.1424897223699,0.568111023174082,55.9926118850708
2.14284275615851,0.568000116443374,56.0037014484406
2.14318472332685,0.567879388488489,56.0148539543152
2.14352597092395,0.567759035730184,56.0259680747986
2.14387155541441,0.567638546132202,56.0371799468994
2.14422414103431,0.567518128212835,56.0483114719391
2.14458796565443,0.567398990375223,56.0594363212585
2.14497064160783,0.567285588779529,56.0706470012665
2.14537144123824,0.567167583866587,56.0816562175751
2.14578794655268,0.567046572573037,56.0927219390869
2.14620083640114,0.566926843583466,56.1040663719177
2.14659591540339,0.566798655590601,56.115065574646
2.14696299940073,0.566678754586498,56.1262075901032
2.14732155553218,0.566559642192584,56.1374433040619
2.14769042978546,0.566446999000711,56.1484367847443
2.1480502289267,0.566335838545105,56.1595256328583
2.14841999494072,0.566193383002492,56.1707398891449
2.14880086889212,0.566062056558414,56.1816787719727
2.14916104597153,0.565931825427735,56.1928882598877
2.1495135434196,0.565785499483853,56.2041006088257
2.14986889506528,0.565605808222886,56.2150762081146
2.15022599832813,0.565498622099583,56.2261612415314
2.15057759456369,0.565393707942629,56.237410068512
2.15093615406465,0.565287255241805,56.2483701705933
2.15131294285229,0.565175969367705,56.2594237327576
2.15171620040245,0.565057288759829,56.2705223560333
2.15214728580295,0.564931952559205,56.2816233634949
2.15257179900419,0.56481021181054,56.2926542758942
2.15297305316276,0.564684309219275,56.3037703037262
2.15334512413886,0.564564832619494,56.3148889541626
2.15370721627299,0.564446262763821,56.325989484787
2.15406879396824,0.564328628852449,56.3371102809906
2.15442691623593,0.56419690555253,56.348240852356
2.15479499686218,0.564044535298462,56.3592648506165
2.15514277203029,0.563894626322559,56.3703370094299
2.15548442795968,0.563724561074441,56.3815069198608
2.15581949135386,0.563581505632265,56.3925797939301
2.15615424961349,0.563438825568988,56.4036459922791
2.1564898988353,0.563298866291937,56.4147930145264
2.15683731497822,0.563174389941247,56.4258563518524
2.15719510961022,0.563050037569245,56.4369170665741
2.15756347125217,0.562925779451001,56.4480049610138
2.15794268833857,0.562801597692929,56.4590880870819
2.15833320024873,0.56267747284368,56.4702463150024
2.15873551867868,0.562553380919299,56.4814121723175
2.15915021903891,0.562429294399421,56.4924592971802
2.1595773612795,0.562305416699848,56.5035810470581
2.15996599951345,0.562179452393291,56.5147664546967
2.1603318687466,0.562053514012108,56.5258452892303
2.16069192831787,0.561927679953478,56.536924123764
2.16105351178213,0.561801995976378,56.5480585098267
2.16139074932261,0.561679635481215,56.5591354370117
2.16171687701598,0.561555480325852,56.5702216625214
2.16204153601069,0.561431129731849,56.5814034938812
2.16236979587603,0.561306770953673,56.5924487113953
2.16270464821166,0.561182484210767,56.6035556793213
2.16304796847176,0.561058309898969,56.6146731376648
2.1634005396877,0.560934251412171,56.6258308887482
2.1637629662684,0.560810298076111,56.6369695663452
2.16413578827297,0.560686438421213,56.6482837200165
2.16451953001213,0.560562654688272,56.6592888832092
2.16491473802496,0.560438924910527,56.6703679561615
2.16532194388295,0.560315222870296,56.6814801692963
2.16574177722488,0.560191520517953,56.6925525665283
2.16617490914264,0.56006778517105,56.7037758827209
2.16656922632816,0.559942323852516,56.7148318290711
2.16694105622235,0.559816886215944,56.7259440422058
2.16730682494924,0.559691557594491,56.737003326416
2.16764379022017,0.559569382389291,56.7480845451355
2.16796732380257,0.559445467982817,56.7593545913696
2.16828820966508,0.559321370950894,56.770512342453
2.16861234982291,0.559197301345181,56.7818801403046
2.16894268095802,0.559073328916541,56.7928800582886
2.16928084284256,0.558949468326268,56.8042404651642
2.1696274881718,0.55882569921731,56.815806388855
2.16998394905127,0.558702049494443,56.8275065422058
2.17035066638294,0.558578509443277,56.8414208889008
2.17072809535,0.558455063068548,56.8547925949097
2.1711167401841,0.558331689679317,56.8671545982361
2.17151711471326,0.558208365289478,56.8782544136047
2.17192981404688,0.558085063764777,56.8898177146912
2.17235547705551,0.557961755020966,56.9012463092804
2.17279479281114,0.557838404797149,56.9122092723846
2.17319617133818,0.557713421979396,56.923445224762
2.1735751998077,0.557588460150781,56.9354672431946
2.17391744414721,0.557466591274131,56.9464600086212
2.17424143135154,0.557342925408107,56.9585018157959
2.17455965925767,0.557219071347941,56.9701662063599
2.17487986355045,0.557095262457079,56.9812922477722
2.17520590900824,0.55697156119344,56.9923489093781
2.17553955987972,0.556847984899236,57.0035076141357
2.17588176512571,0.556724536802663,57.014543056488
2.17623311151181,0.556601195365606,57.0256397724152
2.17659459729561,0.556477975174713,57.0368676185608
2.17696662745205,0.556354862965822,57.0479376316071
2.17734966945432,0.556231839224654,57.0590300559998
2.17774424364013,0.556108881948101,57.0702080726624
2.17815091562038,0.55598596619427,57.0813007354736
2.178570288612,0.55586306357929,57.0923202037811
2.17900302036538,0.555740142168967,57.1035475730896
2.17944982510826,0.55561716563246,57.1148283481598
2.17982545627188,0.555496561508009,57.1260998249054
2.18015844802631,0.555373183758408,57.137423992157
2.18047480571396,0.555249426159437,57.1485376358032
2.18078701720247,0.555125619116431,57.1596417427063
2.1811008151625,0.555001907889284,57.1707632541657
2.18141992994078,0.554878359067976,57.1819355487824
2.1817469703135,0.554754974619728,57.1930055618286
2.1820827035604,0.554631749242973,57.2041473388672
2.18242769520371,0.554508677400115,57.2151367664337
2.18278242598065,0.554385745623607,57.2262191772461
2.18314734211692,0.554262938561732,57.2374715805054
2.18352292367768,0.554140238418349,57.2485845088959
2.18390968551998,0.554017625126604,57.259669303894
2.18430817958302,0.553895075969722,57.2708585262299
2.18471899597356,0.553772565182978,57.2817645072937
2.1851427585754,0.553650063445297,57.2927598953247
2.18558014536908,0.55352753778197,57.3038482666016
2.18603189159498,0.553404950701623,57.3149094581604
2.18641464088874,0.553283503255816,57.3260986804962
2.18675406051476,0.553160482825407,57.3374400138855
2.18707611800227,0.553037193349131,57.3485219478607
2.1873936210199,0.552913894847156,57.3595049381256
2.18771207776244,0.552790713272566,57.3706970214844
2.18803650724503,0.552667688233941,57.3816959857941
2.18836879011805,0.552544820168757,57.3927369117737
2.18870983006912,0.552422105482778,57.4038925170899
2.1890602988933,0.552299536391031,57.4150035381317
2.18942073802706,0.552177098842506,57.4260807037354
2.18979165500937,0.552054776410415,57.4374833106995
2.19017357534822,0.551932551632036,57.4485259056091
2.190567052539,0.551810404581608,57.4595491886139
2.19097259140105,0.551688308146609,57.470719575882
2.19139082012009,0.551566234628194,57.481791973114
2.19182248472939,0.551444156588984,57.492830991745
2.19223677246882,0.551324248636317,57.5041370391846
2.19264393745033,0.551203585180379,57.5151143074036
2.19300185926585,0.551080420667643,57.5261931419373
2.19333042301269,0.550957288139077,57.5374963283539
2.19364851903505,0.550834139929176,57.5485410690308
2.19396579566672,0.550711084501117,57.5596611499786
2.19428700658436,0.550588186406792,57.5708963871002
2.19461378984853,0.550465484695374,57.5819163322449
2.19494936692354,0.550342968470484,57.5929687023163
2.19529430126754,0.550220619145717,57.6041259765625
2.19564907370898,0.550098423313703,57.6151218414307
2.19601414334561,0.549976362698469,57.6261885166168
2.19638997782371,0.549854417834899,57.6375818252564
2.19677708746337,0.549732568454472,57.6486239433289
2.19717602404349,0.549610791794459,57.6597242355347
2.19758738188322,0.549489062160397,57.6708605289459
2.19801179127623,0.54936735038552,57.6818723678589
2.19841869001749,0.549247850662099,57.6929085254669
2.19881859668579,0.549127575323942,57.7041032314301
2.19921978475411,0.549007384484072,57.7150356769562
2.19957634104296,0.548884453018353,57.7260415554047
2.19990604766951,0.548761620033101,57.7371301651001
2.2002266952455,0.548638818064721,57.7482168674469
2.20054725183662,0.548516141384603,57.7591645717621
2.20087164425901,0.548393640390989,57.7702741622925
2.20120280490561,0.548271338851992,57.7814590930939
2.20154289675237,0.548149221305387,57.792537689209
2.201892519778,0.54802726866044,57.8036105632782
2.20225220081696,0.54790546596757,57.8147830963135
2.2026224289009,0.547783793958421,57.8258664608002
2.20300369696226,0.54766223222526,57.8369462490082
2.20339653832889,0.547540759285245,57.8480756282806
2.20380152758822,0.547419350980339,57.8591532707214
2.20421928285767,0.547297980059266,57.8702840805054
2.20461920502012,0.547178879404098,57.8814432621002
2.20501181123002,0.547058938814151,57.8925244808197
2.20540605244519,0.546938862457709,57.9035975933075
2.20580527572646,0.546819438707367,57.9147825241089
2.20616147269685,0.546702448956259,57.9259359836578
2.20649453360872,0.546580046630109,57.9370369911194
2.20682165371407,0.546460241764635,57.9481718540192
2.20714949814289,0.546340873907789,57.9592096805573
2.2074757677643,0.546229612006204,57.9702968597412
2.20780163491507,0.546121003334594,57.981538772583
2.20813373660876,0.545992967094268,57.9926526546478
2.20847343261978,0.545861034544985,58.003723859787
2.20882359058411,0.545725393809226,58.014972448349
2.20918584591004,0.545584965295203,58.0260739326477
2.20956167788273,0.545435382912899,58.0375192165375
2.20996031439452,0.545239981258518,58.0486435890198
2.2103733743834,0.545112357937098,58.0596845149994
2.21076118455449,0.544992658243686,58.070858001709
2.21113646080609,0.544871949745073,58.0818641185761
2.2115110432402,0.544751151484313,58.0929245948792
2.21189051174386,0.544630347514492,58.1040992736816
2.21227806643663,0.544509554454892,58.1150572299957
2.21267416375363,0.544389325704041,58.126136302948
2.21307436599867,0.544277522322068,58.1373963356018
2.21344550123183,0.544159774441963,58.1483476161957
2.21379671994847,0.544036077626115,58.1593904495239
2.21414277478501,0.543916274755027,58.170613527298
2.21448924192253,0.543797732513478,58.1816160678864
2.2148403013281,0.543680006149571,58.1926500797272
2.21519000531021,0.54356992229486,58.2038269042969
2.21555756503939,0.543438893976733,58.2151012420654
2.21595007467072,0.543294818306722,58.2261526584625
2.21635277057045,0.543127319103302,58.23743891716
2.2167733607246,0.542992919539101,58.2485101222992
2.21717058409039,0.542872378882371,58.2595522403717
2.21756122091846,0.542751145459039,58.2707612514496
2.21795615861741,0.542635439852712,58.2818322181702
2.21836422036063,0.542516324350246,58.2928893566132
2.21878583692101,0.542393883527703,58.3040735721588
2.21921379201757,0.54227123839525,58.3150298595429
2.21962102143844,0.542155952218829,58.3261260986328
2.21999806171513,0.542035335558208,58.3373880386353
2.22035437681198,0.541911693783837,58.3483443260193
2.22070451399657,0.541791820917034,58.3593664169312
2.22105480261708,0.54167317356709,58.3706073760986
2.22140958184956,0.541555334794193,58.3816392421722
2.22176455268264,0.541444050978104,58.3927235603333
2.2221267189708,0.541308573559036,58.4037961959839
2.22250235759417,0.541133724751563,58.4149439334869
2.2228863693068,0.540989430087711,58.4260821342468
2.22328607482579,0.540861272799002,58.4372675418854
2.22366898378783,0.540730888962966,58.448294878006
2.22404540293847,0.540563628066111,58.4593462944031
2.22441903581687,0.540441379177589,58.4704675674439
2.22479365987007,0.540319119673216,58.4816029071808
2.22517420872562,0.540196884658508,58.4926977157593
2.22556339863463,0.540074672893446,58.5037665367126
2.22596216087988,0.539952758766495,58.5149188041687
2.2263693466559,0.539835639116779,58.5260589122772
2.2267459450054,0.539713080506928,58.5373251438141
2.22709978031296,0.539592999280135,58.5483465194702
2.22744245826516,0.539478253755764,58.5594165325165
2.22777771399263,0.53936840241151,58.5705559253693
2.22811721298746,0.539235644432998,58.5816757678986
2.22846541748986,0.539095930396385,58.5927474498749
2.22882609205067,0.538943500179117,58.6038198471069
2.22919523392041,0.538793742030441,58.6149380207062
2.22958094925655,0.538665692569563,58.6261415481567
2.2299477055952,0.538539644446324,58.6373956203461
2.2303065236654,0.538403870763855,58.6483969688416
2.23066774650717,0.538240694063598,58.6595163345337
2.23103835299715,0.538085676054226,58.6707262992859
2.23142406400172,0.537971349740706,58.6817338466644
2.23182096273643,0.537854291738619,58.6928288936615
2.23222041840184,0.537731040192443,58.7040340900421
2.23262717905599,0.537607969765022,58.7149951457977
2.23304306777978,0.537485395642625,58.726110458374
2.23342602376904,0.537361693343158,58.7373359203339
2.23378678067555,0.537241839371672,58.7483444213867
2.2341312821148,0.537129874725256,58.7593991756439
2.2344855794822,0.537003668448641,58.7704904079437
2.23483777314738,0.536865253271143,58.7815952301025
2.23519885752552,0.536712802536804,58.7926630973816
2.23556955662254,0.536587575986069,58.8036923408508
2.23591917323803,0.536465329289786,58.8148233890533
2.23625764864705,0.536341543161982,58.8259608745575
2.23659484686129,0.536217599934738,58.8370585441589
2.23693620788708,0.536093673664509,58.8483095169067
2.23728451510816,0.53596981454061,58.8593125343323
2.23764139732831,0.535846032622499,58.87038397789
2.23800762807269,0.535722309709428,58.8815641403198
2.23838424948837,0.535598650253185,58.8926336765289
2.23877199277553,0.535475045670662,58.9036684036255
2.23918485299863,0.535354027640611,58.9148819446564
2.23962680951386,0.535224610644009,58.9260487556458
2.24009509640341,0.535088583455004,58.9371786117554
2.24051372220842,0.534963787278986,58.9482243061066
2.24089632864719,0.53484515954491,58.9592561721802
2.24125356187014,0.534723397391066,58.9703447818756
2.24161057654655,0.534597943949077,58.9814755916595
2.24197681469622,0.53447265486113,58.9926195144653
2.24232157009887,0.534350236994145,59.0036492347717
2.24265536291882,0.534226424653281,59.0148260593414
2.24298784876903,0.534102467470196,59.025975227356
2.24332437765218,0.533978539272526,59.037032365799
2.24366769942469,0.533854691405626,59.0481581687927
2.24401941278635,0.533730934408573,59.0591778755188
2.24438050828725,0.53360726813978,59.0702917575836
2.24475171109813,0.53348368567715,59.0814297199249
2.24513364949075,0.53336017069637,59.092431306839
2.24552691427447,0.533236704148892,59.1036193370819
2.24593206884477,0.533113262250396,59.1147730350494
2.24634914205728,0.53298920947376,59.1259138584137
2.24677964360781,0.532865707776695,59.1369776725769
2.24717125948015,0.532740404492832,59.1480860710144
2.24754043712945,0.532615131169339,59.1591556072235
2.247903458848,0.532489968839937,59.1702923774719
2.24823731925693,0.532368202016504,59.1814649105072
2.24855797949984,0.532244485670211,59.1925487518311
2.24887604789654,0.532120558557996,59.2036130428314
2.24919686657629,0.531996602248932,59.2147767543793
2.24952408334883,0.53187273506749,59.2260999679565
2.24985936257304,0.531748994146587,59.2373383045197
2.25020353502852,0.531625381064809,59.2482895851135
2.25055720132101,0.53150188544549,59.2593009471893
2.25092087951456,0.531378499551675,59.2704157829285
2.25129507005576,0.531255207282794,59.2815487384796
2.25168028804225,0.531131989560965,59.2926142215729
2.25207708167075,0.531008823785415,59.303694486618
2.2524859995164,0.530885683774718,59.3148250579834
2.25290767280452,0.530762540847812,59.3260214328766
2.25334277777513,0.530639361982921,59.3374352455139
2.25373896416889,0.530514486170757,59.3485045433044
2.25411250545978,0.530389639729146,59.3595063686371
2.25444836972626,0.530268213300857,59.3706388473511
2.25476681543722,0.530144715857995,59.3816928863525
2.25508055907031,0.530020980829118,59.3928112983704
2.25539594974263,0.529897218987031,59.4040312767029
2.25571708557353,0.52977355733258,59.4151303768158
2.25604583199963,0.529650031536375,59.4262037277222
2.25638313201829,0.529526649526609,59.4375972747803
2.25672964298736,0.529403402173072,59.4486598968506
2.25708586416795,0.529280281268615,59.4596810340881
2.25745228001943,0.529157272011571,59.4707968235016
2.25782938374522,0.529034357351498,59.4818625450134
2.25821769875684,0.528911516787972,59.4929299354553
2.25861778330865,0.528788727052223,59.5040636062622
2.25903022639699,0.528665961573259,59.5150125026703
2.25945566023323,0.528543190379481,59.5260910987854
2.25989477020698,0.528420379524874,59.5373277664185
2.26034829860491,0.528297490358421,59.5483734607697
2.26073346665285,0.528176488582032,59.559330701828
2.26107530082663,0.528053364108256,59.5705151557922
2.26139967644648,0.527929912762547,59.5816259384155
2.26171941361929,0.527806420286774,59.5927004814148
2.26204068341353,0.527682967505448,59.603880405426
2.26236778403509,0.527559649078926,59.6151101589203
2.26270245431314,0.527436484937127,59.6261746883392
2.26304579048722,0.5273134705737,59.6374094486237
2.26339854203392,0.527190598832317,59.6485188007355
2.26376129435419,0.527067854752359,59.6596629619598
2.26413447646749,0.526945223575945,59.6708359718323
2.2645187592441,0.52682268340772,59.6817603111267
2.26491483554014,0.526700206948559,59.692789554596
2.26532320440986,0.526577768279781,59.7039065361023
2.2657444374785,0.526455338541763,59.7149283885956
2.26617918001586,0.526332885425084,59.726170539856
2.26662814419162,0.526210372229921,59.7374129295349
2.26700752630179,0.526089211394182,59.7483539581299
2.26734392273437,0.525966237462242,59.7593536376953
2.26766313770056,0.525842966931308,59.7704124450684
2.26797787224144,0.525719675671965,59.7816472053528
2.26829360782623,0.52559649328446,59.792679309845
2.26861514652732,0.525473463275918,59.8036980628967
2.26894446582365,0.525350587056844,59.814948797226
2.26928216135561,0.525227836035568,59.8260264396667
2.26962943098961,0.525105235497168,59.8370847702026
2.26998667471084,0.524982773657573,59.8481960296631
2.27035430509833,0.524860431838217,59.8592035770416
2.27073278957934,0.524738191401683,59.8703210353851
2.27112264216181,0.524616031494696,59.8814942836762
2.27152442039269,0.524493928603485,59.8924629688263
2.27193872232291,0.524371856084074,59.9035835266113
2.27236618442479,0.52424978373305,59.9148190021515
2.27280749926285,0.524127677557124,59.9258944988251
2.27323304288685,0.52400749389549,59.9369885921478
2.27359895940043,0.523884716063768,59.948123216629
2.27393064823255,0.523761794113413,59.9591975212097
2.27424955955753,0.523638793311372,59.9703018665314
2.27456561083036,0.523515861782681,59.9815218448639
2.27488467050839,0.523393072946808,59.9926347732544
2.27521045045513,0.523270441866902,60.0036561489105
2.27554414550052,0.523147953824328,60.0147926807404
2.2758870168417,0.523025626380856,60.0259025096893
2.27623958403822,0.522903450355601,60.036970615387
2.27660232232415,0.522781408338099,60.0480966567993
2.27697569848555,0.522659481070528,60.0591657161713
2.27736021794097,0.522537648815635,60.0702764987946
2.27775642524694,0.522415889387173,60.0814306735992
2.27816490577962,0.522294177758735,60.0924818515778
2.27858628335734,0.52217248555233,60.1035957336426
2.27902122385545,0.522050780679472,60.114684343338
2.27944030760075,0.521931002481488,60.1257786750793
2.2798521928209,0.521810707163819,60.1369049549103
2.28021403079986,0.521687957470948,60.1480078697205
2.2805462044529,0.52156527083369,60.1593499183655
2.28086794845194,0.521442586871571,60.17076587677
2.2811887722687,0.521319999065542,60.1817483901978
2.28151339704491,0.521197557790337,60.1929323673248
2.28184385044079,0.521075306007128,60.2041702270508
2.28218316596013,0.520953225897602,60.2152440547943
2.28253197223489,0.520831300202939,60.2262871265411
2.28289080779814,0.520709515464524,60.2375793457031
2.28326016702113,0.5205878538204,60.2486567497253
2.28364055035637,0.52046629667988,60.2598180770874
2.28403246892122,0.520344822646135,60.2709603309631
2.28443645048229,0.520223405895712,60.28200507164
2.28485319109874,0.520102022626305,60.2931771278381
2.28528331575604,0.519980642471346,60.3042185306549
2.28569752947967,0.519861185410186,60.3151140213013
2.28610414585973,0.519741209114429,60.3262958526611
2.28651290387443,0.51962113712565,60.3374676704407
2.28687666860684,0.519498685905394,60.3484563827515
2.28721316906116,0.519376341842321,60.3594546318054
2.2875405091775,0.519254034726264,60.3705830574036
2.28786768365136,0.519131837988592,60.3816268444061
2.28819935810527,0.519009795138155,60.3927097320557
2.28853809721396,0.518887923071477,60.4037599563599
2.28888472422061,0.518766226862833,60.4150009155273
2.28924118829853,0.518644688243787,60.4262225627899
2.28960829870305,0.518523283592463,60.4376213550568
2.28998646739943,0.518401991545474,60.4487547874451
2.29037617828541,0.518280792038838,60.4599838256836
2.29077797904187,0.518159662849529,60.4710824489594
2.29119247201248,0.518038578725133,60.4822514057159
2.2915886646543,0.517919829171132,60.4935691356659
2.29197742778782,0.517800165441631,60.504688501358
2.29236800317763,0.517680385107728,60.5161244869232
2.29276435851048,0.517560663737155,60.5271289348602
2.29316723574468,0.517442173040822,60.5381240844727
2.29353922452927,0.517324894818411,60.5495080947876
2.29388433193276,0.517205705993882,60.5605027675629
2.29422283728434,0.517084095001706,60.5715198516846
2.29456244725466,0.516965190147227,60.5828120708466
2.29490699311883,0.516846996524111,60.5938196182251
2.29525870062138,0.51672941970966,60.6048300266266
2.29561871230614,0.516612444392054,60.6160323619843
2.29597944933581,0.516503248141112,60.6270980834961
2.29634859485767,0.516369589686687,60.6381273269653
2.29674753878874,0.516198020044614,60.6493864059448
2.29717972260281,0.516045822803005,60.6603543758392
2.29762290013687,0.515857087049729,60.6714744567871
2.29804465647312,0.515734603378608,60.6827113628387
2.29845012962622,0.515617006969907,60.6937787532806
2.29885082180679,0.515500925552708,60.7048017978668
2.29924855898329,0.515380664448601,60.7160046100617
2.29964932276762,0.515261108888337,60.7270684242249
2.30004918556141,0.515149498829235,60.738180398941
2.3004184553139,0.515032470579261,60.7495393753052
2.30076625776106,0.51491222911297,60.7605020999908
2.30110887913633,0.514791463120646,60.7715713977814
2.30145287672276,0.514672871505847,60.7828783988953
2.30180197482263,0.514555056489289,60.7939140796661
2.30215814193859,0.514437951324617,60.8050618171692
2.30251832280878,0.51432539372617,60.8169736862183
2.30289478653232,0.514198740596797,60.8279695510864
2.30329514543744,0.51403446276566,60.8392772674561
2.3037109509528,0.513900867542262,60.8505690097809
2.30410232482459,0.513777784913259,60.8616471290588
2.30448396475047,0.513657981679733,60.8729310035706
2.30486468823706,0.513546994590844,60.8842082023621
2.30525285843663,0.513434236146852,60.8951148986816
2.30566002503757,0.513316464876201,60.9063045978546
2.30608224526127,0.513195160465632,60.9176647663116
2.30650953636791,0.513074978996622,60.928647518158
2.30690312902545,0.512950896577994,60.9398281574249
2.30726299688255,0.512831972943574,60.9510686397553
2.30760809289504,0.512717030545243,60.9620633125305
2.30794633609326,0.512606132358175,60.9731707572937
2.30828173075874,0.512483668309775,60.9853019714356
2.30862088927364,0.512352571636703,60.9964227676392
2.30898116703962,0.512224663625676,61.0083634853363
2.30936473603383,0.512065616286168,61.0200946331024
2.30976390657215,0.511930068583439,61.031233549118
2.31018438973886,0.511801250766672,61.0424160957336
2.31057674752762,0.511678977653518,61.0536341667175
2.31095686546786,0.511545196617508,61.0648167133331
2.31133620981301,0.511369571209632,61.0758476257324
2.31171807350648,0.511248959605461,61.0869455337524
2.31210331368494,0.511128365664371,61.0980939865112
2.3124959436996,0.511007796552397,61.1091296672821
2.31289827006468,0.510887236534131,61.12024974823
2.31331035789132,0.510767233024247,61.1314282417297
2.31373377756419,0.510648992859483,61.1427330970764
2.31412787939509,0.510527639679789,61.1541299819946
2.31449933584209,0.510405557078695,61.165135383606
2.31486337386086,0.510289102785392,61.1764099597931
2.31522720830566,0.510173426626488,61.1875655651093
2.31559531855851,0.510058745021431,61.1985418796539
2.31596983894719,0.509945088544709,61.2096757888794
2.31632018675192,0.509830993777242,61.220844745636
2.31665939983055,0.509711076467356,61.231960773468
2.3169976761057,0.509592542417773,61.2431988716125
2.31733998371603,0.509474708415995,61.2542684078217
2.31768917899485,0.509357022640813,61.2654087543488
2.31804794811792,0.509240080951358,61.2766103744507
2.31841887096204,0.50912471202818,61.2878057956696
2.31880677048105,0.509013504953504,61.2990674972534
2.31920928143459,0.508899879293525,61.3101637363434
2.31961039216112,0.508785514323704,61.3212203979492
2.31998755956051,0.508665114973978,61.3326191902161
2.32034326313794,0.508548031391965,61.3435933589935
2.32069396745171,0.508431426401284,61.354659318924
2.32103507927889,0.508324221226704,61.3657879829407
2.32138143632512,0.508191317460241,61.3768966197968
2.32173754093416,0.508049729941832,61.3879618644714
2.32210284242836,0.507874307899438,61.3991260528564
2.32248072955008,0.507742413429164,61.4103133678436
2.32283809905191,0.507612211432982,61.4214262962341
2.32318733838775,0.507466103681503,61.4326803684235
2.32353910344649,0.507288198491006,61.443656206131
2.32389049042901,0.507184967370648,61.4547157287598
2.32423881156029,0.507057941964073,61.4662358760834
2.32459970633356,0.506936685813182,61.4774880409241
2.32497288373357,0.506815504580201,61.4887635707855
2.32535805744204,0.506694378997643,61.5001661777496
2.32575533203681,0.506573284704447,61.5111477375031
2.32616483742655,0.506452274164728,61.5223500728607
2.32658643832789,0.506331595445952,61.5337386131287
2.32697601612496,0.506212123505249,61.5447127819061
2.3273443649041,0.506095298543406,61.5561168193817
2.32769462408499,0.505986746923453,61.5679709911346
2.32804804724559,0.505850654721338,61.5790731906891
2.32822009464243,0.505864543823853,61.5967652797699
2.32829869283481,0.505846577769847,61.6083691120148
2.32834910226859,0.505821157278236,61.6198208332062
2.32838852678808,0.505796505172619,61.6311638355255
2.32844075412768,0.505790624334123,61.6433539390564
2.32852159667783,0.505793664781055,61.6562201976776
2.32860449870543,0.505797337234849,61.6702618598938
2.32868532304673,0.505801655201215,61.6821022033691
2.32876462415457,0.505806436435315,61.6934170722961
2.32884228177253,0.505811680404376,61.7051358222961
2.32891809378964,0.505817349473416,61.716477394104
2.328992382307,0.50582343056856,61.7281754016876
2.32906527668929,0.505829907621055,61.7402095794678
2.32913682120757,0.505836757231782,61.7517428398132
2.32918720409706,0.50583144608326,61.7629806995392
2.32922543972093,0.505826155960617,61.7751038074493
2.32925730684572,0.505821135951232,61.7870490550995
2.32928525915856,0.505816369100975,61.79887342453
2.32931041172067,0.505811825864459,61.8101370334625
2.3293333095983,0.505807477548844,61.8219697475433
2.32935424898035,0.50580329748037,61.8339440822601
2.3293734215175,0.505799260170283,61.8453869819641
2.32939095752968,0.505795340991351,61.8568947315216
2.32940697625126,0.505791516958088,61.8701138496399
2.32942160219922,0.505787766869056,61.881716966629
2.32943494863538,0.505784071201741,61.8933489322662
2.3294459550725,0.505780424873933,61.9051766395569
2.3294540005325,0.505776810672937,61.916378736496
2.32951407047863,0.505790770322842,61.9277768135071
2.32956593959537,0.505800942911795,61.9388973712921
2.32959908541755,0.505815878225336,61.9502849578857
2.32961953087224,0.505831926029652,61.9613754749298
2.32963138816745,0.505848023922399,61.9724407196045
2.32963784054769,0.505863370788566,61.984308719635
2.3296413764816,0.505877392141112,61.9952507019043
2.32964410405027,0.505889653161098,62.0066492557526
2.32964824812535,0.505899699129976,62.019083738327
2.32965742483767,0.505906739971863,62.030261516571
2.329675557327,0.505910759104706,62.042177438736
2.32969555211999,0.505914510075934,62.0547776222229
2.32971433274918,0.505917936921764,62.0663084983826
2.32973095594681,0.505921004203226,62.0777323246002
2.32974468855345,0.505923662269566,62.0887713432312
2.32973678998278,0.505922025905325,62.1002278327942
2.32971068976466,0.505920620227913,62.1112842559815
2.32967680967331,0.505918048918891,62.1223881244659
2.32964082618205,0.50591345183823,62.1343650817871
2.32960673498582,0.505905988991965,62.1455883979797
2.3295808350641,0.505896877152955,62.1571900844574
2.32959463177615,0.505884994237502,62.1702647209168
2.32963318770052,0.505898044305865,62.1820182800293
2.32965225238376,0.505910076013379,62.1932966709137
2.32966012025923,0.505921861871526,62.2052533626556
2.32966634340633,0.50593351461017,62.2165987491608
2.3296872504686,0.505943455987911,62.2279341220856
2.32972042607932,0.505952439555038,62.2390596866608
2.32975427534026,0.505961792738161,62.2508416175842
2.32978417456599,0.505968458325713,62.2618088722229
2.32978497975069,0.50597471570426,62.273280620575
2.32976132278975,0.505979623349062,62.2858700752258
2.32973072249247,0.505983144270796,62.2971658706665
2.32970345555508,0.505985265039457,62.3093519210815
2.32967931511223,0.505985590752685,62.321567773819
2.32965609521548,0.505983692027048,62.3329391479492
2.32963248748178,0.505980144055091,62.3444073200226
2.32960594858429,0.505979106696464,62.3555648326874
2.32958188938722,0.505979894835887,62.3672177791596
2.32957967655546,0.505988068085655,62.3783104419708
2.3295883430234,0.505997921331153,62.3894793987274
2.32960354197868,0.506009539805841,62.4020173549652
2.3295933503527,0.506009843153616,62.4129712581635
2.32963142055426,0.506024788286052,62.4247653484345
2.32968058618237,0.506040535197553,62.4360413551331
2.3297114546624,0.506046928612539,62.4471302032471
2.32972293891299,0.506053221490677,62.4587666988373
2.32972295219747,0.506059165149399,62.4701087474823
2.32971586837751,0.506064683653433,62.4811420440674
2.32970406807036,0.506069750451178,62.4922745227814
2.32968887528264,0.506074365209536,62.5034453868866
2.32967100306365,0.506078543853377,62.5145106315613
2.32965076664144,0.506082312869249,62.5256860256195
2.32962823469596,0.506085704017034,62.5368463993073
2.32960331322985,0.506088747361089,62.5478672981262
2.32957607820135,0.506089475989214,62.5589962005615
2.32954154914112,0.506084908842457,62.570155620575
2.32949608901069,0.50607724903845,62.5812335014343
2.32944301513126,0.506070625298345,62.5923125743866
2.3293881362488,0.506066694545198,62.6034519672394
2.32932464080654,0.506057683709236,62.6144654750824
2.32924953084331,0.506048166946756,62.6256279945374
2.32921822109058,0.506055475443377,62.6368355751038
2.32919826446954,0.506062475320103,62.6478390693665
2.32918390740967,0.506069331351389,62.6590352058411
2.3291714338333,0.506076078468336,62.6701552867889
2.32915901499929,0.506082733761149,62.6812167167664
2.32914569162614,0.506089304981613,62.6923038959503
2.32913113498786,0.506095796793693,62.703507900238
2.32911516104887,0.506102210867067,62.7145595550537
2.32909761723834,0.506108546911619,62.7259047031403
2.32907846356492,0.50611480439266,62.7369568347931
2.32905754006522,0.506120992879757,62.7480435371399
2.32903509820249,0.506127099331354,62.759129524231
2.32901115697605,0.506133121246016,62.7702572345734
2.32898577558067,0.506139055906628,62.7813103199005
2.32895903851574,0.506144900382078,62.7923579216003
2.32890971747469,0.506138024738872,62.8035206794739
2.3288389689751,0.506130930506665,62.8146157264709
2.3287577489295,0.506123618378426,62.8256630897522
2.32872408954539,0.506133123176878,62.8368892669678
2.32870471663464,0.506141600716481,62.847980260849
2.32869191221874,0.506149921518793,62.8590884208679
2.32868137814406,0.506158156624915,62.8702139854431
2.32867175243542,0.506166340456782,62.8813252449036
2.32866184536224,0.506174481429446,62.8923661708832
2.32865109743459,0.506182583174865,62.903502702713
2.32863922971054,0.506190639564081,62.9145929813385
2.32862610765898,0.506198638193359,62.9256818294525
2.32861167059898,0.506206572576574,62.9368581771851
2.32859590981989,0.506214434162905,62.9478826522827
2.32857900778186,0.506222202650971,62.9590396881104
2.32856101936755,0.506229864078816,62.9701852798462
2.32851919089337,0.506224965736502,62.981255531311
2.3284535565169,0.506220058587225,62.9922971725464
2.3283765519423,0.506215028287831,63.0034830570221
2.32829390415855,0.506209754439025,63.0145859718323
2.32820807266535,0.506204177254145,63.0256679058075
2.32817381288204,0.506219409714968,63.0368525981903
2.32815790199008,0.506230834256238,63.047958612442
2.32815038377943,0.506241631553802,63.0590612888336
2.32814617593627,0.506252155842075,63.0702137947083
2.32814293337968,0.506262482533943,63.0813293457031
2.32813952703056,0.506272657310921,63.0923640727997
2.3281353933531,0.506282664217326,63.1035354137421
2.32813032044547,0.506292522613867,63.1146221160889
2.3281242306101,0.506302208321754,63.1256680488586
2.3281171635273,0.506311708827199,63.1368360519409
2.32810920641045,0.506321013904933,63.1478753089905
2.32810045787197,0.506330102213047,63.1589598655701
2.32806759784843,0.506326470654635,63.1701102256775
2.32801065637648,0.506323371532825,63.1811542510986
2.32794209262901,0.506320189644529,63.1922624111176
2.32786789558145,0.506316741676138,63.2034430503845
2.32779067150498,0.5063129253781,63.2145836353302
2.3277115665538,0.506308686340601,63.2257516384125
2.32763402732691,0.506305123742718,63.2368800640106
2.32762761193203,0.506337704440114,63.2479746341705
2.32765257303355,0.506378503084937,63.2590680122376
2.32767558084662,0.506402025207455,63.2702431678772
2.32769534953006,0.506425045149947,63.2813220024109
2.3277132355055,0.506447108490291,63.2924320697784
2.32772964168411,0.506468002727759,63.3035500049591
2.32774414025558,0.506487029151057,63.3146796226501
2.32774792275127,0.506490453085378,63.325761795044
2.32774438558221,0.506516236315703,63.3369517326355
2.32776253313593,0.506610000241288,63.3481068611145
2.32777951368102,0.506662961183497,63.3593571186066
2.32775312333343,0.506640573118971,63.3705742359161
2.32769514412348,0.50663220554488,63.3817822933197
2.32762449365495,0.506627518247807,63.3930156230927
2.32755181411498,0.506622585275778,63.404111623764
2.32747651060091,0.50661725486769,63.4151208400726
2.32746875149663,0.506664077925043,63.4262049198151
2.32748245539328,0.506709375427441,63.4375627040863
2.32750815804643,0.506750630984258,63.448600769043
2.32753980428376,0.50678716673477,63.459570646286
2.32756677881951,0.506806012720391,63.4707205295563
2.32758785991121,0.506852029890997,63.4816980361939
2.32759559856019,0.50689882819114,63.4928069114685
2.32759624604599,0.506942418151739,63.5039258003235
2.32759166019497,0.506974037696401,63.5149531364441
2.32759076248764,0.506985589019539,63.52601313591
2.32758500945697,0.507027482493493,63.5371170043945
2.32757619306373,0.507049871236174,63.5481743812561
2.32757726043815,0.507068442004565,63.5592329502106
2.32757480068123,0.507076360327703,63.5702764987946
2.32754439513407,0.507069068681195,63.5814771652222
2.3274919384881,0.507063596310087,63.5925095081329
2.32743006993372,0.507058240870783,63.6036052703857
2.32736408060121,0.507052334257577,63.6148178577423
2.32729617311675,0.507045574663914,63.6258361339569
2.3272267080357,0.507037923035275,63.636937379837
2.32722206473439,0.50709047326081,63.6481976509094
2.32723664353422,0.507146675696644,63.6591911315918
2.32725684568496,0.507193108443281,63.6702806949616
2.32727673484176,0.507226595126371,63.6814141273499
2.32729620530739,0.507258575695412,63.6923887729645
2.32731430965394,0.507288154636762,63.7036356925964
2.32732907755612,0.507311754129649,63.7150657176971
2.32732895434655,0.507315945691223,63.7263033390045
2.32732769184438,0.50733285220666,63.7376616001129
2.32732245508954,0.507362975697471,63.7490885257721
2.32727871296892,0.507345622816204,63.7602047920227
2.32721916124566,0.507326131624568,63.7715055942535
2.32714185701518,0.507289622163679,63.7830345630646
2.32707807783822,0.507278935674463,63.7943017482758
2.32701805960769,0.507272991633956,63.8071789741516
2.32695790082783,0.507265313546509,63.8201415538788
2.32696147333499,0.507325155524839,63.8312571048737
2.32699016348023,0.507398549655709,63.8425843715668
2.32702028791148,0.507449711104671,63.8539419174194
2.32705337865587,0.507495847828184,63.8655092716217
2.32708197235899,0.507536346289061,63.8768043518066
2.32709881097726,0.507573109749306,63.8881630897522
2.32711246751501,0.507609070463263,63.8998963832855
2.32713491997677,0.507709923387448,63.9115233421326
2.32716546449265,0.507778512312582,63.9240674972534
2.32719088672993,0.507805237311019,63.9378061294556
2.32718171661529,0.507811243241187,63.9494171142578
2.32715240404226,0.50781687404605,63.9608085155487
2.32711595854543,0.507822369218776,63.9723565578461
2.32707695035359,0.507827323541569,63.9852838516235
2.32703723986486,0.507831335310153,63.9964103698731
2.32699783844486,0.507834017333501,64.0080683231354
2.32695867503721,0.507835405929507,64.0195009708405
2.32691970385577,0.507835453592982,64.0306286811829
2.32688091231245,0.507834074773423,64.0419433116913
2.32684199512066,0.507831079984181,64.0531268119812
2.32682469140247,0.507832667753586,64.0643672943115
2.32685527043154,0.507910745092405,64.0755271911621
2.32689469830506,0.507982243906721,64.0868000984192
2.32694127881822,0.508055137959334,64.0979747772217
2.32699052051454,0.508116619307612,64.1090633869171
2.3270393274077,0.508178984857221,64.1201972961426
2.32707961377981,0.508281123225072,64.1313216686249
2.32712563533524,0.508340955241304,64.1423683166504
2.32715497199995,0.508401496572219,64.1535625457764
2.3271708254064,0.508451571283054,64.1647100448608
2.3271644874582,0.508484342221419,64.1757261753082
2.32715120389697,0.508513692561318,64.1868612766266
2.32713569429623,0.508540237048155,64.1979985237122
2.32711964398474,0.508565115499145,64.2090835571289
2.32710362423646,0.508588699848428,64.220379114151
2.32708761490657,0.508611228970507,64.231632232666
2.32707210782056,0.508632550166539,64.2430200576782
2.32705706886902,0.508652697108598,64.254390001297
2.32704248045958,0.5086717466266,64.2657742500305
2.32702838521391,0.508689719662958,64.2773311138153
2.32701484863632,0.50870662823473,64.2914452552795
2.32700194635568,0.508722487563893,64.3046011924744
2.32698975922235,0.508737318467218,64.316769361496
2.32697837119657,0.508751146941972,64.3281600475311
2.32694716888966,0.508734138091666,64.3404219150543
2.32690904479485,0.508717576764266,64.3537781238556
2.3268974196148,0.508763391624294,64.3647346496582
2.32689366392651,0.508817561307561,64.3757779598236
2.32689188215076,0.508872505216643,64.386953830719
2.32689038116628,0.508926033769173,64.3980407714844
2.32688894309397,0.508978229045669,64.4091682434082
2.32688766228482,0.509029220152901,64.4202361106873
2.32688653810863,0.509078918317287,64.4313125610352
2.32688559255645,0.509127382375499,64.4423694610596
2.32688476162162,0.509174863284787,64.4536023139954
2.32688410777591,0.509221543732958,64.4648926258087
2.3268840897046,0.509267390978002,64.4761016368866
2.32688461771899,0.509312581467103,64.4873230457306
2.32688575957409,0.509357300688149,64.4984486103058
2.32687139066985,0.509371285337235,64.5096433162689
2.32685085974373,0.509381761506067,64.5207481384277
2.32682994312647,0.509390698638204,64.5316271781921
2.32680956621591,0.509398342010076,64.5428004264832
2.32678985193446,0.50940464957619,64.5543365478516
2.32677081704311,0.509409557326234,64.5654706954956
2.32675242562522,0.509413001346869,64.5770037174225
2.32673467561606,0.509414948833186,64.5887081623077
2.32671757271071,0.509415347337554,64.6002881526947
2.3267239839765,0.50943157888687,64.611930847168
2.3267524770987,0.509523522430564,64.6247289180756
2.32678504780519,0.509623452453776,64.63822722435
2.32682278797823,0.50972846146445,64.650426864624
2.32686292100185,0.509846091351398,64.6619131565094
2.32689835527113,0.509945853767532,64.6739871501923
2.32692011518351,0.510063599618374,64.6859796047211
2.32694155411405,0.510136014913038,64.6971788406372
2.32696105311534,0.510212218807328,64.7082221508026
2.32697429075492,0.510284479140087,64.7194023132324
2.32696958165146,0.510336763728482,64.7308604717255
2.3269627593842,0.510383075561838,64.7425086498261
2.32695571744996,0.510425045218388,64.753625869751
2.32694871897117,0.510464382150951,64.7647175788879
2.32694185015377,0.51050194486916,64.7757115364075
2.32693516251283,0.510538192515331,64.7868497371674
2.32692874113167,0.510573335191115,64.7979273796082
2.32692262966366,0.510607554660444,64.808988571167
2.32691677968941,0.510641034998008,64.8201651573181
2.32691135612689,0.510673787596278,64.8312377929688
2.32690647089027,0.510705860799408,64.8422789573669
2.32689074542396,0.510705055464991,64.8534858226776
2.32687779983127,0.510699804487374,64.8645703792572
2.32686703530023,0.510691733958079,64.8758959770203
2.32685758676277,0.5106817218628,64.8873391151428
2.32684908916656,0.510670098663496,64.8985011577606
2.32687328837918,0.510733374895334,64.9095842838287
2.32687801789907,0.510814022370181,64.9207780361176
2.32688404644274,0.510904479298745,64.9316992759705
2.32689798596795,0.511005235413081,64.9427962303162
2.32691420842184,0.511102840714427,64.9541680812836
2.32692942662644,0.511199376731165,64.9654264450073
2.32694060084228,0.511290232167094,64.9775354862213
2.32695056529595,0.511407696225481,64.9894647598267
2.32695901884811,0.511524152872417,65.0008497238159
2.3269535932063,0.511586674453078,65.0119428634644
2.32694899038828,0.511634829915525,65.0245268344879
2.32694412155637,0.51167540765398,65.0359973907471
2.32693926099087,0.511711465047859,65.0470807552338
2.32693446090296,0.511744497625612,65.058691740036
2.32692972316177,0.511775311000412,65.0704801082611
2.32692506917618,0.511804422748679,65.0813772678375
2.32692050511468,0.5118322125837,65.0923981666565
2.32691604635026,0.511858860525767,65.103574514389
2.32691171072613,0.511884468659082,65.114684343338
2.32690751451081,0.51190910314401,65.1259717941284
2.32690347375521,0.511932839785021,65.1370429992676
2.32689960418246,0.511955756598713,65.148086309433
2.32689592075261,0.511977930305051,65.1591415405273
2.32689243773121,0.511999439598389,65.1702191829681
2.32688916886888,0.512020366153666,65.1814684867859
2.32688801889062,0.512011054659561,65.1925206184387
2.32688180497484,0.512056218420712,65.2035703659058
2.32687565234855,0.512114805049386,65.2147445678711
2.32686899505365,0.512177854762374,65.2258400917053
2.32686198094395,0.512241648939246,65.236959695816
2.32685469003681,0.512304685935493,65.2482621669769
2.32684714562672,0.512366244153378,65.2593131065369
2.32683934810591,0.512426080708485,65.270455121994
2.32683131528094,0.512484732148645,65.2815155982971
2.3268230601018,0.512542061364248,65.2925539016724
2.32681458237051,0.512598083940596,65.3036832809448
2.32680589088376,0.512652877742498,65.3151226043701
2.32679701206329,0.512706475721753,65.3264009952545
2.3267879745294,0.512758955441077,65.3384552001953
2.32678722261707,0.512785361502528,65.3501634597778
2.32678773605788,0.51280044714923,65.3615801334381
2.32678831243534,0.512809741785266,65.3740870952606
2.32678895101666,0.512816001963755,65.387237071991
2.32678967304893,0.512820360827885,65.398989200592
2.32679049195993,0.512823319812062,65.410279750824
2.32679140627254,0.512825107081468,65.421746969223
2.32679242455663,0.512825808685676,65.4330031871796
2.32679372363135,0.512826369088741,65.4442918300629
2.32680180003787,0.512845243780624,65.4555659294128
2.3268124672281,0.51292400852232,65.4675235748291
2.32680339590505,0.513005086151764,65.4784996509552
2.32680208564337,0.513091221622689,65.4899191856384
2.32679892492313,0.513179856775688,65.5032527446747
2.32679139501245,0.513269949502701,65.5145764350891
2.3268059963749,0.513365828164744,65.5265562534332
2.32679514517546,0.513434800349507,65.5384569168091
2.32679110287567,0.513480836021357,65.5499851703644
2.32678700857522,0.513517368520658,65.5613000392914
2.32678280925523,0.513548402913479,65.5724737644196
2.32677851473103,0.513575918786019,65.5843706130981
2.32677414418985,0.51360083100812,65.5953245162964
2.32676971761517,0.513623589231252,65.6068398952484
2.32676525428268,0.51364444576446,65.6204063892365
2.32676077391086,0.513663558996437,65.6320192813873
2.32675629412658,0.513681082598495,65.6433165073395
2.32675183284027,0.513697142420309,65.6550056934357
2.32674740701661,0.513711840269252,65.6663720607758
2.3267430386195,0.5137252288252,65.6778430938721
2.32673875109666,0.513737186040179,65.6889448165894
2.3267345286521,0.513746879396938,65.7005567550659
2.32673038426187,0.513753767959418,65.7119898796082
2.32673751235755,0.513738573358685,65.7235815525055
2.32674508430232,0.513712758740401,65.7367098331451
2.32675284230945,0.513682346668385,65.7484745979309
2.32673912417963,0.513695162464528,65.7604141235352
2.32672532398722,0.513715769910743,65.7725162506104
2.32671329132439,0.513739448761546,65.7848756313324
2.32670481323418,0.51376418881841,65.7958197593689
2.32669638599491,0.513787983591747,65.80730676651
2.32668804520789,0.51381026371214,65.8204100131989
2.32667982959159,0.513830871192354,65.832581281662
2.3266717779179,0.513849810241702,65.8440127372742
2.32666392841933,0.513867073386692,65.8555545806885
2.32665631774445,0.513882401479242,65.8670761585236
2.32664898198859,0.513895366318274,65.8783278465271
2.32664197253818,0.513905199445156,65.8895020484924
2.32663531445321,0.513912022901725,65.9020853042603
2.32663374364576,0.513899447861704,65.9131529331207
2.32663217678807,0.513872794766562,65.924792766571
2.32663182713944,0.513839916510672,65.9366257190704
2.32663325355709,0.513804476720235,65.9477243423462
2.32663681474019,0.513768394384189,65.9587137699127
2.3266420905555,0.513732790380102,65.9711329936981
2.32664792965747,0.513698355546265,65.9824335575104
2.32665755227152,0.513691826769357,65.9942336082459
2.32664410973142,0.513717066906215,66.0060765743256
2.32663101001935,0.513730962321259,66.0200662612915
2.32661798319638,0.513737610081497,66.031986951828
2.32660503414675,0.513742997626977,66.0432217121124
2.32659554888665,0.513758507056421,66.0551636219025
2.32658793062288,0.513783389475042,66.0670962333679
2.3265800539044,0.513805221230118,66.078250169754
2.32657287411526,0.513823343833634,66.089567899704
2.32657289212698,0.513838682191463,66.1025722026825
2.32656646311299,0.513825563347908,66.113974571228
2.3265606222221,0.513790243412854,66.1259887218475
2.3265562118672,0.513747035591494,66.1383585929871
2.32655343164495,0.513703356586168,66.1498825550079
2.32655242851574,0.513663990702849,66.161278963089
2.32655360568308,0.513626108075494,66.1725289821625
2.32655730633657,0.51358777902203,66.1850266456604
2.3265625615796,0.513548620523982,66.1959760189056
2.32656002763475,0.513521976366134,66.2077989578247
2.32655623549094,0.513507213179293,66.2205493450165
2.32655116149844,0.513505163073454,66.2324376106262
2.32653846480356,0.513540794988103,66.2438585758209
2.3265256439086,0.513574163211998,66.2553668022156
2.32651355926288,0.5136034726056,66.2668235301971
2.32650250707524,0.513630854559927,66.2779185771942
2.32649014506489,0.513656861662703,66.289044380188
2.3264810422418,0.513677787984254,66.3009881973267
2.32647723851531,0.513676093113852,66.3119475841522
2.32647402036952,0.513655388424386,66.3234643936157
2.32647162200049,0.513624634168898,66.336748123169
2.32647007120181,0.513588200023976,66.3480813503265
2.32646935464172,0.513548089544099,66.3595688343048
2.32646944694634,0.51350512100026,66.3712937831879
2.32647031786507,0.513459638947026,66.3827967643738
2.32647193223678,0.51341180403294,66.3941757678986
2.32647075554945,0.513363589048848,66.4054987430573
2.32646705673856,0.513317876269736,66.4171860218048
2.32646138135199,0.513276026810306,66.4281363487244
2.32645408546682,0.513237715612894,66.4392035007477
2.32644679127685,0.513202044718977,66.4510638713837
2.32644023084819,0.513167111294489,66.462019443512
2.32642866970189,0.513175957867383,66.4734070301056
2.32641642823187,0.513195345000264,66.4863002300262
2.32640402792769,0.513219063105207,66.4978225231171
2.32639147002619,0.513244197536429,66.5096204280853
2.32639049943957,0.513246006257166,66.5214242935181
2.32638970898835,0.513224621581497,66.5328426361084
2.32638919353453,0.513190095382677,66.5444071292877
2.32638900205688,0.513147990531998,66.5554745197296
2.32638915958194,0.513101358607005,66.567155122757
2.32638967828826,0.513051623248485,66.5781366825104
2.32639056379276,0.512999475658179,66.5892863273621
2.3263918183535,0.512945229304625,66.6014552116394
2.32639344263573,0.512889028387388,66.6123762130737
2.32639543655496,0.512830943210953,66.6238567829132
2.32639780785126,0.51277082761577,66.6369440555573
2.32640054580208,0.512709052779228,66.6486601829529
2.32640364914734,0.512645559814811,66.6598472595215
2.3264071172342,0.512580351939716,66.6717457771301
2.32641095196077,0.512513404074221,66.6830792427063
2.32639888890556,0.512504575708683,66.6944496631622
2.32638695692164,0.512514379688409,66.7064607143402
2.32637494679509,0.512532202753241,66.7193853855133
2.32637510662329,0.512529634402292,66.730829000473
2.32637555377686,0.512504174498892,66.7431745529175
2.32637620876066,0.512465179631474,66.7549178600311
2.32637712135239,0.51241775084006,66.7663376331329
2.32637829936884,0.512365879623556,66.7778694629669
2.32637975784168,0.512311177253592,66.7895109653473
2.32638150662122,0.512254396095295,66.8020594120026
2.32638355055584,0.512195899130676,66.8130295276642
2.32638589428844,0.512135824956487,66.8250911235809
2.32638854284509,0.512074213313291,66.8362636566162
2.32639150199629,0.512011071550041,66.8475391864777
2.32639477765427,0.51194641825039,66.8593661785126
2.32639837671932,0.511880272221241,66.8719756603241
2.32640230631067,0.511812655795856,66.8836441040039
2.32640657519254,0.511743584830384,66.8953578472137
2.32641119201875,0.511673092104432,66.9079172611237
2.32639777697237,0.511660691172743,66.9210107326508
2.32638632946953,0.511667243524614,66.9329469203949
2.3263751651602,0.511682251324054,66.9441604614258
2.32637603784697,0.511677176375407,66.9558877944946
2.32637726091048,0.511648303862948,66.9676644802094
2.32637871750581,0.511605709614268,66.9786386489868
2.32638043768388,0.511555406778618,66.9900305271149
2.32638245140601,0.511500733027996,67.0022161006928
2.32638479312739,0.511442982492174,67.0134620666504
2.32638746632711,0.511383564979787,67.0250957012177
2.32639047120531,0.511322954059681,67.0362827777863
2.32639381287225,0.511261156241473,67.047509431839
2.32639749989089,0.511198136338156,67.0587561130524
2.32640152727743,0.511133709892451,67.0699939727783
2.32640591271708,0.511068059331617,67.081170797348
2.32641067688095,0.511001241047339,67.0922493934631
2.32641583698442,0.510933267695289,67.1034052371979
2.32642140966662,0.510864112453312,67.1144821643829
2.32639963292378,0.510853206786161,67.1256020069122
2.32638510369677,0.510862012444654,67.1367511749268
2.32637205905227,0.510879403488415,67.1477971076965
2.32635965336431,0.510900478683217,67.1589250564575
2.32635926432382,0.510900208015984,67.1700572967529
2.32635914327988,0.510875453637766,67.1811640262604
2.32635942206213,0.510837084682923,67.1923272609711
2.32636008966655,0.510791252975911,67.2035105228424
2.32636115200312,0.510741377294617,67.2146654129028
2.3263626508157,0.510689176334885,67.225843667984
2.32636458229698,0.510635510940044,67.236930847168
2.32636696619644,0.51058073017655,67.2479920387268
2.32636982425565,0.510524946552192,67.2591154575348
2.32637318231802,0.510468177213412,67.2705891132355
2.32637706555514,0.510410421234363,67.2816007137299
2.32638148658511,0.510351711568749,67.2926387786865
2.32638646656003,0.51029208112385,67.3037548065186
2.32639203606232,0.510231588469658,67.3148329257965
2.32623756076559,0.510363485164098,67.3262484073639
2.32606326614797,0.510605777775588,67.3374729156494
2.32588511980152,0.510902509224206,67.3488066196442
2.32570545259647,0.511231218142079,67.3599033355713
2.32552481967979,0.511580095717259,67.3709783554077
2.32534205156468,0.511914859455955,67.3820147514343
2.32515629423725,0.512237655941694,67.3930909633637
2.32496962442664,0.512559909064928,67.4041380882263
2.32478222711553,0.512886707013226,67.4151756763458
2.32459415022745,0.513220490341761,67.4262104034424
2.32440535132277,0.513562172512782,67.4375422000885
2.32421583676947,0.513912984329891,67.4487099647522
2.32402558926936,0.514274140969929,67.4597117900848
2.32383451731094,0.51464596701392,67.4707720279694
2.3236425667453,0.515028939622656,67.48184466362
2.3234496332365,0.515423557194128,67.4928851127625
2.32325532047565,0.515828826354115,67.5041973590851
2.32308652102615,0.516200741731359,67.5153741836548
2.32292029893976,0.516548267164894,67.5264022350311
2.3227656156971,0.516889986997601,67.5374791622162
2.32258719840507,0.5172235200811,67.5485234260559
2.32237917994256,0.517598464897097,67.5595192909241
2.32217814898291,0.517987011538489,67.5706317424774
2.32200767246647,0.518339976593435,67.5816628932953
2.32181419115411,0.518674710477715,67.5927138328552
2.32161006105343,0.519004586514739,67.6038725376129
2.32142305456787,0.51933242527007,67.6148905754089
2.3212359360012,0.519665616558653,67.6260538101196
2.32104831382116,0.520005328162902,67.6373076438904
2.32085997044611,0.520353191810437,67.6483957767487
2.32067085421411,0.520710228784059,67.6593759059906
2.32048092723478,0.521077213213381,67.670548915863
2.32029014481691,0.521454826507921,67.6815993785858
2.32009844541621,0.521843731883221,67.6926639080048
2.31990575052099,0.52224462366177,67.7040314674377
2.31971196701397,0.522658083131236,67.7150919437409
2.31954084291343,0.523027323126999,67.7261459827423
2.31936483803104,0.523381832217142,67.7373485565186
2.31918686499647,0.523734551219662,67.7485859394074
2.31900710683814,0.524062809727192,67.759770154953
2.31882383243172,0.524375072915564,67.770968914032
2.31863943412172,0.524683648399469,67.7823278903961
2.31845428681764,0.524995828410203,67.7934348583221
2.31826846432296,0.525314652640534,67.804559469223
2.31808191160555,0.525641276728269,67.8158137798309
2.31789462230842,0.525976418889226,67.8267552852631
2.31770661006756,0.526320567752771,67.8378517627716
2.3175178398172,0.526674184070159,67.8493695259094
2.31732826848807,0.527037765175836,67.8604032993317
2.31713785754001,0.52741184658662,67.8714637756348
2.31694654864235,0.527797007794996,67.8828091621399
2.31675426856619,0.528193885279403,67.8937952518463
2.31656093317943,0.528603169879218,67.9048149585724
2.31636652966895,0.529025630994753,67.9161233901978
2.31619228143399,0.529406505073104,67.9271488189697
2.31601472005011,0.529772263156362,67.9381737709045
2.31583559413982,0.530136219495458,67.9496924877167
2.31565455639498,0.530476227989828,67.9606657028198
2.31547043527424,0.530799423605294,67.9718835353851
2.31528528102805,0.531119586617218,67.9834117889404
2.31509932373975,0.53144296822741,67.9943678379059
2.31491259578902,0.531772588510784,68.0059061050415
2.31472512854124,0.5321100774331,68.017139673233
2.31453693780271,0.532456353851496,68.0281355381012
2.3143479863661,0.532812111060625,68.0393671989441
2.31415822603652,0.533177734100704,68.0505056381226
2.31396763148301,0.533553912078387,68.0615148544312
2.31377613192147,0.53394167931074,68.0727686882019
2.31358364946053,0.534341504175326,68.0838651657105
2.31339009426836,0.534754008916295,68.0948777198792
2.31321906194941,0.535122666872784,68.1061539649963
2.31304311651608,0.535476630670116,68.117518901825
2.31286529306245,0.535828340368263,68.1284904479981
2.3126861927218,0.53618473690384,68.1397423744202
2.3125050667163,0.536520585355335,68.1510891914368
2.31232092407678,0.536841172661859,68.1620807647705
2.31213581595283,0.53715941524061,68.1732697486877
2.31194992313658,0.537481213381762,68.1852085590363
2.31176327338572,0.537809394771456,68.1962201595306
2.31157590421252,0.538145472747809,68.2080640792847
2.31138782619136,0.538490308025576,68.2199158668518
2.31119900274937,0.538844554122649,68.2310435771942
2.31100937304348,0.539208377179377,68.2422118186951
2.31081894004012,0.539583044387089,68.2534084320068
2.31062761830413,0.539969096066284,68.2645661830902
2.31043532715905,0.540367051892628,68.2756357192993
2.31024197955303,0.540777551714034,68.2867658138275
2.31007180142174,0.541143601366914,68.2978782653809
2.30989646245372,0.541494200736708,68.3089685440064
2.30971900332937,0.541843479707057,68.3200881481171
2.3095402134428,0.542197545801221,68.3311769962311
2.30935947403192,0.542530595654466,68.342365026474
2.30917560600379,0.542848521447249,68.353520154953
2.30899073970946,0.543164187656418,68.3646519184113
2.30880510194528,0.54348341008932,68.3757848739624
2.30861872290653,0.54380894467903,68.3868441581726
2.30843159523117,0.544141826636737,68.3979275226593
2.30824377941756,0.544483359599493,68.4090824127197
2.30805526440127,0.544834652526414,68.4201967716217
2.30786596632777,0.545196004835291,68.4312624931335
2.30767584867868,0.545567845427794,68.4422914981842
2.30748485584411,0.545950699282143,68.4534556865692
2.30729291637651,0.546345171625535,68.4644963741303
2.3070999485844,0.546751932567555,68.4755704402924
2.30690579654436,0.547171563966542,68.4867255687714
2.30673226406379,0.547549432806978,68.4978168010712
2.30655514858294,0.547912223832333,68.508891582489
2.30637641539339,0.548273149620298,68.5201015472412
2.30619586141369,0.548609488398964,68.5311777591705
2.30601202474946,0.54892933133188,68.5422627925873
2.3058271540139,0.549246320930094,68.55344581604
2.30564149813375,0.549566590609106,68.5645225048065
2.30545504990454,0.549892331851065,68.5755834579468
2.305267931981,0.550226034157954,68.5867488384247
2.30508011011187,0.550568952181911,68.5978693962097
2.30489154396178,0.550921520331568,68.6089794635773
2.30470219190486,0.551284130951135,68.6201484203339
2.30451201695208,0.551657268104505,68.631222486496
2.30432096518955,0.552041483050428,68.6423354148865
2.30412896371474,0.552437397582932,68.6535439491272
2.30393592898478,0.552845693310945,68.6648652553558
2.30376652236834,0.553209078673073,68.6759159564972
2.30359162867163,0.553557009280041,68.6870555877686
2.30341452430769,0.553903671959395,68.698126077652
2.30323607324312,0.55425505709662,68.7092080116272
2.3030557707754,0.554584848465257,68.7203185558319
2.3028721286074,0.554899757016673,68.7313845157623
2.30268748324812,0.555212562744022,68.7424578666687
2.30250200339887,0.555527692690584,68.753561258316
2.30231590957362,0.555850018474329,68.7646889686585
2.30212911363528,0.556180543934287,68.7757399082184
2.30194161314199,0.556519859001684,68.7868103981018
2.30175339882372,0.556868434096526,68.7979311943054
2.30156442029907,0.557226744166522,68.8090057373047
2.30137463608101,0.557595304613392,68.8201370239258
2.30118400284835,0.557974668433351,68.8312745094299
2.30099245299264,0.55836544500456,68.8425345420837
2.30079990884277,0.558768297065968,68.8537042140961
2.30060617283224,0.559183586367062,68.8647546768189
2.3004339118427,0.559556458855472,68.8757588863373
2.30025749275384,0.55991435226733,68.8868169784546
2.30007932617267,0.560270348265257,68.8979098796844
2.29990001004227,0.56063080878774,68.9089820384979
2.29971870658266,0.560970304572743,68.9201171398163
2.29953439647628,0.56129436105995,68.9311702251434
2.29934908582701,0.561616268408227,68.9422442913055
2.29916297783148,0.561941931321803,68.9534111022949
2.29897613269738,0.562274155333691,68.9645068645477
2.29878858165499,0.562614468004343,68.9755783081055
2.29860032126591,0.562963755785424,68.986734867096
2.29841130737082,0.563322650280558,68.9978611469269
2.29822148046305,0.56369140980264,69.0089645385742
2.29803083834846,0.564071420183515,69.0201077461243
2.29783928351763,0.564463091006779,69.0312063694
2.29764673297804,0.564866992725372,69.0423386096954
2.29745290653732,0.565283085500736,69.0534865856171
2.29727839474384,0.565665833501703,69.0646228790283
2.29711439090066,0.566020336860005,69.0757191181183
2.29695059184631,0.566365517901955,69.0868315696716
2.29678762740338,0.566710180216657,69.0979969501495
2.29661580139855,0.567036090657662,69.109078168869
2.29645701884953,0.567338638743997,69.1201725006104
2.29629209448097,0.567636349863172,69.1312592029572
2.29612886335794,0.567933488735381,69.1423745155335
2.29596677622879,0.568233308162276,69.1534881591797
2.29580513498759,0.56853846344391,69.1646454334259
2.29564284442672,0.568852530529186,69.1757144927979
2.29547226729273,0.569185817584399,69.1867911815643
2.2952888004178,0.569548538598911,69.1978991031647
2.29509595268711,0.569927161705908,69.2090094089508
2.29490153209302,0.57032023596071,69.2201573848724
2.29470890698339,0.570729256150687,69.2313041687012
2.29453329013119,0.571108899096045,69.2424123287201
2.29436592524896,0.571460579189943,69.2535905838013
2.29419907914491,0.571802667215807,69.2647187709808
2.29403281033441,0.572143989314224,69.2758152484894
2.29387999800094,0.572474543948099,69.2869045734406
2.29372167821908,0.572779627326448,69.298136472702
2.29355914986495,0.573068125694775,69.3092176914215
2.29337103373249,0.573366244905787,69.3203666210175
2.29321248412741,0.573659692731302,69.331431388855
2.29303402661366,0.573959684806258,69.3426504135132
2.29284705031945,0.574276071431045,69.3538823127747
2.29265867823959,0.574606122667895,69.3648834228516
2.29246966025707,0.574946988333126,69.3760375976563
2.29227987773409,0.57529807010864,69.3872816562653
2.29208927454394,0.57565938995703,69.3982954025269
2.29189780723798,0.576031261667988,69.4093632698059
2.29170541679884,0.576414159646634,69.4205598831177
2.29151202951837,0.576808670263101,69.4315061569214
2.291317561431,0.577215456078244,69.4425444602966
2.29112191378226,0.577635248104137,69.4536507129669
2.29094770254707,0.578012572509107,69.4647452831268
2.29076962480808,0.578375154230539,69.4757869243622
2.29058980553477,0.578736082462863,69.4868311882019
2.29040815868435,0.579073169242046,69.4979267120361
2.29022335638949,0.579393513385875,69.5090289115906
2.290037493551,0.57971061788595,69.5201563835144
2.28985076322238,0.580030977782228,69.5312654972076
2.28966323000063,0.580357603189903,69.5423564910889
2.28947492354282,0.58069204720116,69.5534706115723
2.28928587089748,0.581035157737142,69.5645484924316
2.28909604473551,0.581387567130112,69.5756106376648
2.28890539549427,0.581749719226627,69.5867402553558
2.28871388664669,0.582122129975208,69.5978238582611
2.28852147611247,0.582505863899129,69.6089017391205
2.2883280700374,0.58290138761388,69.6200654506683
2.28813358060746,0.583309311595039,69.6311564445496
2.28793790692316,0.583730345607047,69.6422245502472
2.28776307326101,0.584109557208498,69.6534342765808
2.28758474664152,0.58447385397429,69.6645908355713
2.28740485784687,0.584806411292335,69.6756372451782
2.28722089717158,0.585118978401299,69.6867580413818
2.28703579083971,0.585427585981174,69.697901725769
2.28684985399659,0.585739424280903,69.7090196609497
2.28666317774132,0.586057336005068,69.7201297283173
2.28647573727108,0.586382744013948,69.7312061786652
2.28628753950654,0.586716446172146,69.7422800064087
2.28609858366279,0.587059031324397,69.7534484863281
2.28590882976544,0.587411108953271,69.7645487785339
2.28571825397409,0.587773125068585,69.775609254837
2.28552682225826,0.588145585964891,69.7867872714996
2.28533447582503,0.588529055016094,69.7979514598846
2.28514114043474,0.588924158455816,69.8090486526489
2.28494673114894,0.589331579433205,69.8201382160187
2.28475111984629,0.589752046063167,69.8311958312988
2.28457622869694,0.590130862756237,69.8422741889954
2.28439793553822,0.590494644961435,69.8534550666809
2.28421803161737,0.590856614959186,69.8645815849304
2.28403633534134,0.59119428460877,69.8756067752838
2.28385136625142,0.591515344014613,69.8867454528809
2.28366533485233,0.591833492955641,69.8978745937347
2.28347848540102,0.592154906226553,69.9089727401733
2.28329085219603,0.592482541527892,69.9201016426086
2.28310246585656,0.592817993797724,69.9312002658844
2.28291330919388,0.593161510305353,69.9422669410706
2.28272342549974,0.593514861063975,69.9534718990326
2.28253272928441,0.593878474718152,69.964592218399
2.28234117352003,0.594252745186567,69.9756734371185
2.28214868444303,0.59463825496504,69.9867751598358
2.28195519754667,0.595035586770233,69.9979283809662
2.28176062520583,0.595445410187857,70.0090081691742
2.28158945661575,0.59581088312957,70.0201280117035
2.28141320865381,0.596160984281271,70.0311923027039
2.28123483510388,0.596509706461515,70.0422475337982
2.28105511129293,0.596863210733057,70.053418636322
2.28087360464174,0.597195343613481,70.0645110607147
2.28068878604548,0.5975125011483,70.0755808353424
2.28050294108191,0.597827527352323,70.0867683887482
2.28031629753234,0.598146059872508,70.0979146957397
2.28012885200747,0.598470053514548,70.1089987754822
2.27994075040448,0.598802634516042,70.1201415061951
2.27975192552187,0.599144254708778,70.1312103271484
2.27956234992914,0.599495313748075,70.1422836780548
2.27937196858446,0.599856262537019,70.1534805297852
2.27918074090344,0.600227612421332,70.164562702179
2.27898861523574,0.600609923675644,70.1756584644318
2.278795518484,0.601003818432438,70.1867668628693
2.27860136685797,0.601409974842154,70.1979084014893
2.27840585672448,0.601828389516444,70.2089800834656
2.27822946375316,0.602214061038332,70.2201151847839
2.27806518609054,0.602570254661037,70.2312157154083
2.27790122774758,0.602916574163264,70.2422828674316
2.27772728036082,0.603241520374733,70.2534704208374
2.27754677125399,0.60355280445767,70.2646124362946
2.27736502928272,0.603862108400808,70.275648355484
2.27718366340394,0.604173810643347,70.2868192195892
2.27700394621571,0.604491891241459,70.2980198860169
2.27682966132924,0.604812780812339,70.3090803623199
2.27665910187498,0.605135786626296,70.3201589584351
2.27649198398203,0.60546302313976,70.3312711715698
2.27631910337379,0.605803695921825,70.3423488140106
2.27613534282912,0.606168571053368,70.3535294532776
2.2759424948906,0.606547527161223,70.3647034168243
2.27574826137762,0.60694023622704,70.3757424354553
2.27555259799266,0.607344656648865,70.3868203163147
2.27538159915056,0.607715078405929,70.3980252742767
2.27521432072519,0.60806109418721,70.4091618061066
2.27506426562636,0.608381852360578,70.4202756881714
2.27488090363823,0.608711372913047,70.4313578605652
2.27468964210606,0.609045980641344,70.442441701889
2.27450848019879,0.609363865430942,70.4535822868347
2.27432387580606,0.609672320198973,70.4646911621094
2.27413868373395,0.609978360805802,70.4757566452026
2.27395288717719,0.610288506735382,70.4868130683899
2.27376645399987,0.610605349947331,70.4979321956635
2.27357933290138,0.61092983783572,70.5090599060059
2.27339150031807,0.611262627761304,70.5205984115601
2.27320293954643,0.611604213098824,70.5316612720489
2.27301360687984,0.611955064918293,70.5427494049072
2.27282345827871,0.612315684722583,70.5539927482605
2.27263245703421,0.612686601365694,70.5650491714478
2.27244054754856,0.613068385861481,70.5762114524841
2.27224765902995,0.613461666192116,70.5873663425446
2.27205371026518,0.613867120812117,70.5983648300171
2.27185860548443,0.614285484211719,70.6094524860382
2.27168522176635,0.614661028828116,70.6207346916199
2.27150767693291,0.615021930409066,70.6318597793579
2.27132834370264,0.615381187560463,70.6429374217987
2.2711471250414,0.615716651034614,70.6541240215302
2.27096277252126,0.616035221074074,70.6652181148529
2.27077730549044,0.616350790052688,70.6762895584106
2.27059100041111,0.616669659829179,70.687356710434
2.27040392734358,0.616994674751228,70.698340177536
2.27021608492688,0.617327418675693,70.7094395160675
2.27002750388979,0.617668744141693,70.7205996513367
2.26983816292882,0.618019274702847,70.7315573692322
2.26964801368269,0.618379432325587,70.7426147460938
2.26945702441855,0.618749752433976,70.753814458847
2.26926515466183,0.619131279238815,70.7648634910584
2.26907231340391,0.619524467723656,70.7759010791779
2.26887841659191,0.619929915845862,70.7871999740601
2.26868336770212,0.620348320505491,70.7981956005096
2.26850990909893,0.620724021697726,70.8092513084412
2.2683323766015,0.621085009258295,70.8203828334808
2.2681530754427,0.621444319644755,70.8314518928528
2.26797192669865,0.621779581411891,70.8425440788269
2.26778758627123,0.622098096985194,70.8537595272064
2.26760215697798,0.622413556419275,70.8647842407227
2.26741587820522,0.622732378150355,70.8757975101471
2.26722883586065,0.623057381255904,70.8868474960327
2.26704103227051,0.623390135427431,70.8980214595795
2.26685249243187,0.623731405057102,70.9091227054596
2.26666318032192,0.624081409502201,70.9202036857605
2.26647310637263,0.624441681235845,70.9312875270844
2.26628219692785,0.624812508308225,70.9423611164093
2.2660903900508,0.625194342822359,70.9534976482391
2.2658976133399,0.625587754127507,70.9645984172821
2.2657037848176,0.625993393650855,70.975661277771
2.2655088080926,0.626411983765473,70.986768245697
2.26533521574465,0.626788013812471,70.9979026317596
2.26515768401958,0.627149218539648,71.0089740753174
2.26497841336649,0.62750869679721,71.0201613903046
2.26479733821181,0.62784384114976,71.0314841270447
2.26461300178848,0.628162439987531,71.0426824092865
2.26442762187965,0.628477860153476,71.0539512634277
2.26424137829328,0.628796673062493,71.064973115921
2.26405436709666,0.629121734026884,71.0759360790253
2.26386657844305,0.62945406379867,71.0871460437775
2.26367808794206,0.629795089119031,71.0982120037079
2.26348887819287,0.630145811179179,71.1093189716339
2.26329886786466,0.630506538071832,71.1206016540527
2.26310802049748,0.63087770282193,71.1316287517548
2.26291627982844,0.631259832321213,71.1426975727081
2.26272357394996,0.631653530989506,71.1538610458374
2.26252982061867,0.63205946762843,71.1648726463318
2.26233499085799,0.632478388641912,71.1758480072021
2.26216105912486,0.632855168021622,71.1869552135468
2.26198343886708,0.633216957281582,71.1980695724487
2.26180415168238,0.633576932848805,71.2091634273529
2.26162305645199,0.633912440650379,71.2202801704407
2.26143865041434,0.634231414519885,71.231348991394
2.26125319044499,0.634547502645123,71.242404460907
2.26106693143239,0.634866827798355,71.253518819809
2.26087990739881,0.63519226948238,71.2646331787109
2.26069210553409,0.635524611405545,71.2757534980774
2.26050359622909,0.635866141545124,71.2871668338776
2.26031435805264,0.636217405784901,71.2984135150909
2.26012432117321,0.636578714139995,71.309627532959
2.25993344971397,0.636950506449588,71.3208267688751
2.25974168760952,0.637333313053123,71.3319516181946
2.25954896182259,0.637727743264086,71.3431613445282
2.25935518893519,0.638134470313243,71.3542127609253
2.25916012192822,0.638553722894207,71.3652684688568
2.25898573319536,0.638931843674667,71.3763802051544
2.25880794042834,0.639294847155293,71.387467622757
2.2586285541703,0.639655949709096,71.3983883857727
2.25844740938953,0.63999231392384,71.4094789028168
2.25826288561724,0.640312209030215,71.4206345081329
2.25807731560174,0.640629292551174,71.431578874588
2.25789094687427,0.640949692044477,71.4429321289063
2.25770375966922,0.64127534910151,71.4543302059174
2.25751592004607,0.641609462924617,71.4659860134125
2.25732737004563,0.641952707755132,71.4775402545929
2.2571380700814,0.642305508846009,71.4889802932739
2.25694796407885,0.64266833936019,71.5002808570862
2.25675702111936,0.643041669382323,71.5117673873901
2.25656518069398,0.643426082465923,71.5238702297211
2.25637236312975,0.643822262608303,71.5380861759186
2.25617850220425,0.644230999147013,71.5494844913483
2.25600793635256,0.644595218282563,71.5607452392578
2.25583223850154,0.644943974210334,71.5731134414673
2.25565442938512,0.645291255282645,71.5862374305725
2.25547528553673,0.64564325159689,71.5976254940033
2.25529445776631,0.645973289203464,71.6088280677795
2.25511010027979,0.646288046577184,71.6202728748322
2.25492470868008,0.64660021600633,71.6312665939331
2.2547386309418,0.646916816582202,71.6423199176788
2.25455183234261,0.647240252109408,71.653519153595
2.25436431650958,0.647571685538351,71.6645615100861
2.25417608762529,0.647911858090969,71.6755306720734
2.25398713253627,0.648261296794629,71.686794757843
2.25379740493434,0.64862051133042,71.6979563236237
2.25360685338931,0.648990034889526,71.7090237140656
2.25341543697975,0.649370428685554,71.720223903656
2.25322308550078,0.649762310667138,71.7312619686127
2.25302973983844,0.650166356225616,71.7423827648163
2.25283493911893,0.650581963393302,71.7535889148712
2.25265989916772,0.650965022779119,71.7647616863251
2.25249531651534,0.651319532363479,71.7759449481964
2.25233097067537,0.651664683102851,71.7870559692383
2.25216731681819,0.65200939431691,71.798152923584
2.25199200050825,0.652338701601452,71.8092758655548
2.25181138880306,0.652655463173329,71.820374250412
2.25163499781283,0.652968675288972,71.8314411640167
2.25146247987024,0.653281300661881,71.8425152301788
2.25129227565805,0.653595594899054,71.853753566742
2.2511232979961,0.653914042463284,71.8649129867554
2.25095675021819,0.654238245436474,71.8760917186737
2.2507836131465,0.654578369546682,71.8872017860413
2.2505988537451,0.654944886383997,71.8983554840088
2.25040615889257,0.655324673119156,71.9096345901489
2.25021212771542,0.655717647546809,71.9208397865295
2.2500166614188,0.656121752465747,71.9318723678589
2.24984480481577,0.656496169535876,71.942987203598
2.2496774471697,0.656844656593289,71.9541623592377
2.249510446297,0.657184856628994,71.9652414321899
2.24936075467902,0.65750805759695,71.9763610363007
2.24915885435934,0.657858423681164,71.987594127655
2.24898774106265,0.658183134973385,71.9985914230347
2.24882561139303,0.658486960209892,72.0097110271454
2.24863662432989,0.658792635541893,72.0208597183228
2.24847675849015,0.65909182350708,72.0320076942444
2.24829549788298,0.659395981049691,72.0431971549988
2.24810839322489,0.659714598278572,72.0547115802765
2.24792014348925,0.660046012529446,72.0658240318298
2.2477312493,0.660387880344287,72.076890707016
2.24754159991428,0.660739833042053,72.0882363319397
2.24735113530272,0.66110199811075,72.099447965622
2.24715981521036,0.661474737470007,72.1106860637665
2.24696758070567,0.661858550002119,72.1231796741486
2.24677435726785,0.662254036244752,72.1345791816711
2.24658006002432,0.662661868177646,72.1456289291382
2.24638459886598,0.663082786310851,72.1568112373352
2.24620980233381,0.663462020458518,72.1688237190247
2.24603158631373,0.66382628082532,72.1798410415649
2.2458517597403,0.664188777294809,72.1918077468872
2.24567007657252,0.664527282626879,72.2033841609955
2.2454852084483,0.664849062693019,72.214558839798
2.24529928346634,0.665167857407392,72.225798368454
2.24511254117695,0.665489873636314,72.2369639873505
2.24492501204129,0.665818100636401,72.2480816841126
2.2447367275773,0.666154149496285,72.2591819763184
2.24454770360576,0.666498925838565,72.2703213691711
2.24435790529465,0.666853104244496,72.2815041542053
2.24416728280521,0.6672169164369,72.2925398349762
2.24397580334813,0.667591462296375,72.3036479949951
2.24378341360355,0.667977460818074,72.3148443698883
2.24359002725622,0.668375400128679,72.3259556293488
2.24339555445222,0.668785906991027,72.337010383606
2.24322441234881,0.669152098039758,72.3481476306915
2.24304820264198,0.669503000046374,72.3593802452087
2.24286988657826,0.669852498024969,72.3707733154297
2.24269022473247,0.670206818727141,72.3818390369415
2.2425086862593,0.670540089285681,72.3929090499878
2.24232395527402,0.670858247036965,72.4040153026581
2.2421382059872,0.671174172014582,72.4151711463928
2.24195166539716,0.67149367804653,72.4263763427734
2.24176436504629,0.671819518870141,72.4376380443573
2.24157630536729,0.672152831417676,72.4486603736878
2.24138752703251,0.672494638067592,72.4596772193909
2.24119803557224,0.672846249398186,72.4707982540131
2.24100773992228,0.673207954217594,72.481787443161
2.24081660155977,0.673580177287975,72.4928486347199
2.24062456300936,0.673963443822553,72.5043370723724
2.240431550382,0.674358362100158,72.5153930187225
2.24023747932388,0.67476560647727,72.5264310836792
2.24004211595133,0.675185477059702,72.5375444889069
2.23986745158234,0.675564144874722,72.5484850406647
2.2396894250661,0.6759277112541,72.559485912323
2.2395098065916,0.67628940525126,72.5706357955933
2.2393284370936,0.676626423449609,72.5816283226013
2.23914371632484,0.676946932900762,72.59264087677
2.23895794343428,0.677264611210442,72.6037139892578
2.23877136511615,0.67758560559483,72.6148903369904
2.23858398364623,0.677912223648805,72.6260387897491
2.23839589747667,0.678246760539904,72.6371448040009
2.23820711601805,0.678590543683582,72.6484417915344
2.23801757928885,0.678943958593086,72.6595125198364
2.23782723280027,0.679307419098089,72.670793056488
2.23763603774938,0.679681433281034,72.681875705719
2.2374439265642,0.680066632811078,72.6929297447205
2.2372508358989,0.680463623858484,72.7042684555054
2.23705668537475,0.680873192126809,72.7152805328369
2.23688556235073,0.681238538416674,72.7263474464417
2.23670937086528,0.681589097978922,72.7375411987305
2.23653124089658,0.681937258380891,72.7485980987549
2.23635177611685,0.682290262661153,72.759619474411
2.23617054527667,0.68262162262411,72.7708427906036
2.23598592365452,0.682938092917418,72.7819287776947
2.23580031026097,0.683252488224985,72.7930011749268
2.23561384154144,0.683569293980675,72.8041930198669
2.2354267347395,0.683893364461898,72.8152599334717
2.23523892614518,0.684225701927789,72.8263218402863
2.23505040203953,0.684566908577919,72.8375210762024
2.23486114386258,0.684917475111531,72.8484771251678
2.23467109815983,0.68527789110424,72.8595316410065
2.23448022130544,0.685648685240175,72.870733499527
2.23428846649777,0.686030422425129,72.8817524909973
2.23409576156261,0.686423726810105,72.892796754837
2.23390202935109,0.686829377449833,72.9039356708527
2.23370678474326,0.687246363828587,72.9149549007416
2.23353126718017,0.687631308366967,72.9260771274567
2.23336666156056,0.687987064793851,72.9373021125794
2.23320245915914,0.688333301246257,72.9482772350311
2.23302950255801,0.68865646453233,72.9593331813812
2.23285234137936,0.688962356061412,72.970424413681
2.23267382120844,0.689267090462728,72.9815125465393
2.23249316277947,0.689577469380316,72.9925892353058
2.2323143409541,0.689893876884298,73.0036697387695
2.23214069972473,0.690212931435021,73.0148851871491
2.23197069707302,0.690534341912165,73.0260300636292
2.23180382792081,0.690860521946184,73.0371329784393
2.23163103831206,0.691200547930218,73.0482168197632
2.23144726840931,0.691565156781664,73.0592255592346
2.23125487483942,0.691943161403513,73.0703265666962
2.23106113457523,0.692334569369868,73.08149766922
2.23086595459886,0.692736860364314,73.0925543308258
2.23069553259415,0.6931080396211,73.1038064956665
2.23052838927649,0.693454503306807,73.1149747371674
2.23036781641131,0.693785863443292,73.1260671615601
2.23019469533408,0.694113066879908,73.1373150348663
2.23000703534778,0.694444830732593,73.1484899520874
2.22982693974526,0.694790533069356,73.1595385074616
2.22964484552535,0.695122024509818,73.1707489490509
2.22946035444325,0.69543959452678,73.181791305542
2.22927504344673,0.695755268597233,73.1928520202637
2.22908900862381,0.696074559670141,73.2039935588837
2.22890228136714,0.696400072427897,73.2149906158447
2.22871485509003,0.696733271861237,73.2260811328888
2.22852672061566,0.697075015795895,73.2372839450836
2.22833783993114,0.697425952554859,73.2482688426971
2.22814816482386,0.697786597030316,73.2593214511871
2.22795765438473,0.698157289922381,73.2704045772553
2.22776628026818,0.698539224392057,73.2814693450928
2.22757394939077,0.698932850752804,73.2926514148712
2.22738057811567,0.699338765994637,73.3038537502289
2.22718607068285,0.699757667390777,73.3149964809418
2.2270127863249,0.700134108613778,73.3260908126831
2.22683556325802,0.70049576533074,73.3373177051544
2.22665661361646,0.700855716595604,73.3482973575592
2.22647573976926,0.701191731591706,73.3592967987061
2.22629172007582,0.701511058635061,73.3703441619873
2.22610665677375,0.701827298703268,73.3814599514008
2.22592079850592,0.702146532230977,73.3927187919617
2.22573412694991,0.70247206324292,73.4038410186768
2.22554670861435,0.702805407857465,73.4149675369263
2.22535857190974,0.70314739634297,73.4260685443878
2.22516969160185,0.703498650118135,73.4371116161347
2.22498000791057,0.703859313787305,73.4482033252716
2.22478952579304,0.704230648493748,73.459214925766
2.22459816665805,0.704613170305569,73.4703357219696
2.22440585131275,0.705007383058681,73.4815192222595
2.22421249692385,0.705413910127675,73.4926166534424
2.2240180070112,0.705833462839307,73.5039539337158
2.2238444646034,0.706210787571794,73.5149946212769
2.22366717266814,0.706573206029449,73.5261232852936
2.22348820484317,0.706933869924068,73.5374343395233
2.22330737826437,0.707270225891582,73.5484836101532
2.22312334199707,0.707590014467537,73.5595335960388
2.2229382599896,0.707906887086979,73.5706870555878
2.22275240726013,0.708226736042859,73.5818860530853
2.22256573934028,0.708552951332515,73.5929388999939
2.22237831755437,0.708886744590974,73.6041302680969
2.22219018319298,0.709228975370235,73.6150903701782
2.22200135143263,0.709581044797761,73.6262040138245
2.22181173069652,0.709943237851661,73.6374247074127
2.22162128303243,0.710315976809514,73.6483442783356
2.22142995110637,0.710699786939724,73.659343957901
2.22123766222061,0.711095276703842,73.6704134941101
2.22104433321694,0.71150312118509,73.6815376281738
2.2208497906504,0.711923853135665,73.6926236152649
2.22067555424181,0.71230332885877,73.7036666870117
2.22049802060862,0.71266766309585,73.7147762775421
2.2203189268388,0.713030123303864,73.7258975505829
2.22013794859536,0.713368202879933,73.7369902133942
2.21995374762015,0.713689667074922,73.7481081485748
2.21976851863265,0.714008216501131,73.759192943573
2.21958249601662,0.714330040956921,73.7703580856323
2.21939571467912,0.714658109813411,73.7815501689911
2.21920820928722,0.714994019841989,73.7925946712494
2.21901995732841,0.71533792622982,73.8036811351776
2.21883101610351,0.715691860732888,73.8147966861725
2.21864128067284,0.716056109577422,73.8258717060089
2.21845071448316,0.716431091234284,73.837005853653
2.21825926070321,0.71681728687682,73.8481261730194
2.21806685191225,0.717215218699792,73.8591918945312
2.2178733856732,0.717625889661873,73.8703093528748
2.21770259470568,0.717992456058154,73.8814499378204
2.21752683876329,0.718344131303285,73.8925833702087
2.21734916516899,0.718693525437599,73.9036529064178
2.21717018669772,0.719047763845334,73.9147548675537
2.21698933728422,0.719380543034271,73.9258105754852
2.21680522901634,0.719698369653832,73.9369721412659
2.21662014893968,0.720014075612694,73.9480803012848
2.21643427074544,0.720332911406686,73.9592089653015
2.21624766845504,0.720657908110595,73.9703047275543
2.21606041980677,0.720991412856839,73.9814126491547
2.21587247496217,0.721333945657875,73.9924693107605
2.21568380714447,0.721685953004964,74.003613948822
2.215494362044,0.722047906739908,74.0146672725678
2.21530410121834,0.722420325289395,74.0257725715637
2.21511296976815,0.722803784402324,74.0369279384613
2.21492089781685,0.723198911317289,74.0480058193207
2.21472779052092,0.723606417553802,74.0591080188751
2.21453320413976,0.724025459986911,74.0702624320984
2.21435790063966,0.724412719959021,74.0814070701599
2.21419384222461,0.724770263655387,74.0924799442291
2.2140302925774,0.725118078300653,74.1036462783814
2.21385732355576,0.725443608244432,74.1148338317871
2.21367817968572,0.725754764983071,74.1259808540344
2.2134993753664,0.726062251956229,74.1371121406555
2.2133187449319,0.726375537700296,74.1482214927673
2.2131365367999,0.726697074667255,74.1592607498169
2.2129533221402,0.727027408069774,74.1703786849976
2.21277378273123,0.727364670289559,74.1815333366394
2.21259839368171,0.727709401438212,74.1926064491272
2.21241849770348,0.728068850358172,74.2036778926849
2.21222820987929,0.728452627684753,74.2147881984711
2.21203650570099,0.728841540356839,74.2259027957916
2.211843926818,0.729239815148836,74.2369995117187
2.21165001096574,0.729647357106957,74.248095035553
2.21148131691383,0.73002071043413,74.259236574173
2.21131537718409,0.730369141347663,74.2703695297241
2.21114986306574,0.730709532511903,74.2814695835114
2.21098998194079,0.731044119966658,74.2925264835358
2.21080399514204,0.731387822399363,74.3036267757416
2.21064011712405,0.731704084045379,74.3148226737976
2.2104621273513,0.732007926764874,74.3259515762329
2.21031163825205,0.732291970796438,74.3371474742889
2.2101476002187,0.732574962019309,74.3482382297516
2.20996450464942,0.732874695889965,74.3592491149902
2.20977909637041,0.733190038551394,74.3703200817108
2.20959321502801,0.733516382476115,74.3814384937286
2.20940667834097,0.73385258217221,74.3924925327301
2.20921941733126,0.734198385895681,74.4036152362824
2.20903139528785,0.73455395151606,74.4147455692291
2.20884257651878,0.734919640857975,74.4258170127869
2.20865291029794,0.735295939313067,74.436939239502
2.2084623371432,0.735683414249105,74.4479959011078
2.20827078712384,0.736082698777651,74.4590744972229
2.20807817955409,0.736494481741186,74.4702394008637
2.20788441476924,0.736919522359876,74.481320142746
2.20771116506813,0.737302446774353,74.4923985004425
2.20753504536615,0.737640530493149,74.5035881996155
2.20735410926135,0.73795286306541,74.5147564411163
2.20717173227701,0.738257719133705,74.5259454250336
2.20698844974816,0.738564427472967,74.5370981693268
2.20680438101679,0.738876179768764,74.5482563972473
2.20661953628659,0.739195034541001,74.5593385696411
2.20643395085534,0.739521962021796,74.5703985691071
2.2062476216517,0.739857510356813,74.5815017223358
2.20606055740955,0.740202098672159,74.5925388336182
2.20587273694213,0.74055616080205,74.603631734848
2.20568413601295,0.740920174426505,74.6147570610046
2.2054947056143,0.74129467414606,74.6258347034454
2.20530438693444,0.741680245574476,74.6369531154633
2.20511311394953,0.742077516437393,74.6480550765991
2.2049208045194,0.742487178169507,74.6591527462006
2.20472736319569,0.742909980230848,74.6702799797058
2.20455470523841,0.743290346725987,74.6813883781433
2.20437816751233,0.74365603893952,74.6924459934235
2.20419957751004,0.743991109849666,74.7035775184631
2.20401753026296,0.744306741897103,74.7146890163422
2.20383437023665,0.744617898053226,74.7258467674255
2.20365031706458,0.744931434096031,74.736959695816
2.20346549744176,0.745250745533869,74.7480483055115
2.20327992983791,0.745576835396488,74.7591536045074
2.2030936672755,0.745911446002929,74.7702975273132
2.20290671338641,0.746255411682224,74.7814433574677
2.20271901564973,0.746609000356112,74.7925038337708
2.2025305442568,0.746972608426691,74.803614616394
2.20234125329983,0.747346729848597,74.8147237300873
2.2021510841177,0.74773193068711,74.8258798122406
2.20195997102396,0.748128828318724,74.8369793891907
2.20176783203034,0.748538108622781,74.8481185436249
2.20157457206772,0.748960517344442,74.8591892719269
2.20140181504726,0.749340774447771,74.8703081607819
2.20122533106879,0.749706218702017,74.8813948631287
2.2010468234498,0.750040762513508,74.8924486637115
2.20086478403351,0.750355924325535,74.9035940170288
2.20068162495173,0.750666820299069,74.9146885871887
2.2004976147043,0.750980184519956,74.925873041153
2.20031287595415,0.751298365877045,74.9369733333588
2.20012738200556,0.751623863490162,74.9480729103088
2.19994120076766,0.751958343179292,74.9591391086578
2.1997543176444,0.752302044951018,74.9702968597412
2.199566697011,0.752655299400438,74.9814469814301
2.19937830887852,0.753018539582041,74.9924895763397
2.19918911039138,0.753392274391349,75.0036005973816
2.19899904546782,0.75377707027086,75.0147378444672
2.19880804474502,0.754173555005581,75.0259580612183
2.19861602815579,0.754582413517499,75.0370891094208
2.19842290097248,0.755004390413562,75.048168182373
2.19825020867346,0.755384234815503,75.0592389106751
2.19807383112086,0.75574916875081,75.0703167915344
2.19789559589779,0.756082571515478,75.0814487934113
2.1977136148272,0.756396606649516,75.0925030708313
2.19753046187797,0.756705522396787,75.103622674942
2.19734656686914,0.757017700102793,75.1147382259369
2.19716198125214,0.757335873252792,75.1258616447449
2.19697663891267,0.757661784140886,75.1369769573212
2.1967905782799,0.757996200079103,75.1481041908264
2.19660382412252,0.758339602413726,75.1592025756836
2.19641634927624,0.758692445339357,75.1703073978424
2.19622811041889,0.759055221488947,75.1814699172974
2.19603907321332,0.759428460361793,75.1929290294647
2.19584918258011,0.759812737102549,75.2041654586792
2.19565836939024,0.760208682259353,75.2151346206665
2.19546655395208,0.760616980692702,75.22620844841
2.19527364200868,0.761038375401571,75.237428188324
2.19510083970387,0.761417970458118,75.2483794689178
2.19492452594862,0.76178248008521,75.25941157341
2.19474664672856,0.762145160253217,75.2704994678497
2.19456671359153,0.76248384849722,75.2815582752228
2.19438375763517,0.762805761490642,75.2926003932953
2.19419980729356,0.763124628249198,75.3036353588104
2.19401509124131,0.763446677665517,75.3147015571594
2.19382963711013,0.763774921140023,75.3259608745575
2.19364347804002,0.764110984225019,75.3371262550354
2.19345663786855,0.764455702117916,75.348387002945
2.19326906367369,0.764809875994383,75.3593828678131
2.1930807148497,0.765173858109755,75.3704335689545
2.19289158366034,0.765548481823337,75.3816151618958
2.1927016133976,0.765934559708966,75.3927085399628
2.19251071809331,0.766332580004762,75.4037556648254
2.19231881310891,0.766743167172938,75.4149208068848
2.19215021523428,0.767108733820561,75.4260747432709
2.19197606586177,0.767459052828586,75.4372413158417
2.19179975460659,0.76780814539199,75.4483704566956
2.19162213419171,0.768162021318735,75.4593875408173
2.1914424367273,0.768494795631431,75.4704761505127
2.19125968022785,0.768812471009411,75.4815671443939
2.19107596045653,0.769127891419588,75.4926121234894
2.19089150358789,0.769446866079823,75.5036525726318
2.19070634105178,0.769772149322245,75.5147907733917
2.1905204493566,0.770104515720658,75.5259077548981
2.19033393349711,0.770445957672439,75.5369865894318
2.19014674135517,0.7707970848805,75.5480694770813
2.18995880449659,0.771158232247778,75.5592160224915
2.18977008812926,0.771529849901805,75.570291519165
2.18958054125303,0.771912470603081,75.5814111232758
2.18939009582903,0.772306701837858,75.5924425125122
2.18919867378857,0.772713213331691,75.6035847663879
2.18900610359363,0.773132492386564,75.6146731376648
2.18883385599827,0.773509971553121,75.6257832050324
2.18865797026048,0.773872272393582,75.6369752883911
2.18848049708463,0.774232636516109,75.6482744216919
2.18830109743039,0.774568109103382,75.6593723297119
2.18811844610784,0.77488713355205,75.6705873012543
2.18793480587416,0.775203331954873,75.6817667484283
2.18775037301707,0.775522046150659,75.6928107738495
2.18756527851355,0.775847041221526,75.7041809558868
2.18737952674928,0.776180352812887,75.7151656150818
2.18719308030211,0.77652274057823,75.7262351512909
2.18700594579188,0.776874627784668,75.7375001907349
2.18681807325088,0.777236470881906,75.7486093044281
2.18662942298695,0.77760878559603,75.7596480846405
2.18643994823207,0.777992133500564,75.7708766460419
2.18624958022544,0.778387138405149,75.7818768024445
2.18605824140917,0.778794480060715,75.7928936481476
2.18586555675726,0.779213731997934,75.8041689395905
2.1856914823519,0.779600753186583,75.8152983188629
2.18552862704159,0.779958216380709,75.8263778686523
2.18536632259065,0.780305866955884,75.8376033306122
2.18519438710956,0.780631314765615,75.8486182689667
2.18501598112299,0.780942894907693,75.8596844673157
2.18483774363113,0.781250963129387,75.8708791732788
2.18465854107896,0.781563546729759,75.8819169998169
2.18447776146117,0.781884489718926,75.8930237293243
2.1842960305029,0.782214319252404,75.9043502807617
2.18411801158472,0.782551024089605,75.9153382778168
2.18394383347017,0.78289465198597,75.9263262748718
2.18376630713239,0.783252353912534,75.937513589859
2.18357889531324,0.783633523090941,75.9485657215118
2.1833889279878,0.784020877934158,75.9596464633942
2.1831980965837,0.784418297652864,75.9708876609802
2.18300595307314,0.784825091210965,75.9819309711456
2.18283969606748,0.785195951528833,75.9929919242859
2.18268188209198,0.785548368188345,76.0041751861572
2.18251777188131,0.785890067621612,76.0151035785675
2.18237327310228,0.786214021009564,76.0261735916138
2.18216847046661,0.786568479535194,76.03741979599
2.18199710199075,0.786900683068394,76.0483603477478
2.18183504603885,0.787213221550944,76.0593779087067
2.18165048161291,0.787523453273527,76.0704753398895
2.18149326946213,0.787824861164374,76.081591129303
2.18131592718386,0.788128799968936,76.0926833152771
2.1811316116866,0.788448377261898,76.1037368774414
2.18097083816083,0.788766912257588,76.114857673645
2.18079016425441,0.789090997006454,76.1258919239044
2.18060421510489,0.789432684995456,76.1369915008545
2.18041738500246,0.789788012975936,76.148122549057
2.18022977243886,0.79015537208693,76.1591682434082
2.18004133936107,0.790534391567098,76.1702950000763
2.17985202847237,0.79092520713872,76.181405544281
2.17966176904036,0.791328250025364,76.1924421787262
2.17947047453948,0.791744132297543,76.2035670280457
2.1792780448529,0.792173580391125,76.214629650116
2.17910467149857,0.792562107313063,76.2257716655731
2.17892872726791,0.792905715147515,76.2369284629822
2.1787484787683,0.793223568262232,76.2480068206787
2.17856688447508,0.793534033277311,76.2591142654419
2.17838432779842,0.793844774750261,76.2702617645264
2.17820108934036,0.794161224578235,76.2813909053803
2.17801716895674,0.794484944441647,76.2924697399139
2.177832533327,0.794816866688658,76.3036005496979
2.17764719345507,0.795157591758268,76.3147435188293
2.17746114181629,0.795507594616418,76.3258588314056
2.17727435125795,0.795867370667669,76.3369777202606
2.17708679091609,0.796237449102061,76.3481125831604
2.17689842096774,0.796618297855212,76.3592157363892
2.17670916120307,0.797010632244133,76.3703095912933
2.17651894762733,0.797415121209426,76.3814270496368
2.17632769909,0.797832465959877,76.3925039768219
2.17615798765099,0.79820618844055,76.4036347866058
2.17598352595744,0.798565293298559,76.4146974086762
2.17580729992355,0.798922211905266,76.4260339736939
2.17562880516184,0.79925569258426,76.4372475147247
2.17544737834931,0.799572643884297,76.4482591152191
2.17526496409934,0.799886562411728,76.459272146225
2.17508179463866,0.800203578663266,76.470452785492
2.17489793749273,0.800526573953443,76.4816164970398
2.17471337752181,0.800857185649851,76.492614030838
2.17452814454105,0.801196285969038,76.5040276050568
2.1743422291687,0.801544495492063,76.5151245594025
2.17415559651364,0.801902281648026,76.5261945724487
2.17396821500932,0.80226999989832,76.5373466014862
2.17378005855654,0.802648812792797,76.5483229160309
2.1735910468449,0.803039139258651,76.5594213008881
2.17340110522272,0.803441552563055,76.5704784393311
2.1732101497848,0.80385672575196,76.5816006660461
2.17304221948956,0.804226663524197,76.5926566123962
2.17286862165128,0.804581772567235,76.6037073135376
2.17269289988687,0.804935821623497,76.6148328781128
2.17251501409329,0.805265871840956,76.6259136199951
2.17233399158706,0.805579637959387,76.6370060443878
2.17215196520882,0.80589053264688,76.6480979919434
2.17196914620806,0.806204608245124,76.6591560840607
2.17178562757291,0.806524119860676,76.6703014373779
2.17160144926062,0.806851032701871,76.6814684867859
2.17141662654429,0.807186923266731,76.6925239562988
2.17123113504845,0.807532074528218,76.7036428451538
2.17104493935779,0.807886841866071,76.7147645950317
2.1708580084074,0.808251673731666,76.725864648819
2.17067030055824,0.808627088054412,76.7369854450226
2.17048176114074,0.809013657934127,76.7480854988098
2.17029232249204,0.809412017123285,76.7592253684998
2.17010190616189,0.809822856319599,76.7703592777252
2.16991041910119,0.810246926035618,76.7816059589386
2.16973842853545,0.810629404923396,76.7926485538483
2.16956305262849,0.810996768917215,76.8037071228027
2.16938559965304,0.811332870569391,76.8149435520172
2.16920470262889,0.81164954137358,76.8260288238525
2.16902274295967,0.811961931798951,76.8373367786407
2.1688399555914,0.812276311953886,76.8484230041504
2.16865649536483,0.812596043285833,76.8595077991486
2.16847240235775,0.812923822155706,76.8706812858582
2.16828763637974,0.81326028346717,76.8817279338837
2.16810220850162,0.813605799924446,76.8928997516632
2.16791606042841,0.81396095630971,76.9040660858154
2.16772917232574,0.814326266193537,76.9150438308716
2.16754151414888,0.814702228932704,76.9262952804565
2.16735303143995,0.815089408842335,76.9376723766327
2.16716365526546,0.815488438709602,76.9486145973206
2.16697330599028,0.815900010720229,76.9596519470215
2.16678192688112,0.816325112724815,76.9707999229431
2.16660952186375,0.816708899651101,76.9817669391632
2.16643406078967,0.817077327110404,76.9928512573242
2.16625668857338,0.817413914734357,77.0040290355682
2.16607568936953,0.81773091724454,77.0150980949402
2.16589359024421,0.818042807118222,77.0261602401733
2.16571080242875,0.81835802838713,77.0374336242676
2.16552736065653,0.81867947768116,77.0485062599182
2.16534324052957,0.819008609976488,77.0595433712006
2.16515845391623,0.819346292106666,77.0706362724304
2.16497301269731,0.819693091480095,77.0816521644592
2.16478687844175,0.820049531434753,77.0926623344421
2.16460000970184,0.820416148508083,77.1037111282349
2.16441237464896,0.820793501789378,77.1148314476013
2.16422391442075,0.821182204028069,77.125958442688
2.16403458059759,0.821582731345408,77.1370468139648
2.16384429088317,0.821995996091276,77.1481304168701
2.16367543545175,0.822365428573404,77.1591680049896
2.16350177886657,0.822719909020308,77.1703178882599
2.16332636912422,0.82307189360215,77.1815106868744
2.16314976134006,0.823428643336459,77.1924786567688
2.16297094887988,0.823764343704444,77.2036073207855
2.16278921928751,0.824084914242492,77.2147152423859
2.16260661102179,0.824403211308851,77.2258381843567
2.16242329439839,0.824725123259755,77.2369680404663
2.16223929839017,0.825053467678386,77.2480711936951
2.16205462970801,0.825389090437938,77.2591595649719
2.16186936880145,0.825733832579793,77.2703158855438
2.1616834649021,0.826088450930653,77.2814738750458
2.16149684710812,0.826453299240391,77.2924993038177
2.16130948278156,0.826828836779099,77.3036258220673
2.16112131424098,0.827215619054222,77.3147618770599
2.16093227422635,0.827614269405738,77.3258476257324
2.16074224779316,0.82802538952887,77.3369994163513
2.16057395267704,0.828392634106508,77.3481290340424
2.16040066278554,0.828744879548772,77.359194278717
2.16022557559945,0.829094589522976,77.3703603744507
2.16004928720401,0.82944894106385,77.381495475769
2.1598708341933,0.829781804616657,77.3925676345825
2.15968932403346,0.830099709776313,77.4036641120911
2.15950694128492,0.830415445201921,77.4147875308991
2.1593238212585,0.830734108522753,77.4258887767792
2.15914006801222,0.831059194386031,77.4370214939117
2.15895573103411,0.831392752588679,77.4481120109558
2.15877077028459,0.831735336381991,77.4591846466065
2.15858516293756,0.832087408152554,77.4703187942505
2.15839885855248,0.83244944610924,77.4815111160278
2.15821182206177,0.832821969151263,77.4926755428314
2.15802400481393,0.833205550263303,77.503710269928
2.15783534307817,0.833600813064583,77.5148437023163
2.15764572859103,0.834008356762454,77.5259578227997
2.15747949237704,0.834370394708602,77.5370342731476
2.15730727126882,0.834717053331224,77.5481262207031
2.15713284199036,0.835062357323024,77.5592043399811
2.15695713516298,0.835412284738459,77.5703239440918
2.15678041490924,0.835769856100371,77.5814685821533
2.15660138538113,0.836107929859688,77.5924978256226
2.15641956164122,0.836431348604138,77.6036279201508
2.15623688210396,0.836752748905834,77.6147587299347
2.15605348272746,0.837077978837691,77.6258685588837
2.15586942937059,0.837409800442435,77.6369857788086
2.15568475022188,0.837749728477594,77.6480660438538
2.15549944133098,0.838098653950765,77.6591680049896
2.1553134449171,0.83845674132159,77.6702811717987
2.15512676513036,0.83882544791966,77.6815319061279
2.15493934204239,0.839205285423323,77.6925520896912
2.15475110352737,0.839596727958228,77.703782081604
2.15456198265151,0.840000375772674,77.7150237560272
2.15437160101834,0.840415624411845,77.7261161804199
2.15420044500637,0.840797834090497,77.7375025749207
2.15403758553361,0.841165142462684,77.7485976219177
2.15387736456386,0.841526212641829,77.7596690654755
2.15371547665473,0.841890255795438,77.7709019184113
2.15354834562207,0.842226699652207,77.7819390296936
2.1533908730185,0.8425366190699,77.7930541038513
2.15322876896594,0.842838250667879,77.8042175769806
2.15306777224303,0.843138468185273,77.8152441978455
2.15290782931413,0.843441326979936,77.8263669013977
2.15274898387462,0.843749498751206,77.8377203941345
2.1525877332749,0.844068172669737,77.8487930297852
2.15241726654738,0.844408572558195,77.8598260879517
2.15223340409536,0.844780338510829,77.870988368988
2.15204362075192,0.845164887900456,77.8820078372955
2.15185256848374,0.845562028964278,77.8930661678314
2.15166354157786,0.845974850158298,77.9042000770569
2.15148816228011,0.846360455007065,77.9152765274048
2.15132379246327,0.846715429533159,77.9264121055603
2.15115957918795,0.847060462462191,77.9375944137573
2.15099604196061,0.84740466500944,77.9487147331238
2.15083300213352,0.847751994078297,77.9597554206848
2.15066456905957,0.848078097209077,77.9708771705627
2.15049990333228,0.848385879963888,77.9818041324616
2.15033499322789,0.84868818921933,77.9928517341614
2.15017012653148,0.848992184835285,78.0040607452393
2.15000730981308,0.849299034549638,78.0150537490845
2.14984415007828,0.849615884805658,78.0261342525482
2.14967394339223,0.849950122002285,78.0375809669495
2.1494917675856,0.850311899820825,78.0486254692078
2.14929433945183,0.850710230215304,78.0596590042114
2.14908468273935,0.851143225348338,78.0708332061768
2.14889701122768,0.851551486709356,78.0819163322449
2.14872046029874,0.851928467972498,78.0929763317108
2.14855370607971,0.852277204381314,78.1043820381165
2.14839225228136,0.852610124323681,78.1154749393463
2.14824445559394,0.85292180373056,78.1265316009521
2.14806410241128,0.853244217696681,78.1377685070038
2.14790418117311,0.853563535514426,78.148886680603
2.14772794604544,0.853901560008028,78.1599051952362
2.14754795595617,0.854227646763875,78.1709644794464
2.14736567171234,0.854540536527638,78.1819021701813
2.14718266249424,0.854851856945045,78.1929941177368
2.14699900118699,0.855166886033862,78.204154253006
2.14681471980231,0.855488107985524,78.2150595188141
2.14662980041397,0.85581675290662,78.2261211872101
2.14644421662646,0.856153186305692,78.2374317646027
2.14625801681672,0.856499215355326,78.2485139369965
2.14607110472221,0.856855062309,78.2595553398132
2.14588344132339,0.857221103346833,78.2707757949829
2.14569498269358,0.857597827446831,78.2817914485931
2.14550567281214,0.857985798685394,78.2928397655487
2.14531544052294,0.858385655541709,78.3042018413544
2.14512420400309,0.858798095790326,78.3152549266815
2.14495635259435,0.859165153995426,78.32630443573
2.14478271425004,0.859517231454365,78.3374969959259
2.14460688664443,0.859868204591021,78.3485066890717
2.14442902973422,0.860194593210742,78.359527349472
2.14424775798673,0.860504969500604,78.3707115650177
2.14406540818911,0.860811683780154,78.3817720413208
2.14388231750849,0.861121841771102,78.3928322792053
2.14369860873221,0.861438609848768,78.4040207862854
2.14351422976552,0.861763106855745,78.4150977134705
2.14332915821399,0.862096064727389,78.4261424541473
2.14314341716792,0.862437955561149,78.4375822544098
2.14295698346318,0.862789221050669,78.4486072063446
2.1427698165347,0.863150343577449,78.4595947265625
2.14258188557729,0.863521843399358,78.4707708358765
2.14239313883737,0.863904286857448,78.4817917346954
2.14220351099679,0.864298295147398,78.4928102493286
2.14201292687502,0.864704542849338,78.5042102336884
2.14182129740455,0.865123761745361,78.5152151584625
2.14165017400766,0.865500429871788,78.5262763500214
2.14147507588495,0.865862099979381,78.537529706955
2.14129832615174,0.866221940977121,78.5485594272614
2.14111948636924,0.866557427281915,78.5596218109131
2.14093759361286,0.866876313434654,78.5708136558533
2.14075474134324,0.867191947821061,78.5818598270416
2.14057109966013,0.867510936887703,78.5929403305054
2.14038675620143,0.867836172186856,78.6041438579559
2.14020171617518,0.868168865936909,78.6151087284088
2.14001602437157,0.868509983413726,78.626149892807
2.13982969701521,0.868860887884702,78.6375391483307
2.13964264901001,0.869221863082452,78.6534192562103
2.13945484617733,0.869593326430666,78.666440486908
2.13926623766218,0.869975795809414,78.6790671348572
2.13907675759475,0.870369870127554,78.6911945343018
2.13888633031583,0.870776213897898,78.7061975002289
2.13869487305513,0.871195661627111,78.7182006835937
2.13852357682966,0.871572740228284,78.7294511795044
2.13834851447053,0.871934644839695,78.7411394119263
2.13817185697802,0.872294627360932,78.7531144618988
2.13799317544765,0.872629780665651,78.7642657756805
2.1378113269239,0.872948461783349,78.7758338451386
2.13762851347173,0.873264279883994,78.7871673107147
2.13744496125744,0.873582706577153,78.7982158660889
2.13726068681343,0.87390704984253,78.8093283176422
2.13707578895194,0.874239943648809,78.8203933238983
2.13689024645029,0.874581879445728,78.8315546512604
2.13670403986233,0.874933281206086,78.8425765037537
2.13651711945498,0.875294608059976,78.853700876236
2.13632944777113,0.875666375082697,78.8648769855499
2.13614097984373,0.87604914207854,78.8762092590332
2.1359516496552,0.876443529370319,78.8879923820496
2.13576138107484,0.876850212281063,78.8992207050324
2.13556986805213,0.877269039568973,78.910516500473
2.13539674180067,0.87765505556336,78.9216187000275
2.13523479651548,0.878011895300993,78.9330716133118
2.13507325420671,0.878358999109038,78.9440565109253
2.13490212068586,0.8786836533637,78.9551024436951
2.13472442498741,0.878994572040976,78.9665944576263
2.13454778985979,0.879301003698606,78.977644443512
2.13436982189322,0.879612264072094,78.9888145923615
2.13419793207466,0.879926200540689,79.0002503395081
2.13403088988873,0.880240855079942,79.0111947059631
2.13386729721871,0.880556904175304,79.022750377655
2.13370598636511,0.880877814979668,79.0344483852387
2.13353842219263,0.881213168217034,79.045422077179
2.1333597272846,0.881573739884991,79.0566291809082
2.13317055805688,0.881950342789727,79.0678172111511
2.13298004986373,0.882341937877751,79.0787053108215
2.13278818555142,0.882745143057353,79.0898861885071
2.13262158016095,0.883115505597735,79.1012005805969
2.13245693393795,0.883462180404175,79.1122238636017
2.13229660100759,0.883796591823315,79.1233224868774
2.13213032643524,0.8841231054235,79.1347782611847
2.13194158370021,0.884457387058486,79.1457703113556
2.13176204476398,0.884775924409181,79.1568055152893
2.13158038952662,0.885083977477362,79.1686296463013
2.13139822566623,0.88538896845766,79.1797776222229
2.13121557391312,0.88569846637674,79.1917910575867
2.13103234003261,0.886014535463076,79.2034828662872
2.13084849883006,0.886338181494055,79.2146055698395
2.130664033371,0.886670106809696,79.2257633209229
2.13047892999861,0.88701081143261,79.2369639873505
2.13029315133244,0.887360771513258,79.2481210231781
2.13010665484757,0.887720486421587,79.25918841362
2.12991941265057,0.888090478158675,79.2703161239624
2.12973137642253,0.888471310239158,79.281583070755
2.12954248368708,0.888863602357709,79.2926325798035
2.12935266249839,0.889268023508469,79.3036801815033
2.1291618275873,0.8896852972932,79.3148438930511
2.12899203124928,0.890059308616302,79.3260977268219
2.12881776117389,0.890418477863316,79.3375463485718
2.12864177789103,0.890775689867201,79.348573923111
2.12846366562212,0.891108274577888,79.3595714569092
2.12828243947532,0.891424615607396,79.3707649707794
2.12810023422409,0.891738132558062,79.3818202018738
2.12791730872716,0.892054882108522,79.3928356170654
2.12773368760444,0.89237713351854,79.4040095806122
2.12754941112118,0.892707028830555,79.4151000976563
2.1273645207722,0.893046011852478,79.4261593818665
2.12717897838333,0.893394393547186,79.437618970871
2.12699273499319,0.893752566656259,79.4486455917358
2.12680575805908,0.894121005262608,79.459751367569
2.12661800473606,0.894500243243541,79.4708847999573
2.12642941343181,0.89489087948317,79.4818878173828
2.12623991400734,0.895293567514149,79.4928984642029
2.1260494231008,0.895709019060507,79.5042624473572
2.12588003314728,0.896081130509311,79.5152306556702
2.12570607437556,0.896438330614665,79.5262684822083
2.12553037913957,0.896793645896815,79.5374917984009
2.12535263817866,0.897123736179603,79.5485231876373
2.12517160276683,0.897437675623378,79.5595352649689
2.12498955545962,0.897748549507456,79.5707929134369
2.12480678439068,0.898062049064992,79.581768989563
2.12462344218612,0.898382431785577,79.5928075313568
2.12443944143684,0.898710824577817,79.6039826869965
2.12425479787411,0.899047876546017,79.6150648593903
2.12406951304299,0.899394070645138,79.6261305809021
2.12388354627522,0.899749879817909,79.6375806331635
2.12369685871093,0.900115811094245,79.6486315727234
2.12350941629612,0.900492404098254,79.6596672534943
2.12332115986852,0.900880254672424,79.670881986618
2.12313202191029,0.90128000804792,79.6819133758545
2.12294192225356,0.901692364635157,79.6929500102997
2.1227736283462,0.90206063755286,79.7041630744934
2.12260039918977,0.902413387329198,79.7150919437408
2.1224252618429,0.902764447067462,79.7261905670166
2.12224891135536,0.903120257130057,79.7374105453491
2.12207035504914,0.903454927340834,79.7485129833221
2.12188887383403,0.903774481082726,79.7596735954285
2.12170649941916,0.904091768103793,79.7708599567413
2.12152342493012,0.904412646326385,79.7819089889526
2.12133968033413,0.904739913683339,79.7929534912109
2.12115524799252,0.905074172925642,79.8041768074036
2.12097025345462,0.905417903631603,79.8152191638947
2.12078461071445,0.905771384085416,79.8262407779694
2.12059826267031,0.906134992450179,79.8374471664429
2.12041117721082,0.906509202219637,79.848464012146
2.12022329976771,0.906894571983448,79.8595547676086
2.12003456533647,0.907291722210223,79.8707339763641
2.11984489926333,0.907701335357835,79.8817658424377
2.11967749453042,0.908066421988358,79.8927669525146
2.11950486279086,0.908415743204345,79.9039168357849
2.11933020575143,0.90876361980348,79.9149644374847
2.11915430952895,0.909116158744266,79.9261498451233
2.11897627224434,0.909446999202141,79.9374186992645
2.11879511561505,0.909762943848584,79.9483885765076
2.11861304786051,0.910076528358992,79.9594786167145
2.1184302532494,0.910392785545021,79.9706637859345
2.11824689647852,0.910716227605339,79.9816942214966
2.11806291407122,0.911047885987822,79.9927926063538
2.11787830568958,0.91138839180548,80.0038697719574
2.11769306192262,0.911738238122147,80.0149576663971
2.11750713715957,0.9120979141979,80.0260677337647
2.11732049083485,0.912467943550443,80.0373504161835
2.1171330847827,0.912848883073329,80.0485024452209
2.11694485637572,0.91324134671819,80.0595955848694
2.11675573323044,0.913646001238848,80.0708830356598
2.11656539822024,0.91406255965377,80.0819611549377
2.11639376798162,0.914445896021413,80.0930910110474
2.11623197143768,0.914801167016219,80.1044054031372
2.11607042012091,0.915147218802487,80.1155381202698
2.11590974897214,0.91549281768852,80.1265461444855
2.11574385468943,0.915814522977013,80.1377654075623
2.11558961047908,0.916113035683124,80.1489729881287
2.11542967368112,0.916406281289339,80.1601276397705
2.11527100288694,0.916699234974767,80.1711895465851
2.11511331695108,0.91699531752814,80.1821870803833
2.11495480499077,0.91729548804088,80.1933906078339
2.11479486094677,0.91760570928263,80.2046880722046
2.1146309874903,0.917931078660778,80.2160947322846
2.11445671395247,0.918281101368394,80.2271690368652
2.11426824655376,0.91866481389484,80.2382681369781
2.11407794750415,0.919057800944466,80.2496695518494
2.11388654749987,0.919461129858589,80.2606987953186
2.11372195878593,0.919827715491535,80.2718098163605
2.11356548639955,0.920162968541519,80.2833058834076
2.11341809554298,0.920477318776395,80.2944407463074
2.11324353833097,0.920797303546056,80.306113243103
2.11306195946205,0.921122084658278,80.3183104991913
2.11287961108223,0.921450973570285,80.3297464847565
2.11270136608664,0.921767195218206,80.3412535190582
2.11252077811289,0.922074267395904,80.3529329299927
2.11233996197865,0.922379168499215,80.3644344806671
2.11215855869769,0.922687210943003,80.376044511795
2.11197654771632,0.923000925258591,80.387449502945
2.11179392166688,0.923321704984335,80.3985426425934
2.11161068165292,0.923650355205821,80.410227060318
2.11142678648761,0.923987074298244,80.4224820137024
2.11124223437738,0.924332882856562,80.4340927600861
2.11105700008893,0.924688489438201,80.4450986385345
2.11087103049389,0.925054231914238,80.4564037322998
2.11068427884224,0.925430579454216,80.4678359031677
2.11049669169016,0.925818089137601,80.478791475296
2.11030820595592,0.926217386087192,80.490008354187
2.11011874672891,0.926629157285904,80.5015814304352
2.10992822475904,0.927054152034375,80.512556552887
2.1097582543875,0.927436070488096,80.5241963863373
2.10958437833319,0.927774010776217,80.5363147258759
2.10940610423567,0.928086234234819,80.5475521087647
2.10922640382854,0.928391169407004,80.559018611908
2.1090457109234,0.928697365846173,80.5702500343323
2.10886420882203,0.929007877967837,80.5814926624298
2.10868203220708,0.929325085557119,80.5926861763001
2.10849923973992,0.92965061388832,80.6037690639496
2.10831575758933,0.929984854749409,80.614914894104
2.10813157140363,0.930328163354648,80.626053571701
2.10794668684731,0.930680920579419,80.6372463703156
2.10776108624446,0.931043568187162,80.6482484340668
2.1075747271339,0.931416618099504,80.6592586040497
2.10738755816801,0.931800638944648,80.6703207492828
2.10719951908347,0.932196250610086,80.6815121173859
2.10701053928996,0.932604126046923,80.692568063736
2.10682053434525,0.933024997604544,80.703635931015
2.10665261321845,0.933401107171796,80.7147641181946
2.10647942032517,0.933762449161492,80.7258849143982
2.10630359615501,0.934094460478017,80.7371110916138
2.10612449363416,0.934407109453997,80.7481935024262
2.10594426474175,0.93471539444931,80.7592236995697
2.10576318029693,0.935026048655978,80.7702980041504
2.10558134729287,0.935342205136962,80.7814326286316
2.10539886033407,0.93566550466275,80.7925307750702
2.10521570450736,0.935996888221714,80.8036329746246
2.10503185814326,0.936337016711387,80.8147497177124
2.10484731484296,0.936686113960892,80.8258759975433
2.10466209288755,0.937044994091592,80.8369653224945
2.10447614985527,0.937414380678326,80.8480830192566
2.10428942323436,0.937794682794506,80.8591706752777
2.10410185403765,0.938186437455663,80.8702638149262
2.10391337545962,0.938590267269276,80.8813853263855
2.10372390781997,0.939006869913737,80.8924424648285
2.10353335782671,0.939437007408206,80.9036178588867
2.1033617601821,0.939825740531415,80.9147727489471
2.10318695472052,0.94017043784647,80.9258756637573
2.10300820020717,0.940489066614509,80.9369776248932
2.10282816389435,0.940800299149357,80.948100566864
2.10264722707427,0.941112480294594,80.9591867923737
2.10246553203587,0.941429490157,80.9702827930451
2.10228315185093,0.941752853311101,80.9814019203186
2.10210012680031,0.942083966129209,80.992463350296
2.10191640693294,0.942424436673081,81.0036251544952
2.10173200447082,0.942774472712812,81.0148150920868
2.10154691089761,0.943134393098744,81.0258672237396
2.10136108927787,0.943504643443344,81.0369713306427
2.10117449038462,0.943885755244122,81.0481066703796
2.10098705621523,0.944278324808456,81.0591974258423
2.10079871938893,0.944683005448365,81.0703053474426
2.10060940108992,0.945100505892403,81.0814757347107
2.10044268849817,0.945472669006295,81.0926697254181
2.10027024761265,0.945830065446034,81.1037073135376
2.10009518693694,0.946157210319951,81.1148509979248
2.09991654463384,0.946465482513402,81.1259248256683
2.09973677642701,0.946769680972483,81.1370322704315
2.09955611137609,0.947075495334883,81.1482193470001
2.09937476955779,0.947387104477472,81.1593890190125
2.09919283471283,0.947706349690781,81.1706290245056
2.09901025139049,0.948033858810595,81.181746006012
2.09882699840697,0.94837010558127,81.1928489208222
2.09864308001337,0.948715476758957,81.2042276859284
2.09845848514293,0.949070391696805,81.2154397964478
2.09827318959501,0.949435324446249,81.2273623943329
2.09808714914761,0.949810807698593,81.239185333252
2.09790031061744,0.950197425959893,81.2506568431854
2.09771261410194,0.950595805871022,81.261723279953
2.09752398457863,0.951006637848661,81.273136138916
2.09733433434464,0.95143067003462,81.2845265865326
2.09716453571118,0.951812168462906,81.2955038547516
2.096990790265,0.952178827043888,81.3072340488434
2.096814682476,0.952514881407323,81.3191730976105
2.09663540812997,0.952831307831734,81.3303139209747
2.09645511825627,0.953142965731313,81.342116355896
2.09627395713335,0.953457274462132,81.3534824848175
2.09609214271214,0.953777273446307,81.3645973205566
2.09590967949456,0.954104468323391,81.3756930828095
2.09572654262332,0.954439499678454,81.3869078159332
2.09554281250581,0.954784052092801,81.3981153964996
2.09535842098615,0.955138345823765,81.4092082977295
2.09517333996058,0.955502746111337,81.4203402996063
2.09498752754332,0.95587773210062,81.4314856529236
2.09480093067777,0.956263862289096,81.4425594806671
2.09461348979006,0.956661749745982,81.4536790847778
2.09442513018352,0.957072077140213,81.4648566246033
2.09423576471604,0.957495587393055,81.4758861064911
2.09406589797274,0.957876895381087,81.4870090484619
2.09389227540518,0.958243188178879,81.4981737136841
2.09371632205353,0.958578481179375,81.5092587471008
2.09353711146179,0.958894277184206,81.5203447341919
2.09335688110322,0.959205698865392,81.5314948558807
2.09317588238674,0.959519419611432,81.5425536632538
2.09299419649975,0.959838020078425,81.5536921024323
2.09281184837267,0.960164099509588,81.5648746490479
2.0926288967464,0.960499146238906,81.5760319232941
2.09244532286693,0.960843436644884,81.5871162414551
2.092261095238,0.96119731948944,81.5982692241669
2.09207618637309,0.961561236514788,81.6094102859497
2.09189055885081,0.96193569912954,81.6206600666046
2.09170416229166,0.962321273954443,81.6318423748016
2.09151693407254,0.962718587559454,81.642915725708
2.0913288013925,0.963128322796978,81.6541469097137
2.09113967765608,0.963551221421065,81.6653378009796
2.09096986692444,0.963932057265547,81.6763372421265
2.09079639866681,0.964297717439152,81.6874303817749
2.09062073598441,0.964631684740007,81.698442697525
2.09044160835486,0.964946249953586,81.7096362113953
2.09026140518604,0.965255425650624,81.7208211421967
2.09008054149392,0.965567905495191,81.7318735122681
2.08989907699698,0.965886325607915,81.7429668903351
2.08971693928163,0.966212400497469,81.7541918754578
2.08953415227836,0.966547053419255,81.7653303146362
2.08935075487772,0.966890753407217,81.776383638382
2.0891667229918,0.967243949298909,81.7875702381134
2.08898201725282,0.967607129532588,81.79860496521
2.08879660840774,0.967980820105632,81.8096845149994
2.08861044720417,0.968365592645803,81.8208470344544
2.08842347129799,0.968762074725107,81.8318588733673
2.08823560843211,0.969170947695608,81.8429453372955
2.08804681834287,0.969592959904336,81.8542609214783
2.08787709223371,0.96997304594766,81.8652720451355
2.08770381505015,0.970337761890613,81.8762872219086
2.08752906708321,0.97070049299741,81.8873794078827
2.08735201982569,0.971038779133706,81.8983700275421
2.08717212414008,0.971360352245959,81.9094500541687
2.08699133521198,0.971678884680481,81.9206969738007
2.0868098666207,0.97200060760178,81.9316306114197
2.0866277491557,0.972328487022421,81.9426739215851
2.08644500292348,0.972663861051371,81.9537887573242
2.08626162440746,0.973007761101194,81.9648349285126
2.08607766810022,0.973361684169502,81.9758496284485
2.0858930497055,0.973725898042393,81.9869680404663
2.08570773788261,0.97410081080525,81.9980895519257
2.08552167805607,0.97448695207592,82.0091710090637
2.08533480777529,0.97488492885012,82.020316362381
2.08514705280241,0.97529541668312,82.0313909053803
2.08498097830461,0.975661380719454,82.0424337387085
2.08480969078207,0.976011498462729,82.0536162853241
2.08463645222865,0.97636005713236,82.0649580955505
2.08446202391381,0.976713260180464,82.0766298770905
2.08428526176369,0.977044889205628,82.0884568691254
2.08410556799942,0.977361531480341,82.0996787548065
2.08392502954487,0.977675954028197,82.110687494278
2.08374380211357,0.977993173380819,82.1218218803406
2.08356199280694,0.978316825895254,82.1333651542664
2.08337962672828,0.978648886338095,82.1445982456207
2.0831966769711,0.978989910342044,82.1563181877136
2.08301312978709,0.979340349288231,82.1684865951538
2.08282893963639,0.979700672833011,82.1793878078461
2.08264407094349,0.980071396213976,82.1914851665497
2.08245848582246,0.980453073517408,82.2029204368591
2.08227212444382,0.980846317580932,82.2141082286835
2.08208491751119,0.98125179468985,82.2253696918488
2.08189657955355,0.981669302755862,82.2365520000458
2.08172635024057,0.982053555171024,82.2477998733521
2.08156596946693,0.982409661034472,82.2595000267029
2.0814058437859,0.982756460678666,82.271235704422
2.08124658860488,0.983102790967628,82.282557964325
2.08107906023726,0.98342889004171,82.2939794063568
2.08092451215577,0.983731867774054,82.305689573288
2.08076359845583,0.984030025510113,82.3177125453949
2.08060424188859,0.984327938589946,82.3287882804871
2.08044609273767,0.984628829740091,82.3401188850403
2.08028893434212,0.984934764080421,82.3521778583527
2.08013057899918,0.98525037806027,82.3632988929749
2.07996365209739,0.98558648747186,82.3752007484436
2.07978384723249,0.985952895658656,82.3866529464722
2.07959619907855,0.986333930955993,82.3978192806244
2.07940725652142,0.986728582427049,82.4093284606934
2.07922038159764,0.987139451410418,82.4206593036652
2.07904637397254,0.98752324130461,82.4323868751526
2.07888289889812,0.98787736132807,82.4435038566589
2.0787198035578,0.988221632210003,82.4545931816101
2.07855727478028,0.988564954747021,82.4659185409546
2.07840336365098,0.98890268793487,82.4769213199616
2.07824587178925,0.989214373977031,82.4879438877106
2.07809430575562,0.989505215971252,82.4991917610168
2.07792214442396,0.98979805585071,82.5101940631867
2.0777491612241,0.990097411038424,82.5212678909302
2.07757588907823,0.990400356476737,82.5326192378998
2.0773936572311,0.990718133025435,82.5435755252838
2.07721015542341,0.99104878703847,82.5545945167542
2.07702614995276,0.991390031046241,82.5658576488495
2.07684151686144,0.991741434031237,82.5768263339996
2.07665620156344,0.992103084936934,82.587819814682
2.07647017156754,0.99247532156065,82.5988326072693
2.07628337737649,0.992858626101146,82.6099014282227
2.0760957560166,0.993253585380647,82.6209433078766
2.07590723531808,0.993660858381324,82.6320457458496
2.07571772972191,0.99408116997277,82.6432042121887
2.07554786647287,0.99445925908299,82.6542785167694
2.07537421073378,0.99482216193914,82.6652915477753
2.07519900407377,0.995183141020478,82.6763141155243
2.07502150867073,0.995519835260986,82.6875071525574
2.07484112028941,0.995839837992855,82.6985332965851
2.07465981635337,0.996156790914465,82.7097640037537
2.07447782596091,0.996476809240775,82.7209115028381
2.0742951629428,0.996802868036019,82.7320141792297
2.07411183169968,0.997136857233561,82.7431092262268
2.07392787382053,0.997479208655055,82.7542188167572
2.07374330080648,0.997830912983804,82.7654535770416
2.0735580762418,0.998192945527709,82.7765765190125
2.07337214888283,0.998565637324591,82.7876365184784
2.07318546611199,0.998949462907726,82.7986845970154
2.0729979639816,0.999345003870477,82.8097937107086
2.07280956931218,0.999752918533716,82.8208961486816
2.07262011775781,1.00017366557171,82.8318288326263
2.07244996257882,1.00055287582184,82.8429572582245
2.07227628414794,1.000916710133,82.8541347980499
2.07210112984239,1.00127851306382,82.8651461601257
2.07192378197634,1.00161543834763,82.8761882781982
2.0717434173797,1.00193584620585,82.8873269557953
2.07156215050338,1.00225336292385,82.8983595371246
2.07138017338454,1.00257367891451,82.9095468521118
2.0711975506688,1.00289992073462,82.9207966327667
2.07101436964321,1.00323454341911,82.9317905902863
2.07083056656446,1.00357827752788,82.9427993297577
2.07064612937558,1.00393165417025,82.9540255069733
2.07046102318628,1.00429511300539,82.9651031494141
2.07027521407525,1.00466915759479,82.9763123989105
2.07008865329519,1.0050543567652,82.9874782562256
2.06990127842205,1.00545133484613,82.9985318183899
2.06971300490831,1.00586079336201,83.0096328258514
2.06954645673356,1.00622587611757,83.020827293396
2.06937471681949,1.00657532212995,83.0319125652313
2.06920107273969,1.00692285882845,83.043044090271
2.06902623797443,1.00727502795443,83.0542550086975
2.06885045254669,1.00763488637279,83.0653166770935
2.06867221117594,1.00797556171353,83.0763647556305
2.06849135501427,1.00830144808641,83.0876016616821
2.06830967372479,1.00862524728304,83.0986363887787
2.06812729198905,1.00895288369491,83.1097824573517
2.06794429183881,1.00928715675194,83.1209027767181
2.06776069529804,1.00962962221739,83.131847858429
2.06757649388546,1.00998119570743,83.1429033279419
2.06739164979085,1.01034258206648,83.154043674469
2.0672061200306,1.01071441348444,83.1650674343109
2.06701986711647,1.01109730464485,83.1761240959168
2.06683281855445,1.01149156072309,83.1872475147247
2.06664487724562,1.01189821642534,83.198333978653
2.06645570926292,1.0123166588916,83.2093634605408
2.06628556198406,1.01270319516917,83.2204282283783
2.0661243508777,1.0130608516318,83.2315905094147
2.06596380402731,1.0134090505185,83.2426538467407
2.06580372335659,1.01375699722383,83.2537486553192
2.06564796847659,1.01405166148176,83.2674317359924
2.06559766282366,1.01418136699398,83.2784688472748
2.06555432959311,1.01419616544317,83.2898972034454
2.06551414687732,1.01415529279291,83.3017780780792
2.06554096306635,1.01414116139929,83.3130035400391
2.06556319037723,1.01407334544791,83.3250558376312
2.06550332941597,1.01402783516376,83.3367261886597
2.06551632721012,1.01400547099721,83.3479154109955
2.06552785008482,1.01393817224351,83.3590993881226
2.0655425898021,1.01385204677833,83.3703155517578
2.06553591442141,1.01383197186149,83.3815150260925
2.06553436087059,1.01376976987604,83.3926432132721
2.06553754185067,1.01369027138245,83.4038259983063
2.06561445660991,1.0136462462435,83.414972782135
2.06548506842948,1.01369306526202,83.4261403083801
2.06532911639239,1.01375799444339,83.4375319480896
2.06518174685942,1.01378085812241,83.448709487915
2.06521355366556,1.01378852290151,83.4599056243897
2.0651758035308,1.01374077426349,83.4709765911102
2.06515312497419,1.01366778437541,83.4818894863129
2.06519949047812,1.01363500862681,83.4929101467133
2.0652499300815,1.0135879843648,83.504213809967
2.06520890310674,1.01351789399154,83.5152652263641
2.06523630987209,1.01348332874271,83.526294708252
2.06527337822277,1.01343760975729,83.5374639034271
2.0653161946561,1.01339383579734,83.5483546257019
2.06532524932282,1.01335690084123,83.5593445301056
2.06530003999609,1.01334877496333,83.5703854560852
2.06526238501828,1.01333474945195,83.581490278244
2.06507673708793,1.0134563315533,83.5928282737732
2.06467660369957,1.01380439526538,83.6043019294739
2.0641121134756,1.01423449053653,83.6152873039246
2.06337358115663,1.01473213438211,83.6263847351074
2.06247617382998,1.01528156588538,83.6376867294312
2.06147815408661,1.01583184349424,83.6487712860107
2.06043312440713,1.01637550783286,83.6598169803619
2.05936425451018,1.01691981840123,83.6709313392639
2.0582954052422,1.01746176407894,83.6818642616272
2.05724261397068,1.0180089114284,83.692907333374
2.05618332755054,1.01855815846032,83.7041194438934
2.05510289878825,1.01910906357387,83.7151272296905
2.05401153264383,1.01965391842615,83.7262506484985
2.0529141251788,1.02019909739849,83.7374579906464
2.05182210616167,1.02074211588168,83.7484686374664
2.05075016566325,1.02129007423668,83.759495973587
2.0496723713338,1.02184016218853,83.7706789970398
2.0485931655005,1.02238350731168,83.7817633152008
2.04751224464874,1.02292780938247,83.7927713394165
2.04641916891077,1.02347202114732,83.8038761615753
2.04530628617948,1.02401861039249,83.8150117397308
2.04423817707336,1.02455410620325,83.826101064682
2.04314030457548,1.02514797801799,83.8373997211456
2.04204569075197,1.02569434218032,83.8484964370728
2.04095463233607,1.02623971722656,83.8595471382141
2.03984272812347,1.02677666750744,83.8708302974701
2.0387235398843,1.02732358482609,83.8818473815918
2.03763871630511,1.02788279330626,83.8928978443146
2.03656064072069,1.02842624319391,83.9041223526001
2.03548609664967,1.02897124450595,83.915107011795
2.03439824933269,1.02950696131999,83.9262101650238
2.03330552321389,1.03005234648984,83.9374964237213
2.03222549311026,1.03060623802459,83.9484305381775
2.03116285792875,1.0311482260897,83.9594643115997
2.0301049617093,1.03169273926562,83.9706032276154
2.0290455446372,1.03220993369552,83.9816608428955
2.0279709715574,1.03272731312802,83.9927458763123
2.02687311145857,1.03327234191803,84.0038645267487
2.02579964628519,1.03383566290756,84.0149445533752
2.02473034311664,1.03437934414963,84.0260286331177
2.0236646967475,1.03492668713565,84.0371785163879
2.02258296886985,1.03547268876884,84.0482590198517
2.0214823071174,1.03601708458789,84.0592908859253
2.02036425895213,1.0365644875787,84.0704302787781
2.01928859735314,1.03710528228838,84.0815308094025
2.01822778452195,1.03765114874283,84.0926280021668
2.01715931365314,1.0381971315542,84.1036851406097
2.01608911089753,1.03872105336709,84.1148016452789
2.01500128734358,1.0392654732416,84.1259310245514
2.01393736006523,1.03982661710308,84.1370024681091
2.01287870855053,1.04034293543844,84.148129940033
2.01182363364931,1.04092077112477,84.1592128276825
2.01075890704186,1.04146898351837,84.170342206955
2.00967027020064,1.04199852136265,84.1814846992493
2.00855503373978,1.04253879047652,84.1925375461578
2.00742086855037,1.04308912770157,84.2036507129669
2.00632053719506,1.04363743768578,84.2147789001465
2.00523769662263,1.0441859057872,84.2258501052856
2.00414877363417,1.04473377782507,84.2369892597199
2.00303794384044,1.04527764335057,84.2480747699738
2.00192663767255,1.04582454837647,84.2591671943665
2.00084872005715,1.04636798204124,84.2703080177307
1.99978351009991,1.04691311782508,84.2814257144928
1.99870963777829,1.04745997786277,84.292533159256
1.99761639237504,1.04800830461714,84.303671836853
1.99649824189923,1.04855741514156,84.3147847652435
1.99539796873389,1.04909271960406,84.3259592056274
1.99433172110919,1.04963353016068,84.3370447158813
1.99326777997798,1.05017683941244,84.3481268882752
1.99218944723447,1.05072218272323,84.359203338623
1.99108872595924,1.05127052764026,84.370325088501
1.98996254838123,1.05182232209477,84.381477355957
1.98888351505942,1.05236439530153,84.3925573825836
1.987818798194,1.05290870251755,84.4036767482758
1.98674694917086,1.05345253650456,84.4148004055023
1.9856568729537,1.05399482567042,84.4259388446808
1.98454132389007,1.05454309752723,84.4370155334473
1.98344319772029,1.0550786913493,84.4481370449066
1.98238000886435,1.05562038681279,84.4592053890228
1.98131755401768,1.05616517780815,84.4703133106232
1.98024053381565,1.05671196135625,84.4814248085022
1.97914106422253,1.05726029508885,84.4924762248993
1.97802460126859,1.05781132315192,84.5036175251007
1.97694458762142,1.05835320049578,84.5146780014038
1.97588063364563,1.0588974912712,84.5258123874664
1.97481025109582,1.05944141295402,84.5369544029236
1.97372172119757,1.05998404864929,84.5480372905731
1.97260824445508,1.06053370104631,84.5591220855713
1.97148935843311,1.06108174887467,84.5702795982361
1.97039886815928,1.06162695819051,84.5814254283905
1.96932170250144,1.06217296531094,84.5925097465515
1.96823591059578,1.0627205380683,84.6036109924316
1.96713041555334,1.06326954630653,84.6147077083588
1.96602496237457,1.06381576114801,84.6259162425995
1.96495188517581,1.06435890365138,84.6370179653168
1.9638910622577,1.06490374980178,84.6481378078461
1.96282145976995,1.06545031610574,84.6591763496399
1.96173540962029,1.06599825468301,84.6703174114227
1.96062242919925,1.06654760572809,84.6814036369324
1.95952322975494,1.067085599566,84.6924433708191
1.95845828443302,1.06762903238074,84.7036063671112
1.95739497881463,1.06817471746933,84.7147071361542
1.95631908661737,1.06872190020486,84.7258005142212
1.95522006646349,1.06927071359504,84.7369976043701
1.9541208123741,1.06981627009608,84.7481274604797
1.95305352632727,1.07035915031448,84.7592566013336
1.95199817777026,1.07090351602402,84.7703218460083
1.95093248966166,1.07144954833251,84.7814362049103
1.94984681386867,1.07199704663547,84.7925066947937
1.94873607114257,1.07254599755273,84.8036315441132
1.94764166216027,1.07308343852569,84.8147468566895
1.94658209195442,1.07362628865388,84.8258509635925
1.94552381189909,1.07417151487992,84.8370068073273
1.94445202689644,1.07471834363541,84.8481175899506
1.94335893115325,1.07526649288398,84.8591811656952
1.94223775156737,1.07581604626279,84.8702971935272
1.94112482915263,1.07635554522317,84.8813874721527
1.94004800077015,1.07689928041902,84.8924639225006
1.93897346404168,1.07744508185257,84.9036200046539
1.9378849458486,1.0779923932521,84.9147107601166
1.93677394543177,1.0785411286666,84.925797700882
1.93568357703419,1.07907813222057,84.9369473457336
1.9346259380471,1.07962052929555,84.9480061531067
1.93357058558744,1.080165169838,84.959148645401
1.93250074475972,1.08071155999178,84.9703068733215
1.93141014379166,1.08125926302649,84.9814848899841
1.93029118967778,1.08180834416352,84.992546081543
1.92918154403808,1.08234724718866,85.0036420822144
1.9281074789538,1.08289045184929,85.0147874355316
1.92703546779693,1.08343573699471,85.0260355472565
1.92594941685568,1.08398252205391,85.0371770858765
1.92484092622484,1.08453070727145,85.0482439994812
1.92375442288995,1.0850669001094,85.0592436790466
1.92270261918025,1.08560876745719,85.0703227519989
1.92165117979062,1.08615276990907,85.081437587738
1.92058418427699,1.08669838037643,85.092472076416
1.91949375584732,1.08724551029638,85.1036043167114
1.91837654363643,1.087794037926,85.1146442890167
1.91727112606962,1.08833206264385,85.1257491111755
1.91620100615767,1.08887455198033,85.1369597911835
1.91513283293998,1.08941914953863,85.1480982303619
1.91405235491256,1.08996522839118,85.1592123508453
1.91294978996046,1.09051262485765,85.1703128814697
1.91183477865803,1.09105323996539,85.1814305782318
1.91074696096485,1.09157564073447,85.1925299167633
1.90967676356285,1.09211630081373,85.203654050827
1.9086051188789,1.09265104783081,85.2147672176361
1.90752055923395,1.09318191823665,85.2258868217468
1.9063906445888,1.09373128924505,85.2369928359985
1.90528266438475,1.09426898012651,85.2481191158295
1.90421140497449,1.09481100049173,85.2591903209686
1.90314276973634,1.09535513917964,85.2703349590302
1.90206044032925,1.09590078466389,85.2814228534698
1.90095663966656,1.09644777961451,85.2925283908844
1.89984362620036,1.09698803149618,85.3036561012268
1.89875488854622,1.09751051774047,85.3147439956665
1.89768774300513,1.09804673834384,85.3258318901062
1.89662070256369,1.09857781356671,85.3369972705841
1.89554198359184,1.09910440053804,85.3480944633484
1.89441696954386,1.09969362383339,85.3592200279236
1.89331232671319,1.10023182509244,85.3703219890594
1.89224188162643,1.10077236933268,85.3814499378204
1.8911728767585,1.10131489158545,85.3924751281738
1.89009142866861,1.10185885324168,85.4036264419556
1.88898753907771,1.10240408201299,85.4147243499756
1.88787028697726,1.10294291412213,85.4258017539978
1.88676843228725,1.1034794663401,85.4369676113129
1.88569206388059,1.10402075902992,85.4481139183045
1.88461283071953,1.10456391868991,85.4591839313507
1.88351691182283,1.10510847688848,85.470321893692
1.8823983609719,1.10565425214478,85.4814686775208
1.8812949863131,1.10619014368537,85.4925382137299
1.88022595513069,1.10673020342916,85.503655910492
1.87916041143129,1.1072722843367,85.5147938728333
1.8780783026074,1.10781572314118,85.5261058807373
1.87697271488052,1.10836050048882,85.5372881889343
1.87585461460176,1.10889901209096,85.5483059883118
1.87475327488267,1.10943501862998,85.5593998432159
1.87367745319213,1.1099758263688,85.5704717636109
1.87259876790682,1.11051850214458,85.581595659256
1.87150340270154,1.11106256614401,85.592679977417
1.87040164058788,1.11159968963973,85.6037430763245
1.86930183581848,1.11213653934967,85.6148567199707
1.86819508221732,1.11266597142569,85.6260027885437
1.86711464351317,1.11319717537912,85.6371512413025
1.86603785266699,1.11371907875044,85.6482570171356
1.86493325238734,1.11426452671882,85.6593053340912
1.86379165986212,1.11480725260883,85.6703774929047
1.86268036160077,1.11533537512463,85.6815090179443
1.86160734981748,1.1158610182749,85.6926403045654
1.86054119915027,1.11638360267901,85.7037165164948
1.85946428002346,1.11691794149808,85.7148461341858
1.85837673407741,1.11745352374959,85.725973367691
1.85729088992578,1.11798962590665,85.7370593547821
1.85619941299703,1.11851479404246,85.7481863498688
1.85512050775795,1.11905967018406,85.759222984314
1.85404464055534,1.11958031731331,85.7703375816345
1.85295590470981,1.12013137664665,85.7814722061157
1.85183105097298,1.12066552964802,85.7925426959991
1.85073845566257,1.12120052862193,85.8036665916443
1.84967335070383,1.12174078074037,85.8148427009582
1.84860512495605,1.12228290905937,85.825998544693
1.84751865379269,1.12282644919274,85.8370609283447
1.84642493613514,1.12336309977678,85.8481695652008
1.84532570148872,1.12390086171239,85.8592178821564
1.84423549971899,1.12442557022668,85.8703379631043
1.84317506794229,1.12494286142358,85.8815166950226
1.84211148931649,1.12549221431193,85.8925814628601
1.8409999911025,1.12607340741592,85.9036529064178
1.83988698167233,1.12661306649552,85.9147922992706
1.8387695838734,1.12715196640461,85.925877571106
1.83764987678335,1.12769056534521,85.9370431900024
1.83656862078362,1.12820952578267,85.9482040405274
1.83548654105377,1.12875894272689,85.9592256546021
1.83439722493504,1.12929533235686,85.9703366756439
1.83330744758631,1.12983024093582,85.9815073013306
1.83221583602035,1.13036530861856,85.9926192760468
1.83115793776106,1.13088240602838,86.0036883354187
1.83007994174665,1.13146109285588,86.0148441791534
1.82898213501591,1.13201314997627,86.0261387825012
1.82787000482161,1.13256719970779,86.037398815155
1.82673719186773,1.13310451981523,86.0483787059784
1.82561870636129,1.13364117527242,86.0594244003296
1.82452535023665,1.1341824729044,86.0705535411835
1.82342837904416,1.13472562226763,86.0816226005554
1.82232965013925,1.13526262319168,86.0926947593689
1.8212298288712,1.13580030746305,86.1037273406982
1.82011833165354,1.13633756549113,86.114875793457
1.81898568061488,1.1368777765085,86.1259558200836
1.81787277648807,1.13742803991712,86.1370520591736
1.81677849364176,1.1379632075955,86.1481852531433
1.81569395211896,1.13849723821526,86.1592216491699
1.81460148547242,1.13902733185443,86.1703429222107
1.81349774277708,1.13955921380638,86.1815042495728
1.81241045259586,1.14010312956151,86.1925694942474
1.81132440828117,1.14065604735828,86.2036607265472
1.81023491099681,1.14119205775887,86.2147986888886
1.80914538645161,1.14172936462577,86.2258870601654
1.8080457266596,1.14226707488942,86.2370104789734
1.80692660648763,1.14280648293235,86.2481122016907
1.80584694093755,1.14335342165196,86.2592129707337
1.80475382316342,1.14392263395924,86.2703311443329
1.80365317195776,1.14446158235595,86.2814660072327
1.80255191421399,1.14500048953847,86.2925238609314
1.80143504129631,1.14553921456441,86.3036711215973
1.80030852790174,1.14608037364216,86.3148186206818
1.79921434532095,1.14663222760614,86.3259403705597
1.79812656471838,1.14716964810401,86.3370118141174
1.79704186716417,1.14770875335924,86.3481698036194
1.79594297005497,1.14824041407269,86.3592162132263
1.79484091140201,1.14878011195921,86.3706152439118
1.79375200244097,1.14932518548572,86.3823528289795
1.7926775576439,1.14983631236014,86.3940169811249
1.79161858774101,1.15039426348123,86.4071803092957
1.79055152961253,1.1509272652911,86.418417930603
1.7894588122323,1.15144441968123,86.4299216270447
1.78835215405073,1.15197063423994,86.4412925243378
1.78721765895535,1.15251275442172,86.4532866477966
1.78611322158681,1.15305035668128,86.4657566547394
1.78502407104789,1.1535897934648,86.4771106243134
1.78392831999565,1.15413023899457,86.4885935783386
1.78282336888909,1.15465706313688,86.5018975734711
1.78169658033446,1.15519806940256,86.513090133667
1.7806129763895,1.15573280007864,86.5248718261719
1.77954188921224,1.15627246548798,86.5363638401032
1.77846277127177,1.15680921869775,86.5479121208191
1.77737460773902,1.15733317760162,86.5599267482758
1.77626380232206,1.15787430050931,86.5714583396912
1.77512153959546,1.15841516917412,86.5825123786926
1.77402086962506,1.15895084492092,86.5935909748077
1.77293386876262,1.1594888868672,86.6050472259522
1.77183884475232,1.16002877489546,86.6163046360016
1.77073449000548,1.16055573494422,86.6274244785309
1.76960949019973,1.16109611879673,86.6387445926666
1.76852744254888,1.16163107551634,86.6507961750031
1.76745796392988,1.16216987024409,86.6618912220001
1.76638714785088,1.16269747422559,86.6732323169708
1.76531163995671,1.16322078297538,86.6858911514282
1.76419326646039,1.16378514965998,86.6972770690918
1.76303212995466,1.16433988953869,86.7085340023041
1.76192826716989,1.16487332378166,86.7196633815765
1.76084384594687,1.1654109417976,86.730936050415
1.7597753971707,1.16592371294957,86.7429759502411
1.75866992904223,1.16645977489616,86.7549755573273
1.75753128429312,1.16700796228852,86.766618013382
1.75643671220475,1.16756363851858,86.778017282486
1.7553501903078,1.16810142782004,86.7897655963898
1.75426814248936,1.16864047093873,86.8024027347565
1.75317483273364,1.16918107046075,86.8134832382202
1.75205084417236,1.16970764548887,86.8251502513886
1.75091615119715,1.17024782221891,86.8367667198181
1.74982139001318,1.17078142834447,86.8480494022369
1.7487441504738,1.17131940335959,86.8592045307159
1.74765916561038,1.17185756959022,86.8705041408539
1.74656723487292,1.1723793957498,86.881742477417
1.74546037521115,1.17291804705989,86.8928706645966
1.74437576399702,1.17347496778044,86.9041781425476
1.74329393199952,1.17398719140546,86.9152569770813
1.74221677965928,1.17458360481739,86.9262819290161
1.74112303929711,1.17513382908908,86.9375128746033
1.74000826369902,1.17567574282684,86.9489016532898
1.7388742227896,1.17621848483725,86.9600446224213
1.73775187732962,1.17675128907852,86.9711625576019
1.73667806447795,1.17726988150752,86.9825525283813
1.73561642884943,1.17778507692899,86.9936878681183
1.73454153103889,1.17831492342357,87.0050191879272
1.73343351341157,1.17886913901626,87.0169942378998
1.73230264775314,1.17941340300648,87.0281729698181
1.73121045382408,1.17994959205698,87.0395977497101
1.73013334631527,1.18048869685479,87.0521128177643
1.72904921447264,1.18102749728752,87.0632274150848
1.72794890786802,1.1815612714688,87.07554936409
1.72681016660704,1.18209760401255,87.0874555110931
1.72566054145503,1.18263996378289,87.0985431671143
1.72454545104994,1.18317947549931,87.1098475456238
1.72344805365499,1.18371968466751,87.120983839035
1.72234466884595,1.18425906871572,87.1325900554657
1.72121990643047,1.18479433739297,87.143767118454
1.7200944710138,1.18533333098699,87.154952287674
1.71900161473333,1.18586910103413,87.1672024726868
1.71792153807398,1.18640652994281,87.1785426139832
1.71683275641188,1.18694538310342,87.190110206604
1.71572443852197,1.18748536214983,87.2031397819519
1.71459054889096,1.18802644451279,87.2143967151642
1.71347035440029,1.18855733335136,87.2256684303284
1.71240265408231,1.18906605710287,87.2369301319122
1.71134710762533,1.18957680831544,87.2482216358185
1.71027121930419,1.19010867659844,87.260116815567
1.70916185535009,1.19066340416459,87.27201628685
1.70803012966578,1.19120595210365,87.2837233543396
1.70693722734694,1.1917409250469,87.2949409484863
1.70585954410729,1.19227844061666,87.3061916828156
1.70477492399482,1.19281565130243,87.3180572986603
1.70367484648316,1.1933473374043,87.3290319442749
1.70254992001839,1.19387882403176,87.3401167392731
1.7013767778343,1.19443540202843,87.352299451828
1.700251520757,1.19496799894566,87.363303899765
1.69914969979768,1.19550482611995,87.3754103183746
1.69804409914289,1.19604083686687,87.3869278430939
1.69691732291587,1.19657287036991,87.3980283737183
1.69579134590177,1.19710931176351,87.4094648361206
1.69469813639133,1.19764268953578,87.4209973812103
1.69361780626515,1.19817777901102,87.4319360256195
1.69252884844931,1.19871424964998,87.4430661201477
1.69142041701305,1.1992517913944,87.4542155265808
1.69028646243914,1.19979037046461,87.4651663303375
1.6891663863986,1.20031954792937,87.4762539863587
1.68808115749966,1.20085345361404,87.4874083995819
1.6869976226756,1.20138922908972,87.4983997344971
1.68589915216512,1.20192613934875,87.5095369815826
1.6847777690184,1.2024639728022,87.5207281112671
1.68364545910805,1.20300232518097,87.5317380428314
1.68254519201599,1.20353434927996,87.5429422855377
1.68146086653066,1.20406710031668,87.5542943477631
1.68037006785694,1.2045989029862,87.5660021305084
1.67926598774774,1.20511377083043,87.5771288871765
1.67813690967278,1.20565094800759,87.5889384746552
1.67701502325878,1.20617983983709,87.6005363464356
1.67592654253286,1.20671312826722,87.6117172241211
1.67483973344362,1.2072479709415,87.6231865882874
1.67373914984755,1.20778415255204,87.6355695724487
1.67261488945289,1.2083214763504,87.6466021537781
1.67148704863664,1.20885705094772,87.6586308479309
1.67038797542327,1.20938992631939,87.6702101230621
1.66930234026107,1.2099239361295,87.6813652515411
1.66820825329842,1.21045920631749,87.6925044059754
1.66709464016042,1.21099549121826,87.7036745548248
1.66595831405164,1.21153265521169,87.7149727344513
1.66483020535089,1.21206127371633,87.7261199951172
1.6637373817599,1.21259416049807,87.7374134063721
1.66264652146091,1.21312876373329,87.7484245300293
1.66154142820604,1.21366449023778,87.7595236301422
1.6604135680691,1.21420121721658,87.7707340717316
1.65930476813222,1.21472800364023,87.7817757129669
1.65823023132622,1.21525989655034,87.793265581131
1.65715592216975,1.21579380969427,87.8045930862427
1.65606679429718,1.21632889652096,87.8159260749817
1.65495508413862,1.2168649529645,87.8272798061371
1.65381956177071,1.21740183505828,87.8384194374084
1.65269000161903,1.21793029996171,87.8498456478119
1.65159607015857,1.21846268610012,87.860821723938
1.65050423217475,1.2189967415122,87.8719160556793
1.64939818727144,1.21953190332795,87.8834688663483
1.6482693526369,1.22006804692146,87.8944747447968
1.6471592607968,1.22059454422622,87.9057009220123
1.64608228358122,1.22112588885128,87.9170610904694
1.64500763719169,1.2216590914945,87.9280769824982
1.64391921493333,1.22219357999012,87.9393715858459
1.64280902416546,1.22272899887988,87.9506723880768
1.6416700909062,1.22326535429247,87.9616901874542
1.64053786577709,1.22379346963445,87.9729566574097
1.63944194365084,1.22432534607506,87.9842991828918
1.63834838957269,1.22485886295464,87.9952840805054
1.63724071496826,1.22539346286674,88.006495475769
1.63611024147167,1.2259290211311,88.0178194046021
1.63499841935258,1.22645502905604,88.0288095474243
1.63424077921169,1.2266403673808,88.0452437400818
1.63386570244556,1.22666586702271,88.0561940670014
1.63372199291575,1.22665896431507,88.0675752162933
1.63370811190344,1.2266574578195,88.0785474777222
1.63369686808171,1.22668043828227,88.0899863243103
1.63369394414421,1.22670083540026,88.1017646789551
1.63369434253496,1.22672021667636,88.1127684116364
1.63369546693141,1.22673903898741,88.1241490840912
1.63369592721629,1.22675749915136,88.1363596916199
1.63369492213814,1.22677569585594,88.1477150917053
1.63369232168757,1.22679369335287,88.1593534946442
1.63368712531286,1.22681153183909,88.1704711914063
1.63367917184578,1.22682924981687,88.1815700531006
1.63373069145963,1.22678972693067,88.1927812099457
1.63380964854107,1.22676572022942,88.2039608955383
1.63392027642611,1.22672361385009,88.2148966789246
1.63404833864546,1.22667504274828,88.226114988327
1.63418288942631,1.22662758451753,88.2372035980225
1.63427497252308,1.22660846031777,88.2482922077179
1.63434571842634,1.22662136119269,88.2593858242035
1.63440278088005,1.22663480866704,88.2707364559174
1.63445230065459,1.22664755537449,88.2819077968597
1.63449720434659,1.22665960694618,88.292986869812
1.63453878128449,1.22667114045012,88.3041672706604
1.63457770884395,1.22668220194179,88.3150727748871
1.6346141370596,1.22669284573998,88.3261382579803
1.63464820516079,1.22670304871124,88.3374743461609
1.63467995014217,1.22671282639522,88.3485109806061
1.63470933160761,1.22672219871732,88.3596262931824
1.63473625224982,1.22673119040925,88.3708155155182
1.63476057503201,1.22673983245629,88.3817467689514
1.63478214213417,1.2267481680586,88.393429517746
1.6347691356738,1.22679524365923,88.4050481319428
1.63474749791255,1.22683825670862,88.4163970947266
1.63471946066022,1.22688022370188,88.4277296066284
1.6347320247112,1.22688393457522,88.4391689300537
1.63477195562039,1.22688851606015,88.450484752655
1.63482252788162,1.22689345712267,88.4614522457123
1.63487634181956,1.22689835393011,88.4727208614349
1.63493013543298,1.22690292765877,88.4839413166046
1.63498257261345,1.22690695943739,88.4949841499329
1.63503312813507,1.22691044172369,88.5062794685364
1.63508182028901,1.22691323853336,88.5175597667694
1.63512857752064,1.22691557967628,88.5286886692047
1.63517264979523,1.22691726979788,88.5399930477142
1.6352142214657,1.22691834403066,88.552102804184
1.63522813304464,1.22695757958898,88.563499212265
1.63523415729362,1.22699495144322,88.575615644455
1.63523572012681,1.22703139968559,88.5875473022461
1.63523414755348,1.22706756605624,88.5985546112061
1.63522978057701,1.22710376029089,88.6095988750458
1.6352226131932,1.22714029610575,88.6208629608154
1.63521252498031,1.22717746910982,88.6319363117218
1.63526796660708,1.22713646005508,88.6438238620758
1.63532913635308,1.2271056227108,88.6554956436157
1.63539411888444,1.22707500978709,88.6670424938202
1.63545861332284,1.22704294445646,88.6780416965485
1.63551825009743,1.22701156084195,88.6894636154175
1.63560933721483,1.2269703465908,88.7005667686463
1.6357100209217,1.22693900246399,88.7115197181702
1.63575992065632,1.22693261166353,88.7226858139038
1.63580490848581,1.22692952386496,88.7339181900024
1.63583619167464,1.22694977844717,88.7448697090149
1.63586017422677,1.22697486644431,88.756135225296
1.63588006678717,1.22700084461926,88.7673215866089
1.63589673393766,1.22702686033191,88.7782292366028
1.63591076163149,1.22705292888316,88.7895679473877
1.63592230254394,1.22707911418708,88.8009252548218
1.63593136398364,1.22710541276304,88.8119206428528
1.63593776857225,1.22713213231778,88.8233506679535
1.63594139753885,1.22715933496883,88.8355197906494
1.63594210013018,1.22718713598868,88.8464775085449
1.63593970990159,1.2272156790933,88.8584156036377
1.63597609705198,1.2271924345532,88.8702487945557
1.63601310999732,1.22720785778025,88.8815004825592
1.63604862146659,1.22722554894927,88.8925712108612
1.6360820969494,1.22724353701804,88.9036757946014
1.63611345823307,1.22726131958773,88.9147617816925
1.63614282810386,1.22727890985638,88.9257774353027
1.63616949603325,1.22729621485531,88.9369511604309
1.63619378822565,1.22731331173077,88.9480020999909
1.63621585193923,1.22733026610165,88.9590935707092
1.63623572050606,1.22734715434751,88.9703521728516
1.63625338796288,1.22736401489625,88.9815640449524
1.63626881839611,1.22738092447564,88.9931542873383
1.63628194998632,1.2273979815392,89.0045914649963
1.63629270057663,1.22741528072314,89.0160059928894
1.63630098005721,1.22743287901697,89.0270886421204
1.63629452939899,1.22750106493572,89.0384662151337
1.63628491399457,1.22757322489033,89.0497212409973
1.63627243022845,1.2276470558239,89.0617082118988
1.63629222320278,1.22766737832309,89.0731739997864
1.63632067576375,1.22767915166935,89.0854504108429
1.63634958118278,1.22768888289826,89.0966663360596
1.6363766655439,1.22769806426585,89.108521938324
1.63640129471602,1.22770694067664,89.120579957962
1.63642368333259,1.2277156664741,89.1320517063141
1.63644392547853,1.22772418968194,89.1439166069031
1.63646209141318,1.22773282037513,89.1563215255737
1.63647818836615,1.22774153307,89.1679213047028
1.63649220207781,1.22775036735154,89.1791574954987
1.6365041340511,1.22775936590311,89.1907579898834
1.63651395992787,1.22776861822657,89.2044396400452
1.63651760946932,1.22782558157185,89.2155063152313
1.63651878869123,1.22788769670488,89.2265186309814
1.63651822352519,1.22795197042464,89.2376232147217
1.63651609837515,1.22801776438551,89.2485599517822
1.63651237253966,1.22808509379027,89.25954413414
1.63650718000278,1.22815435230095,89.2705857753754
1.63655233853165,1.2281358741916,89.2817349433899
1.63658620408262,1.22811392335001,89.2927865982056
1.6366144343935,1.22809289821811,89.303852558136
1.63663795470478,1.22807352362148,89.315146446228
1.63665779366305,1.22805684244839,89.3265027999878
1.63667247336634,1.22804375090671,89.3392143249512
1.63670424993472,1.22803096115015,89.3505358695984
1.63676440503355,1.22800898317775,89.3621156215668
1.6367754401166,1.22804199915011,89.3736531734467
1.63661552005584,1.22820736252647,89.3858036994934
1.63636709965566,1.2284339634485,89.3972616195679
1.6361122518462,1.22869755612001,89.4086666107178
1.63584575914405,1.228969537974,89.4199430942535
1.6356176233609,1.22930944079903,89.4311151504517
1.63539250171239,1.22965510721239,89.4423189163208
1.6351622339434,1.22999882190147,89.4535870552063
1.63492919556201,1.23034734260631,89.4646689891815
1.63469390381947,1.23070459604824,89.4757540225983
1.63445459792771,1.23106660313612,89.4869289398193
1.63425949778345,1.23139702137413,89.4980311393738
1.63405438888837,1.23170838327075,89.5091104507446
1.63384704812017,1.23201784754322,89.5204658508301
1.63364350104742,1.23233104570457,89.5317788124084
1.63343975104163,1.23264903280206,89.5430088043213
1.63323519913108,1.23297269969286,89.5546646118164
1.63302942028399,1.2333031388635,89.5657300949097
1.63282358594409,1.23363972725746,89.5768160820007
1.63262981588498,1.2339687760636,89.5878643989563
1.63238065067207,1.23431381737585,89.5989804267883
1.63217047367523,1.23467434087584,89.6100475788117
1.63195265779818,1.23504347509697,89.6210961341858
1.63171847448421,1.23543532574105,89.6320445537567
1.63146917220202,1.23585459575242,89.6432089805603
1.6312441082243,1.23624040629834,89.6542694568634
1.63101387069368,1.23660324172839,89.6652779579163
1.63078071094241,1.23696209630593,89.6764636039734
1.63054505592122,1.23732528838957,89.6875691413879
1.63030661159358,1.23769516854767,89.6985213756561
1.63010281345302,1.23802446780163,89.7097642421722
1.62989539410352,1.23833744399712,89.7209191322327
1.62968552255512,1.2386484525326,89.731906414032
1.62947803904977,1.2389640842947,89.743049621582
1.62928055886035,1.23927559741719,89.7542078495026
1.62910414174526,1.2395695973979,89.7652952671051
1.62889372435216,1.23988854286348,89.7764294147492
1.62867955168784,1.24021640442173,89.7875690460205
1.62846343334043,1.24055090983352,89.7985734939575
1.6282468928761,1.24089506721754,89.8099031448364
1.62802823596824,1.24125093886337,89.8209753036499
1.62780804358828,1.2416163617151,89.8319253921509
1.62759074877999,1.24196166789581,89.8431894779205
1.62736781060852,1.24229315930271,89.8545906543732
1.62714234265933,1.24262416143493,89.8664426803589
1.62691480559886,1.24296016422259,89.8789663314819
1.62668525849608,1.24330366156653,89.8916976451874
1.62645361860921,1.24365603053925,89.902969121933
1.6262197989024,1.24401815221527,89.9143264293671
1.62598279973241,1.24438880124837,89.9253916740418
1.62574865542005,1.24477360162384,89.936705827713
1.6255425274838,1.24512126544002,89.9477982521057
1.62532436461835,1.2454574858543,89.9588308334351
1.62512290519111,1.24578540955981,89.9701645374298
1.62492392313088,1.24611042100456,89.9813477993012
1.62472549428998,1.24643688051737,89.9924001693726
1.62454323894828,1.24674863816916,90.0035939216614
1.62431441311477,1.24709630200351,90.0147337913513
1.6240803079493,1.24745973135267,90.0261919498444
1.6238611989125,1.24780347120174,90.0377852916717
1.62362670695196,1.24814044888627,90.049329996109
1.62339942356814,1.24847558840121,90.0607075691223
1.62318797674206,1.24880428763566,90.0722002983093
1.62297768777674,1.24913297780999,90.0871300697327
1.62276077995665,1.24947320796108,90.0992600917816
1.62253143495347,1.24983597988747,90.1116507053375
1.62228466361199,1.25023104288923,90.1239457130432
1.62202696036672,1.25065011186256,90.138165473938
1.62179520311803,1.25103820444847,90.1513254642487
1.62158353253261,1.25139845913253,90.1626868247986
1.62138613933597,1.25173101810177,90.1747999191284
1.62118958083044,1.25205540122122,90.1865968704224
1.62099291469676,1.25237944558385,90.197794675827
1.6208035643315,1.25269870231573,90.208856344223
1.62059378460001,1.25303328975377,90.2201154232025
1.62036488897358,1.25338572345851,90.2311637401581
1.62015090642165,1.25371767661963,90.2422709465027
1.61992188924851,1.25404318913174,90.2536787986755
1.61969193195884,1.25436830428638,90.2646489143372
1.6194687033742,1.25469271948305,90.2756381034851
1.61924500973002,1.25502229754923,90.2868847846985
1.61901963053258,1.25535910288567,90.2983591556549
1.61879235886403,1.25570428135284,90.3095738887787
1.61856307002365,1.25605861148886,90.3208050727844
1.61833162357595,1.25642251375047,90.3320288658142
1.61809790404958,1.25679692702635,90.3432068824768
1.61786079612455,1.25718090253034,90.3544912338257
1.61762604205672,1.25757801786944,90.3659682273865
1.61741399130942,1.25794674964713,90.3770685195923
1.61721973812788,1.25828546938617,90.3882563114166
1.61702629669567,1.2586144859581,90.3998670578003
1.61683303088272,1.25894265451154,90.4110159873962
1.61663474515172,1.25925389981636,90.4223442077637
1.61642826120576,1.25955297885864,90.433856010437
1.61622149163203,1.25985030203117,90.4449412822723
1.61602388731572,1.26014327606431,90.456476688385
1.61583075743624,1.26043339583927,90.4679367542267
1.61563934014151,1.26072355454626,90.4790234565735
1.61544760468916,1.26101795816443,90.490300655365
1.61524878844831,1.26132550043053,90.5027530193329
1.61503666126716,1.26165669991413,90.513993024826
1.61480670433558,1.26202087289461,90.5259885787964
1.61455505917572,1.26242548053984,90.5377399921417
1.6142933193762,1.26285493701716,90.5492088794708
1.61408111624547,1.26323053020635,90.5606439113617
1.61388457923681,1.26356846716399,90.571802854538
1.6137022963206,1.26389092547244,90.5835657119751
1.61352938217292,1.26419170676418,90.5945415496826
1.61330678120393,1.26453021127498,90.6059753894806
1.61307710995119,1.26487690282519,90.6172869205475
1.61286715697396,1.2652014077548,90.6283056735992
1.61265822744518,1.26550925784849,90.6395611763
1.61244746336766,1.26581120544641,90.6508538722992
1.61222994844495,1.26611842655504,90.6618368625641
1.61200959604969,1.26643306505331,90.67302942276
1.61178782666742,1.26675634171162,90.6842279434204
1.61156431714447,1.26708811691923,90.6951954364777
1.61133894400127,1.26742856669312,90.7064118385315
1.61111157734373,1.26777805549072,90.7175953388214
1.6108821243278,1.26813705700971,90.7285344600678
1.61065045734931,1.26850612100121,90.739709854126
1.61041641336813,1.26888587118531,90.7510576248169
1.61017981099727,1.26927699244551,90.7620322704315
1.60994039317374,1.2696802506047,90.7732577323914
1.60973289586375,1.27004181221501,90.7846508026123
1.60952410673426,1.27039148567955,90.7956018447876
1.60931268613555,1.27074105538046,90.8069319725037
1.60910422964042,1.27106607557797,90.8203473091126
1.60888987065667,1.27137584236883,90.8315236568451
1.60867316009685,1.27168392334287,90.8425011634827
1.6084546095464,1.27199575582044,90.8536794185638
1.60823431311804,1.27231367619544,90.8648254871368
1.60801218410225,1.2726380872195,90.8758549690247
1.60778823580122,1.2729712934641,90.8869616985321
1.6075624061725,1.27331344049856,90.8980720043182
1.60733456504146,1.27366481580463,90.9091157913208
1.60710462342435,1.2740258623922,90.9202942848206
1.60687243705467,1.27439713287447,90.9314205646515
1.60663784201734,1.27477925206791,90.9424922466278
1.60640065197378,1.27517291359432,90.9536461830139
1.60619834912808,1.27552211844334,90.9647810459137
1.60599333380824,1.27585939758641,90.9757988452911
1.60578501186248,1.27619682873182,90.9869320392609
1.60557406764998,1.27653975393372,90.9980337619782
1.60536618196969,1.27686041739222,91.0091073513031
1.6051523312572,1.27716696005322,91.0203635692596
1.604936121197,1.27747234434803,91.0316202640533
1.60471803867031,1.27778107801821,91.0430035591125
1.60449825669933,1.27809595945929,91.0548152923584
1.6042767730335,1.27841874513774,91.0661170482635
1.60405348764233,1.27874975755495,91.0771625041962
1.60382834342909,1.27908932324468,91.0882337093353
1.60360123014987,1.27943784988465,91.0994317531586
1.60337204145283,1.27979583132935,91.1104140281677
1.60314065985595,1.28016382188389,91.121563911438
1.60290692534669,1.28054244008695,91.1327619552612
1.60267065913668,1.28093236509455,91.1437237262726
1.60243165782127,1.28133433993489,91.1547317504883
1.60222477309374,1.28169437326543,91.1658823490143
1.60201643220813,1.28204251628301,91.1769609451294
1.60180541221978,1.2823905445035,91.1879642009735
1.60159755287771,1.28271370306483,91.1989345550537
1.60138355470413,1.28302172558838,91.2100121974945
1.60116717215001,1.28332814590127,91.2210569381714
1.60094897278528,1.2836378358583,91.2319605350494
1.60072898463692,1.28395326746781,91.243077993393
1.60050723388089,1.28427679506168,91.2542028427124
1.60028367785643,1.28460866748475,91.2651703357697
1.60005825743938,1.28494917971068,91.2762336730957
1.59983085678656,1.28529873280584,91.287342786789
1.59960137395744,1.28565782044474,91.2983214855194
1.59936968787648,1.28602700072897,91.309410572052
1.59913563518053,1.28640689860961,91.3205199241638
1.59889903406844,1.2867982005029,91.3316459655762
1.59865900401376,1.2872004699622,91.342702627182
1.59844758042206,1.28757101020806,91.3538398742676
1.59825586943239,1.28791062694175,91.3649673461914
1.59806420740974,1.28824046607637,91.376008272171
1.59786683401762,1.28855140008126,91.3870551586151
1.59765997747162,1.28885081936124,91.3981764316559
1.59744994160119,1.28915018331563,91.4093565940857
1.59723983333124,1.28945181779035,91.4204590320587
1.59702726272193,1.28976150802341,91.4317343235016
1.59681908325353,1.29007418682437,91.4427878856659
1.59661517827675,1.29038751880784,91.4539518356323
1.59641504657936,1.29070184214423,91.4651386737824
1.59620925888037,1.2910268706883,91.4762048721314
1.59599142396615,1.2913733708507,91.4873433113098
1.5957596875006,1.29173675765782,91.4983797073364
1.59552421413713,1.29211454730158,91.5096397399902
1.59528512375977,1.29250333094534,91.5208630561829
1.59507930464421,1.29285921081662,91.5319259166717
1.59488371849061,1.29319043353419,91.5430221557617
1.59468922332659,1.29351410144012,91.5542316436768
1.59450981294066,1.29381996480303,91.5654039382935
1.59429121509236,1.29415458511842,91.5765752792358
1.59408298093825,1.29446682596643,91.5876350402832
1.59386948270914,1.29476808819526,91.5985834598541
1.59365452301035,1.29506837132806,91.6097300052643
1.59343787327584,1.29537151624256,91.6209051609039
1.59321973737091,1.29568142939235,91.6320149898529
1.59299995570257,1.29599863482656,91.6431212425232
1.59277843745402,1.296323560964,91.6542630195618
1.59255513021068,1.29665658505882,91.6652324199677
1.59232993636745,1.29699811499854,91.6762826442719
1.59210274214746,1.29734862479905,91.687403678894
1.59187344871373,1.29770863647389,91.6984283924103
1.59164192274728,1.29807872282683,91.7096347808838
1.59140800072362,1.29845951922037,91.7208335399628
1.59117150055211,1.2988517178649,91.7317609786987
1.59093221490013,1.29925607394426,91.7428224086762
1.59072514919191,1.29961836458136,91.7538897991181
1.59051658813349,1.29996896768984,91.7649784088135
1.59031156572795,1.3002890789962,91.7762846946716
1.59009975165143,1.30059205345228,91.7874250411987
1.58988535085784,1.30089152199563,91.7983963489533
1.5896692363344,1.30119457972013,91.8094942569733
1.58945137742418,1.3015039568101,91.8207654953003
1.58923173904105,1.30182058041516,91.8320105075836
1.58901027970341,1.30214501455329,91.8430981636047
1.58878700706691,1.30247762186591,91.8542490005493
1.58856185065303,1.30281876806912,91.8652808666229
1.5883347021883,1.3031689046294,91.8763675689697
1.58810546694484,1.30352854492487,91.887631893158
1.5878740117463,1.30389825742447,91.898689031601
1.58764017249054,1.30427867164687,91.9105687141419
1.58740376767553,1.30467047606335,91.9227590560913
1.58716459081875,1.30507442310985,91.9342799186707
1.58695743425229,1.30543650098482,91.9454522132873
1.58674886653378,1.30578679708261,91.9576411247254
1.58653762734194,1.30613704447403,91.971328496933
1.58632905440369,1.30646322464152,91.9834418296814
1.58611489050213,1.30677399904323,91.9950029850006
1.58589843015286,1.30708294691259,92.0075564384461
1.58568014266978,1.30739556962605,92.0206232070923
1.58546014833226,1.3077141575054,92.0326683521271
1.58523826766744,1.30804018221444,92.0439441204071
1.58501453340302,1.30837434760312,92.0559434890747
1.58478890496795,1.30871707983625,92.0692555904389
1.58456125804271,1.30906858111807,92.0806670188904
1.58433153922531,1.30943011750437,92.0931811332703
1.58409957769289,1.30980204484562,92.1052813529968
1.58386519938758,1.31018490756556,92.1174960136414
1.58362821653757,1.31057936639317,92.1284563541412
1.58338841624781,1.31098617096656,92.1402201652527
1.58317963129596,1.31135206967903,92.1537294387817
1.58297003096495,1.31170594732367,92.1654782295227
1.58276412263865,1.3120291055675,92.1766262054443
1.58255144705494,1.31233498358747,92.1884028911591
1.58233618783172,1.31263722187004,92.200119972229
1.5821191752841,1.31294343135068,92.2113635540009
1.58190047508292,1.31325596833459,92.2233128547668
1.58168002647123,1.31357576876113,92.2368597984314
1.58145776089718,1.31390345596138,92.2485620975494
1.5812336563541,1.31423945873639,92.2597217559814
1.58100762279068,1.31458420885214,92.2715489864349
1.58077954782026,1.31493820313045,92.2830359935761
1.58054933300654,1.31530198901857,92.2941567897797
1.58031687623393,1.31567606643925,92.3057489395142
1.58008197864255,1.31606110909448,92.3173844814301
1.5798444043736,1.31645793472149,92.32847905159
1.57964073335012,1.31681113130762,92.3399705886841
1.57943452553004,1.31715281828605,92.3531212806702
1.57922554327339,1.31749400252486,92.3646178245545
1.57901389764273,1.31784076976909,92.3764963150024
1.57880484628239,1.31816600858218,92.3881175518036
1.57859025782888,1.31847685822152,92.3996307849884
1.57837340581901,1.31878637151005,92.4110424518585
1.57815472514868,1.31909983748338,92.4221746921539
1.57793428378205,1.31941956405494,92.4337632656097
1.57771205185397,1.31974676291274,92.4451429843903
1.5774880123172,1.32008210404808,92.4569735527039
1.57726206794853,1.32042590256652,92.4703142642975
1.57703411825378,1.32077881361596,92.4820430278778
1.57680408381471,1.32114179533221,92.4932839870453
1.57657178945215,1.32151525219003,92.5048775672913
1.5763370633104,1.32189975170791,92.5162255764008
1.57609971453658,1.32229597055051,92.5277714729309
1.57589635972336,1.32264847164213,92.5390677452088
1.57569039109959,1.3229894686397,92.551025390625
1.57548156252329,1.32333010302575,92.562305688858
1.57527019923195,1.32367606683085,92.5741217136383
1.57506145156222,1.32400035294452,92.5878024101257
1.57484708881087,1.32431032261665,92.5990979671478
1.57463046033124,1.3246189919143,92.6121633052826
1.57441201015946,1.32493161417263,92.6245219707489
1.57419180353675,1.32525048365233,92.6371312141418
1.5739698190558,1.32557678833437,92.6490993499756
1.5737459997389,1.32591068455391,92.6603531837463
1.57352034468402,1.3262535082406,92.6720852851868
1.5732927015316,1.32660578402266,92.6838321685791
1.5730629576226,1.32696786959394,92.6947863101959
1.57283097254865,1.32734027307465,92.706241607666
1.57259657707246,1.32772360857419,92.7200992107391
1.57235958347328,1.32811856861932,92.7317416667938
1.57215765926585,1.32846874198116,92.7429864406586
1.5719528427231,1.32880708650854,92.7541990280151
1.57174459352472,1.32914581561372,92.7652335166931
1.57153375252215,1.3294900645026,92.7767014503479
1.57132564426317,1.32981247346272,92.7877223491669
1.57111180849955,1.33012061404649,92.7998423576355
1.57089564531036,1.33042749827341,92.8109083175659
1.57067766862119,1.33073831531764,92.8230113983154
1.5704579723303,1.33105529397816,92.8363013267517
1.57023648126323,1.33137942597868,92.8476598262787
1.57001319105169,1.3317112419537,92.8591299057007
1.56978810301732,1.33205210852788,92.8710644245148
1.5695610401238,1.33240221732457,92.8831074237823
1.56933190771619,1.33276196021087,92.8942790031433
1.56910057376587,1.33313185541492,92.9058647155762
1.56886687424989,1.33351251215868,92.9191386699677
1.56863062756147,1.33390461184812,92.9303247928619
1.56839134835043,1.33430849005916,92.9420864582062
1.56818366572589,1.3346714767936,92.953640460968
1.56797490606977,1.33502245745507,92.9647841453552
1.56776359265093,1.33537327338998,92.9758598804474
1.56755511403407,1.33569957749012,92.9872117042542
1.56734080148604,1.33601055363009,92.9982779026031
1.56712416971908,1.33631980539766,93.009535074234
1.56690570534986,1.33663282140786,93.0207149982452
1.56668548258729,1.33695200315537,93.0316474437714
1.56646345111105,1.33727830097653,93.0428614616394
1.56623961142276,1.33761253044686,93.0541343688965
1.56601392797724,1.33795591020468,93.0651168823242
1.56578622782021,1.33830869093599,93.0763232707977
1.56555643603572,1.33867125466061,93.0874497890472
1.5653244156429,1.33904411891952,93.0984842777252
1.56508995246458,1.339427999912,93.1096861362457
1.5648528875362,1.33982357286661,93.1207964420319
1.56464981716718,1.34017537063783,93.1317868232727
1.56444409879838,1.34051558102201,93.1429953575134
1.56423559430727,1.34085523306449,93.1541240215302
1.56402443874639,1.3412004105048,93.1651034355164
1.56381616043048,1.34152351224931,93.1762962341309
1.56360204139521,1.34183241874858,93.1874938011169
1.56338562194723,1.34214012715234,93.1984601020813
1.56316738500367,1.3424518330316,93.2096982002258
1.56294735005511,1.34276907754863,93.2208316326141
1.56272562434105,1.34309408444489,93.2318568229675
1.56250213637164,1.34342763137371,93.2431230545044
1.56227678651485,1.34376996782363,93.2542536258698
1.56204945200535,1.34412147840894,93.2655441761017
1.56182003121532,1.34448265513965,93.2767856121063
1.56158839710281,1.34485406105062,93.2882268428802
1.56135438364478,1.34523633076603,93.2996728420258
1.56111780598054,1.34563016230408,93.3108718395233
1.56091618617674,1.34597927086599,93.3219738006592
1.56071173156403,1.3463163449273,93.3336763381958
1.56050386153403,1.34665372609234,93.344649553299
1.56029342198882,1.34699655716169,93.3559193611145
1.56008599564435,1.34731707837014,93.3674247264862
1.55987252814403,1.34762350386576,93.3783485889435
1.55965670154806,1.34792879792923,93.3898026943207
1.5594390205825,1.34823746596833,93.4013974666595
1.55921966055464,1.34855226032988,93.4123568534851
1.55899862424531,1.34887499407489,93.4234614372253
1.55877581165073,1.34920598078964,93.436202287674
1.55855116565889,1.3495455426291,93.4475355148316
1.55832457578003,1.34989408520392,93.4593577384949
1.55809594374009,1.35025209633104,93.4707417488098
1.55786514482586,1.35062013775919,93.4817292690277
1.5576320246692,1.35099882700301,93.4929087162018
1.55739640679288,1.35138884299794,93.5041649341583
1.55715732279589,1.35178955734835,93.5151607990265
1.55694737416127,1.35215827527676,93.5263924598694
1.5567559629274,1.35249670416253,93.5375924110413
1.55656506164994,1.35282564456089,93.5485925674439
1.55636906624012,1.35313453259733,93.5598556995392
1.55616431700341,1.35343054565158,93.570953130722
1.55595928537554,1.35372337123663,93.5819406509399
1.55576464649506,1.35401061697981,93.5931615829468
1.55557896523006,1.35428973881254,93.6042833328247
1.55539027631657,1.35456831054197,93.615252494812
1.55519171016519,1.35485662180446,93.6266775131226
1.5550001560767,1.35514320699526,93.6377930641174
1.55478443426502,1.3554540308922,93.6487662792206
1.55456377114266,1.35578100257463,93.6599066257477
1.55434113880435,1.35611944716277,93.6709530353546
1.5541165708162,1.35646804107522,93.6818799972534
1.55388995406553,1.35682654875742,93.6930570602417
1.55366115571736,1.35719521670059,93.704244852066
1.55343002616038,1.35757452617069,93.7151646614075
1.55319639567142,1.35796509253786,93.7263188362122
1.5529600705288,1.35836762642186,93.7374901771545
1.55272082852022,1.3587829212932,93.7484211921692
1.55252186512562,1.35912509097858,93.7599906921387
1.55231576336871,1.35943302396003,93.7712094783783
1.55210624049277,1.35973140240491,93.7839806079865
1.55189439976033,1.36002931247674,93.7949438095093
1.55168077805566,1.36033160730967,93.8062262535095
1.55146543499773,1.36064055401392,93.8177464008331
1.55124850987342,1.36095648377273,93.828718662262
1.55102968611578,1.36128022405488,93.8398888111115
1.55080898653079,1.36161214098414,93.8526296615601
1.55058641311334,1.36195255440953,93.8639223575592
1.55036191050885,1.36230185646775,93.875757932663
1.550135369059,1.36266052936811,93.8871517181397
1.54990665707268,1.36302912550987,93.898419380188
1.54967562436486,1.36340825747691,93.9097559452057
1.54944210145776,1.36379859384908,93.9209687709808
1.54920589528029,1.36420086804266,93.9320659637451
1.54896678449038,1.36461588284742,93.9432363510132
1.54876797901445,1.36495750032391,93.9543347358704
1.54856193576625,1.36526497827467,93.9653499126434
1.54835236580733,1.36556207915142,93.976527929306
1.54814063370993,1.365859764008,93.9876048564911
1.54792712316372,1.36616227883228,93.9986219406128
1.54771185823427,1.36647110450235,94.0097994804382
1.54749498097119,1.36678680947696,94.0229229927063
1.54727621145932,1.367110282618,94.0342373847961
1.54705559176721,1.36744189193494,94.0454335212707
1.54683310207891,1.36778197732287,94.0586290359497
1.54660869391612,1.36813093454426,94.0703008174896
1.54638225833542,1.36848924772082,94.0813317298889
1.546153664358,1.36885746923005,94.0923759937286
1.54592276260616,1.36923621077987,94.1036040782928
1.54568938452464,1.3696261393978,94.1146714687347
1.54545333812143,1.37002798660706,94.1260194778442
1.54521440333407,1.3704425529822,94.1372888088226
1.54501591988859,1.37078288922657,94.148291349411
1.54480989510147,1.37108896979481,94.1593525409698
1.54460046302613,1.37138592790317,94.1703960895538
1.54438883018987,1.37168355480773,94.181519985199
1.54417537178301,1.37198576138906,94.1926620006561
1.54396015600734,1.37229416822047,94.2036690711975
1.54374324610446,1.37260960878184,94.2147302627564
1.54352467212236,1.3729324554076,94.2260687351227
1.54330418810143,1.37326341385371,94.2374956607819
1.54308179695162,1.37360288565121,94.24862241745
1.54285749632597,1.37395123218435,94.2598457336426
1.54263118236406,1.37430892197073,94.2711157798767
1.54240272543293,1.37467649922588,94.2825074195862
1.54217197736097,1.37505457020226,94.2936935424805
1.54193877098065,1.37544379814383,94.3046586513519
1.54170291589472,1.3758449109342,94.3161640167236
1.54146419392472,1.37625870533895,94.3271684646606
1.54125617577858,1.37663146936482,94.3382112979889
1.54105319021087,1.37696295400519,94.3496143817902
1.5408437418234,1.37727127312051,94.3606877326965
1.54063170197176,1.37757444956508,94.3716478347778
1.54041774255573,1.37787970985689,94.3830676078796
1.54020202596233,1.37819011577654,94.3940935134888
1.53998461266858,1.37850716601671,94.4052979946136
1.53976553375857,1.37883153366706,94.4169337749481
1.53954455342063,1.37916405341177,94.4279334545135
1.53932167506434,1.37950500266263,94.439343214035
1.53909688548719,1.3798548645717,94.4506916999817
1.53887008833693,1.38021449768825,94.4617273807526
1.53864112761283,1.38058429155804,94.4730985164642
1.53840984748229,1.38096479246187,94.4844152927399
1.53817607550419,1.38135664654164,94.49534034729
1.53793961958562,1.381760579556,94.5066702365875
1.53773672215266,1.38212070821371,94.5183899402618
1.5375313311526,1.38246922753131,94.5296137332916
1.53732812082801,1.38278876125906,94.5410196781159
1.53711882237932,1.38309100704869,94.5538368225098
1.53690708756109,1.38339061125117,94.5651190280914
1.53669348543596,1.38369335728548,94.5774521827698
1.53647816096242,1.38400167940474,94.5888283252716
1.53626118039782,1.38431677629818,94.5999429225922
1.5360424910019,1.38463918581479,94.6113502979279
1.53582200341468,1.38496926998973,94.6239097118378
1.53559972073232,1.38530824247367,94.6360621452332
1.53537555074144,1.38565625366276,94.6473968029022
1.53514938083862,1.38601367617275,94.6586265563965
1.53492108087091,1.38638101325755,94.6701762676239
1.53469050322022,1.38675885305287,94.6813197135925
1.53445748155946,1.38714785038038,94.6924929618836
1.53422182644399,1.38754872877411,94.7038586139679
1.53398332510767,1.38796227873999,94.7148101329804
1.53377538537822,1.38833489903772,94.7260408401489
1.5335726245925,1.388665874002,94.7373797893524
1.53336328339213,1.38897378882008,94.7483325004578
1.53315134827091,1.38927662794479,94.7595336437225
1.53293749473391,1.38958158913352,94.7707393169403
1.53272189683058,1.38989171267701,94.7817225456238
1.53250461516247,1.39020847835761,94.792870759964
1.53228556652755,1.39053219664552,94.8041324615479
1.53206479859922,1.39086417847954,94.8151285648346
1.53184216457824,1.39120498944326,94.8262715339661
1.53161757216518,1.39155496522223,94.8379194736481
1.53139095440059,1.39191448741358,94.849604845047
1.53116218294874,1.39228406858032,94.8607769012451
1.53093110685118,1.39266430688531,94.8729932308197
1.53069755524613,1.39305587036364,94.8868246078491
1.53046133740128,1.39345949341816,94.8985013961792
1.53025887833325,1.39381901850123,94.9103808403015
1.53005383547993,1.39416681505868,94.9222016334534
1.52985092305561,1.39448561993894,94.934424161911
1.52964182666458,1.39478720704135,94.945502281189
1.52943026969933,1.39508620926271,94.9572246074677
1.52921684349607,1.3953883873323,94.9704847335815
1.5290016947143,1.39569615899396,94.9823350906372
1.52878489602834,1.39601061984546,94.99360871315
1.52856637546971,1.39633193340854,95.0055434703827
1.52834615358807,1.39666184070939,95.0167491436005
1.52812410776767,1.39700040816224,95.0279433727264
1.52790018115104,1.39734789597718,95.0391499996185
1.5276742721992,1.39770472871572,95.0511736869812
1.52744625335355,1.39807143000094,95.0621423721313
1.52721597871519,1.39844859510067,95.0736148357391
1.52698328824709,1.39883687518304,95.0869836807251
1.52674799097887,1.39923699418263,95.0984160900116
1.5265098720554,1.39964974339857,95.1098470687866
1.52630230389366,1.40002151737359,95.1216204166412
1.52610003606576,1.40035122746758,95.1330940723419
1.52589097215916,1.40065801867372,95.1445825099945
1.52567929656339,1.40095982332776,95.1557402610779
1.52546570338409,1.40126379053301,95.1680817604065
1.52525032460013,1.40157229132551,95.1791055202484
1.52503333532609,1.40188759004624,95.1907758712769
1.52481466095549,1.40221082635096,95.2033972740173
1.524594206643,1.40254227880055,95.2145793437958
1.52437195141354,1.40288216677957,95.2258086204529
1.52414773092325,1.4032310543137,95.2373621463776
1.52392149576174,1.40358940470172,95.2483515739441
1.52369313391967,1.40395774041778,95.2593812942505
1.5234624986828,1.40433666000154,95.2706952095032
1.52322942251869,1.40472682741095,95.2816822528839
1.52299371864958,1.40512897047153,95.2927353382111
1.52279198577767,1.40548679739167,95.3038482666016
1.52258750320075,1.40583286164331,95.3149139881134
1.52238535225617,1.40614949527881,95.3260190486908
1.52217671210545,1.40644912344831,95.3371660709381
1.52196557279654,1.40674630022686,95.3481895923614
1.52175251310274,1.4070461963,95.3592293262482
1.52153774722728,1.40735146566358,95.3703372478485
1.5213214519069,1.40766411846092,95.3814208507538
1.52110348479069,1.40798446783186,95.3924932479858
1.52088375486692,1.40831286676954,95.4036226272583
1.52066222873437,1.40864962041619,95.4147181510925
1.52043883738913,1.40899511162684,95.425879240036
1.52021349953903,1.40934980265613,95.4370179176331
1.5199860934268,1.40971422703425,95.4481182098389
1.51975647785372,1.41008897771678,95.4592282772064
1.51952449329533,1.41047470186027,95.4703588485718
1.51928996303564,1.4108721047084,95.4814791679382
1.51905267589503,1.41128196447682,95.4925293922424
1.51884656825675,1.41165016685084,95.5036644935608
1.51864588037857,1.41197594707978,95.5147771835327
1.51843765335015,1.41227901082483,95.5261988639832
1.51822663744141,1.41257622520468,95.5376238822937
1.5180138403033,1.41287648968328,95.5485949516296
1.51779939031012,1.41318225275377,95.5598564147949
1.517583261002,1.41349472917313,95.5710072517395
1.51736535058945,1.41381476434067,95.5821647644043
1.5171456779672,1.41414278492359,95.5932853221893
1.51692422404219,1.41447913309435,95.6044602394104
1.51670090930294,1.41482420177219,95.6154131889343
1.51647566085009,1.41517845563795,95.6265780925751
1.51624835844238,1.41554242837475,95.6379859447479
1.51601886172648,1.41591671199023,95.6491003036499
1.51578701676659,1.41630194764334,95.6602869033813
1.51555263953836,1.41669884509471,95.6714470386505
1.51531552349969,1.41710817878789,95.6826152801514
1.5151093624874,1.41747606784114,95.6936428546906
1.51490187500306,1.41783216975644,95.7046506404877
1.51469679793188,1.41815874257077,95.7157006263733
1.51448594204768,1.41846749885566,95.7267408370972
1.51427278841346,1.41877332712542,95.7378160953522
1.51405781140755,1.41908226854354,95.7487499713898
1.51384118491727,1.41939687895909,95.7598769664764
1.51362284463183,1.41971853848507,95.7709698677063
1.51340281369905,1.42004788899434,95.7819364070892
1.51318090186393,1.42038565181758,95.7930729389191
1.51295709839188,1.42073192153944,95.8042421340942
1.51273138474407,1.42108792596409,95.8151769638062
1.51250360137551,1.42145397510002,95.8262605667114
1.51227359819534,1.42183056782221,95.837465763092
1.51204121599367,1.42221831422173,95.8483772277832
1.51180626523425,1.42261791921827,95.8593647480011
1.5115685329321,1.42303016468136,95.8705880641937
1.51136082336261,1.42340185214219,95.8817315101624
1.5111590577301,1.42373041862415,95.8928892612457
1.51094990622571,1.42403570104212,95.9043638706207
1.51073808039923,1.42433568596482,95.9153165817261
1.51052445074317,1.42463863052542,95.9264190196991
1.51030911785233,1.42494724536292,95.9376444816589
1.51009214922799,1.42526267603975,95.9485769271851
1.50987345707893,1.42558568662801,95.9596657752991
1.5096530156712,1.4259167674087,95.970911026001
1.50943077549461,1.42625632279025,95.9818589687347
1.50920664008468,1.42660480688933,95.9929523468018
1.50898052944162,1.42696273124065,96.0040647983551
1.50875232502703,1.42733065501605,96.0150759220123
1.50852194771828,1.42770902799094,96.0261235237122
1.50828910581695,1.42809873655588,96.0372090339661
1.50805366535875,1.42850047212259,96.0482454299927
1.50785087278645,1.42885911120341,96.0592951774597
1.50764566068337,1.42920607231687,96.0703794956207
1.50743758891771,1.4295529706336,96.0815637111664
1.5072320068191,1.42987546127362,96.0926468372345
1.50702069917941,1.43018269908577,96.1038258075714
1.50680707195896,1.43048823163793,96.1149382591248
1.50659169241145,1.43079744264658,96.1260273456574
1.50637468161533,1.43111263003691,96.1371021270752
1.50615596384461,1.43143506557446,96.1482033729553
1.50593549378177,1.43176476334321,96.1591980457306
1.50571332884861,1.43210339647376,96.1704013347626
1.50548930476854,1.43245119956012,96.1816172599793
1.50526333122789,1.43280851508867,96.1926991939545
1.50503528203498,1.43317583475753,96.2037394046783
1.50480501605374,1.43355373695173,96.214944601059
1.50457236349159,1.43394288080018,96.2261173725128
1.50433713509787,1.43434399365465,96.2373235225678
1.50413470374144,1.43470182604617,96.2484674453735
1.50392975350074,1.43504795941952,96.2596085071564
1.50372198973351,1.4353938542129,96.270768404007
1.50351677686665,1.43571520321916,96.2817344665527
1.50330566464373,1.43602149060393,96.2928397655487
1.50309225718785,1.4363261241826,96.3042242527008
1.50287709234517,1.43663445882666,96.3151512145996
1.5026602589897,1.43694822447564,96.3262140750885
1.50244177404606,1.43726923808847,96.337367773056
1.50222162677811,1.43759867325316,96.3483688831329
1.50199973108415,1.43793671467049,96.3594124317169
1.50177598412581,1.43828368694475,96.3704650402069
1.50155029586248,1.43864003940999,96.3816092014313
1.50132255180955,1.43900630500457,96.3926289081573
1.50109261400893,1.43938307699238,96.4037528038025
1.50086031533546,1.43977101688247,96.4148950576782
1.50062546945397,1.44017084915296,96.4260153770447
1.50042378753604,1.44052701236993,96.4370913505554
1.50021940066751,1.44087141141369,96.4482254981995
1.50001222826829,1.44121532375816,96.4592018127441
1.49980751542442,1.44153487313241,96.470353603363
1.49959679516298,1.44183943962974,96.4815480709076
1.49938378179298,1.44214239358663,96.4925990104675
1.49916896244083,1.4424486973302,96.5036990642548
1.49895251499346,1.44276049498787,96.5148763656616
1.49873450636056,1.44308012844808,96.5259358882904
1.49851479630054,1.44340791361397,96.5370573997498
1.49829335051816,1.44374413532298,96.5482504367828
1.49807008128104,1.44408915309591,96.5592296123505
1.4978448957009,1.44444342675342,96.5703132152557
1.49761769470794,1.44480748138038,96.5814745426178
1.49738833536654,1.44518191063486,96.5926344394684
1.49715665911137,1.44556736354127,96.6038117408752
1.49692248552741,1.44596455117078,96.6148397922516
1.49672223908925,1.44631737062295,96.6258828639984
1.49651907485086,1.44665803801695,96.6370100975037
1.49631268804758,1.44699880334842,96.6481075286865
1.49610378419844,1.44734509760781,96.6592619419098
1.49589700274396,1.44767003613251,96.6704063415527
1.4956849269329,1.44798047729266,96.681606054306
1.49547067987938,1.44828946121578,96.6926383972168
1.49525470175835,1.44860230336678,96.7037320137024
1.49503705780905,1.44892133374382,96.7148690223694
1.49481770368809,1.44924780084011,96.7259955406189
1.49459663477745,1.44958238186124,96.737096786499
1.49437378338647,1.449925601832,96.748214006424
1.49414903037709,1.45027780789444,96.7592024803162
1.49392229486414,1.45063963895772,96.7703659534454
1.49369345832725,1.4510120199066,96.7815363407135
1.49346234322187,1.45139542983536,96.7925477027893
1.49322876986421,1.45179050026132,96.8036785125732
1.49299253670389,1.45219796635808,96.8148190975189
1.49278678491466,1.45256427820591,96.8259346485138
1.49257980218301,1.4529183688733,96.8370685577393
1.49237604621798,1.45324157204162,96.8481736183167
1.49216560012316,1.45354713702335,96.8592007160187
1.49195270684043,1.45384919310576,96.8703260421753
1.49173814830091,1.454155337545,96.8815658092499
1.49152197209392,1.45446771746991,96.8926026821137
1.49130413816426,1.4547873298823,96.9037139415741
1.49108458314509,1.45511484069968,96.9148588180542
1.49086329393552,1.45545068652428,96.9259524345398
1.49064019026651,1.4557953025249,96.937052488327
1.49041517487918,1.45614915523487,96.9480955600739
1.49018816227764,1.45651275943992,96.9594550132751
1.48995898386785,1.4568867826122,96.970769405365
1.48972750686384,1.45727184798498,96.9817855358124
1.48949355412892,1.45766865525645,96.9929656982422
1.48929320646573,1.45802135591808,97.004145860672
1.48908999608427,1.4583618833115,97.0151319503784
1.48888368881378,1.45870231500634,97.0262169837952
1.48867488224787,1.45904823388132,97.0374219417572
1.48846838518563,1.45937236474158,97.048410654068
1.48825635356186,1.45968212842626,97.0594515800476
1.48804212462729,1.45999054908896,97.0705504417419
1.48782616549228,1.46030289674317,97.0816326141357
1.48760855504317,1.46062147141603,97.0926837921143
1.48738924607435,1.46094733712598,97.1037766933441
1.48716821549551,1.46128089108222,97.1148533821106
1.48694547590554,1.46162363303318,97.1259379386902
1.48672085432974,1.46197576311314,97.1370613574982
1.48649425765658,1.46233767975167,97.1481816768646
1.48626555870526,1.46270990737729,97.1594455242157
1.48603459921898,1.46309306337998,97.1705584526062
1.48580120367477,1.46348783787027,97.1816811561584
1.48560205539247,1.46383791565796,97.192667722702
1.48539979689185,1.46417566720112,97.2036969661713
1.48519416457374,1.46451362776025,97.2148206233978
1.48498604590693,1.46485701851329,97.2259032726288
1.48478049271546,1.46517814327301,97.2370145320892
1.48456912386295,1.46548507800236,97.2481017112732
1.48435551168836,1.46579078070648,97.2591485977173
1.48414012790058,1.46609972455627,97.2703068256378
1.4839231585047,1.46641493639017,97.281450510025
1.48370458523716,1.4667380655985,97.2926392555237
1.4834843194638,1.46706946308074,97.3036801815033
1.4832623129473,1.46740946809146,97.3148014545441
1.48303846402286,1.46775849166027,97.3261165618897
1.48281267129366,1.4681170292182,97.3374335765839
1.48258482278549,1.46848563972108,97.3484375476837
1.48235477912676,1.46886493346607,97.3597207069397
1.48212236906509,1.46925558968568,97.3709616661072
1.4818874017457,1.46965834979459,97.3819041252136
1.48168382206813,1.47001898249678,97.3930456638336
1.48147837391949,1.47036744115999,97.4042491912842
1.48127029127976,1.47071562200331,97.4151539802551
1.48106500469623,1.47103869957079,97.4262547492981
1.48085359562709,1.47134659634404,97.4374978542328
1.48063990378649,1.47165268468922,97.4484188556671
1.48042449520867,1.47196137736796,97.4594867229462
1.4802074350404,1.4722772102575,97.4706041812897
1.4799887167731,1.47260084852263,97.481684923172
1.47976830298255,1.47293271996847,97.4927387237549
1.4795461507158,1.47327321373825,97.5037603378296
1.47932215822804,1.47362276110502,97.5148952007294
1.47909622198895,1.47398186842354,97.5259623527527
1.47886823744531,1.47435109623028,97.5370533466339
1.47863805361247,1.47473106798345,97.5481729507446
1.47840550183153,1.4751224665249,97.5591897964478
1.47816964197887,1.47552463251433,97.5703139305115
1.47796214746976,1.47589487961323,97.5814809799194
1.47777204937765,1.47623513630969,97.5925478935242
1.47758268676807,1.47656585063669,97.6036701202393
1.47738842451961,1.47687581066427,97.6148328781128
1.47718606236535,1.47717186636515,97.6259949207306
1.47698258702232,1.47746577825788,97.6370549201965
1.47677623558404,1.47776567260128,97.648176908493
1.47657752085254,1.47806450992233,97.6592538356781
1.47638408383948,1.47836088265289,97.6705088615418
1.47619449200429,1.47865593411337,97.6817326545715
1.47600626675789,1.47895311366418,97.6928913593292
1.47581125057299,1.47926255932682,97.7042994499207
1.47560343201646,1.47959499935552,97.7153482437134
1.47537595946801,1.47995110664722,97.7264406681061
1.47514403370709,1.48032500261217,97.7375764846802
1.47490843999531,1.48071068497273,97.7485735416412
1.47470508243846,1.48106721515033,97.7596216201782
1.47451175744287,1.48139908439597,97.7708384990692
1.47432464701822,1.48171756972803,97.7818777561188
1.47413577589972,1.48203069903178,97.7929131984711
1.47393136335337,1.48235259921297,97.8041150569916
1.47372269624566,1.48268835341997,97.8151104450226
1.47356644394569,1.48288431257845,97.8280069828034
1.47345653451566,1.48300231976478,97.8393070697785
1.47336304255729,1.48302748185107,97.8509268760681
1.47331502484213,1.48309702396095,97.8620719909668
1.47322845145124,1.48316854861673,97.8735451698303
1.47305477502653,1.48327210386587,97.8853757381439
1.47293281580857,1.48330809622545,97.8965122699738
1.47290420630769,1.48335474099633,97.9085702896118
1.47291036343361,1.48331812266478,97.9204008579254
1.47292542946872,1.48325313420485,97.9315593242645
1.47291460930008,1.48323646362542,97.9426863193512
1.47291158981412,1.48318066834624,97.9537949562073
1.47291415429203,1.48311183482944,97.96497797966
1.47298785122707,1.4830838887872,97.9762516021729
1.47285888535582,1.48313413363401,97.9875259399414
1.47267795647405,1.48321535965294,97.9986627101898
1.47251285940228,1.48322750019976,98.0099596977234
1.47249587456004,1.48327113547534,98.0212352275848
1.47244635102734,1.48322502750851,98.0322742462158
1.4724226988271,1.48315684887667,98.0432286262512
1.47246488882431,1.48313479842404,98.0543575286865
1.47251511187719,1.48310512718931,98.0655081272125
1.47247842384267,1.48303497394362,98.0765657424927
1.47250273590582,1.48300787260858,98.0877826213837
1.47254014141509,1.48297586891697,98.0991430282593
1.4725843297212,1.48294686913649,98.1103119850159
1.47259001931337,1.48291449280987,98.1213488578796
1.47261414675501,1.4828782760833,98.1324846744537
1.47263685441522,1.48284818003173,98.1435387134552
1.47261636859867,1.48280673633438,98.1545579433441
1.47262264338914,1.48276219855737,98.1656515598297
1.47264446353663,1.4827176983508,98.1766681671143
1.47267641024717,1.482674561495,98.1877257823944
1.47264662007845,1.48262049325208,98.1986722946167
1.47264832534253,1.48256528322008,98.2097499370575
1.47267159643286,1.48251087548765,98.2208726406097
1.47256769156229,1.48256738551782,98.2318468093872
1.4723368999489,1.4826794798868,98.2429506778717
1.47200946443804,1.48285280901163,98.2540552616119
1.471541964758,1.48307888406747,98.2650501728058
1.47086946675515,1.48332220827386,98.2760782241821
1.4699463736568,1.48357425338768,98.2870800495148
1.46893456211021,1.48382502965544,98.2982075214386
1.46786227826958,1.48407497143028,98.3092622756958
1.46674355747561,1.48432425458211,98.320384979248
1.46558491447883,1.48457291638339,98.331538438797
1.46439755146965,1.48481970817254,98.3425471782684
1.463225852842,1.48506896472806,98.3536996841431
1.46207825036793,1.48531862326169,98.3648805618286
1.4609287409701,1.48556815455272,98.3759670257568
1.45976316456938,1.48581729393263,98.387097120285
1.45857331277275,1.48606588838692,98.3983554840088
1.45739229867313,1.4863146282356,98.4094281196594
1.45624893412226,1.48656413785176,98.4204947948456
1.45511090389792,1.48681369028682,98.4316563606262
1.4539610173435,1.48706294019309,98.4427301883698
1.45279231821992,1.48731161735358,98.4537987709046
1.45159469826175,1.48755970324094,98.4649341106415
1.45039656013923,1.48780834175767,98.4760138988495
1.44923771394228,1.48805764883214,98.4870622158051
1.44808492490821,1.48830692346164,98.4982304573059
1.44692036825188,1.48855583393099,98.5096325874329
1.44573516459839,1.48880416417122,98.5208106040955
1.44453029334973,1.48905063266509,98.5317859649658
1.44334205147337,1.48929955999094,98.5431830883026
1.44218164889353,1.48954890202697,98.5543239116669
1.44102112945448,1.48979810205495,98.5657453536987
1.43984526191325,1.49004688462924,98.5768415927887
1.43864524506446,1.49029509057553,98.5878050327301
1.43745043859205,1.4905436801373,98.5987420082092
1.43629464784607,1.49079294708741,98.6098794937134
1.43514477112209,1.49104219942812,98.6209449768066
1.4339831056823,1.49129110126972,98.6318626403809
1.43279962730664,1.49153947028474,98.6429455280304
1.43159720485037,1.49178594903308,98.6540765762329
1.43041411045231,1.49203479877819,98.6651864051819
1.4292580605013,1.49228405812874,98.6762592792511
1.42810151429092,1.49253317817778,98.6874051094055
1.4269294990674,1.49278188297126,98.6984395980835
1.42573336477848,1.49303001143339,98.7094671726227
1.42454414546323,1.49327847447277,98.7204983234406
1.42339330149319,1.49352760686727,98.7316455841065
1.4222491660828,1.49377669621907,98.742696762085
1.42109450361886,1.49402537580669,98.7537820339203
1.41991634946984,1.49427354870929,98.7649476528168
1.41871762652439,1.49451987539249,98.7759561538696
1.41753893862456,1.49476856867099,98.7870540618897
1.41638757894583,1.49501769059495,98.7981579303741
1.41523592923166,1.49526669286594,98.8092107772827
1.41406902923642,1.49551529274949,98.8203432559967
1.41288067350913,1.4957633477074,98.8314063549042
1.41166830169617,1.49600957612398,98.842490196228
1.41047237985002,1.49625819919495,98.8537051677704
1.40930456972045,1.49650717959973,98.8648345470429
1.40813663825874,1.49675597472801,98.8758549690247
1.40695318826017,1.49700431034636,98.8870015144348
1.40575334291756,1.49725072755588,98.898054599762
1.40457413241089,1.49750137184412,98.909131526947
1.40342180746316,1.49774676287083,98.9203042984009
1.40227188299695,1.49799060751138,98.9314272403717
1.40111128401236,1.4982324617672,98.9426298141479
1.3999091960474,1.4985153377321,98.9537014961243
1.39868817307384,1.49876158216081,98.9648287296295
1.3974942836471,1.49900999937806,98.9759798049927
1.39632989616791,1.49925879443506,98.9870452880859
1.39516614318161,1.49950742212837,98.998293876648
1.39398735807128,1.49975559675139,99.0095210075378
1.39279275717469,1.5000018798454,99.020765542984
1.39162536246408,1.50025029742257,99.0316746234894
1.39048655104788,1.5004990352169,99.0427687168121
1.38934608512332,1.50074763387773,99.0539045333862
1.38818936488901,1.50099590075063,99.0650460720062
1.38700922397728,1.50124369911096,99.0763111114502
1.38580314837052,1.50148971366093,99.0873639583588
1.38461824890577,1.50173800176597,99.0984182357788
1.38346094929673,1.50198664757579,99.1097972393036
1.3823033643651,1.50223512635062,99.120938539505
1.38113093466677,1.50248313842913,99.1318688392639
1.37994530622401,1.50272918694533,99.1429104804993
1.37875676898834,1.5029751735526,99.1541419029236
1.37756670625411,1.50322456167186,99.1651175022125
1.37639740858048,1.50347455863325,99.1761493682861
1.37522941052275,1.50371582324218,99.187215089798
1.37403117504692,1.50399500226391,99.1983065605164
1.37281394963851,1.50423655474793,99.2095425128937
1.37162590716616,1.50448271273296,99.2208046913147
1.37046555673835,1.50472919637573,99.2317779064178
1.36930490373813,1.50497549587962,99.2428815364838
1.36812877380479,1.50522133138518,99.2540080547333
1.36693843205951,1.50546531503376,99.2650191783905
1.36574692542705,1.50570916874837,99.2760081291199
1.36455326988267,1.50595596455753,99.2870938777924
1.36338358311295,1.50619633401719,99.2982184886932
1.36221556301133,1.50643743693041,99.3093886375427
1.36101594488719,1.50670046763217,99.3206520080566
1.35980509631617,1.5069434052023,99.3316299915314
1.35862361905837,1.50718825056329,99.3426206111908
1.35746850832374,1.50743336303382,99.3537211418152
1.35631449888073,1.50767821558254,99.3648796081543
1.35514454540477,1.50792256785923,99.3759119510651
1.35395615535274,1.50816530461402,99.3870420455933
1.35276661521694,1.50840791933271,99.3981709480286
1.35158341846493,1.50865276041763,99.4092366695404
1.35042065773214,1.50889775065169,99.420343875885
1.3492535834855,1.50914245949655,99.4314477443695
1.34807874636955,1.50938532646937,99.442485332489
1.34690812556945,1.50962814112105,99.4536912441254
1.34572965551683,1.50987056697387,99.4648854732514
1.34452933118205,1.51011536838242,99.4761521816254
1.34335195195984,1.51036028792956,99.4875345230103
1.342152854447,1.51061922907025,99.4984722137451
1.3409537565667,1.51086192829995,99.5095772743225
1.33976546430429,1.51109460894587,99.5209014415741
1.33858001349616,1.51133867941854,99.5319676399231
1.33742030985453,1.51157641557362,99.5430438518524
1.33626039645691,1.51182677776775,99.5542628765106
1.33508186219008,1.51208147651508,99.5652778148651
1.33388066372984,1.51232399093463,99.57643699646
1.3326663983078,1.51256369024001,99.5875971317291
1.33146433093095,1.51280817964333,99.5985879898071
1.33028601875105,1.51305283403835,99.6096887588501
1.32910494469958,1.51329718319072,99.6208453178406
1.32791514693026,1.51353973329784,99.6318418979645
1.32672819230574,1.51378223980834,99.6429100036621
1.32555340262618,1.51402674319186,99.6541550159454
1.32439819956987,1.51427141248846,99.6651306152344
1.32323874644457,1.51451582222962,99.6761419773102
1.32206403503525,1.51475964567026,99.6872458457947
1.32086771836261,1.51500191486651,99.6982803344727
1.31966989416521,1.51524401159773,99.709712266922
1.31847664015266,1.51548834204256,99.7208845615387
1.317304044929,1.51573278907228,99.7318136692047
1.31612708826309,1.51597691869548,99.7428855895996
1.3149406548316,1.5162192996642,99.7540302276611
1.31375669848311,1.51646162816859,99.7649981975555
1.31258549720613,1.51670593036448,99.776041507721
1.31143612733066,1.51695030364736,99.787079334259
1.3102808980536,1.51719440804574,99.7981925010681
1.30910621715271,1.51743804083147,99.8092150688171
1.30791158458559,1.51768011274104,99.820348739624
1.30671608594946,1.51792202663255,99.8314397335053
1.30552682937821,1.51816606612708,99.842485666275
1.30435801678919,1.51841022128655,99.8536937236786
1.30318477301892,1.51865406591559,99.8648366928101
1.30200279975659,1.5188961984708,99.8758628368378
1.30082537739884,1.51913820992302,99.887020111084
1.29963769977226,1.51937981736545,99.8981425762177
1.29842993471994,1.51962361227017,99.9092266559601
1.29725136181076,1.51987140740773,99.9203772544861
1.29605159666063,1.52013372200088,99.9314291477203
1.29484761934408,1.52037548557955,99.9428935050964
1.29365259891524,1.5206171954677,99.9542560577393
1.29247023114984,1.52086067439793,99.9653573036194
1.29130676601909,1.5211042238389,99.97656416893
1.29013803415518,1.52134745990972,99.9876379966736
1.28896220740856,1.52158907325723,99.9985947608948
1.28778716950696,1.52183060653994,100.009757995605
1.28659721389291,1.52207179324473,100.021018981934
1.2854049427353,1.52231504926988,100.032124519348
1.28422908464472,1.5225583025354,100.043231010437
1.28305720710585,1.52279988174265,100.054374456406
1.28189320663766,1.52304159584372,100.065397262573
1.2807215940699,1.5232826715317,100.076431035995
1.27953469631655,1.52352315776589,100.087603092194
1.27831701846735,1.52376387919216,100.098523616791
1.27710368390091,1.52402361182671,100.109612941742
1.27590306598579,1.52426419393363,100.120772600174
1.27472035923131,1.52450491468474,100.13173699379
1.27353415293014,1.52474559239789,100.142834186554
1.27233356872933,1.52498771975591,100.154042005539
1.27115980661101,1.52523525708497,100.165059328079
1.26999182791351,1.52547604267995,100.176134824753
1.26883630306422,1.5257173757513,100.187223672867
1.26767326978456,1.52595824884773,100.198350191116
1.26649771411241,1.52620509557782,100.20955657959
1.26528503930937,1.52644597049142,100.220756530762
1.26409703979485,1.52669523062418,100.231729269028
1.26291328129109,1.52693635664456,100.242818593979
1.26174329586948,1.52717764943072,100.253988027573
1.26057583538783,1.52741254196137,100.265035152435
1.25939482309373,1.52765521393203,100.276099920273
1.25823207434612,1.52790336543856,100.28715634346
1.25705808996539,1.52819599002262,100.298272371292
1.25587185574223,1.52846445400681,100.309437274933
1.25469180979458,1.52875716208399,100.320572137833
1.25348307471627,1.52899580404834,100.331626176834
1.25227319670081,1.52924140826648,100.342711925507
1.25108357000433,1.52948701747047,100.353856086731
1.2498980659122,1.529731100451,100.364990711212
1.24872212885743,1.52997524697249,100.37606549263
1.24753722261541,1.53021886149883,100.387088537216
1.24635551929847,1.53046442261677,100.398172140121
1.24519125622261,1.53070993041923,100.409284830093
1.24403176328379,1.53095375938698,100.420368432999
1.24287974913644,1.53119790580078,100.431478738785
1.24171555942468,1.5314418234105,100.442572116852
1.2405332370426,1.531684840939,100.453705072403
1.23933238357303,1.53192986901735,100.464818239212
1.23813547702548,1.53218946781985,100.475872278214
1.23694854712789,1.53243289321002,100.487041711807
1.23578022437224,1.53268272101273,100.49814581871
1.23460244675949,1.53293730623777,100.509262561798
1.23340429960366,1.53318002540034,100.520376205444
1.23219378264166,1.53342454105616,100.531471252441
1.2310075453734,1.53366755033577,100.542560815811
1.22984392126029,1.53391137833475,100.553698301315
1.22867965494588,1.53415520284649,100.564890623093
1.2275012624952,1.53439730043363,100.576001644135
1.22631282443781,1.53464205569655,100.587094068527
1.22513553417786,1.53488733483903,100.59822177887
1.22396135690509,1.53513300388413,100.609364032745
1.22279337093815,1.53539592428798,100.620455026627
1.22161594401952,1.53563989786378,100.631575107574
1.22041349804235,1.53588349101954,100.642664194107
1.21920337612173,1.53612897972707,100.653839349747
1.21801963367605,1.53637303835699,100.664959192276
1.21685522149981,1.53661746007683,100.676036834717
1.21568628836527,1.53686168847292,100.687096357346
1.21450310254712,1.53710543211182,100.69819688797
1.21331012591899,1.53735072511462,100.709361076355
1.21211546735384,1.5376107834549,100.720452308655
1.21092997717434,1.5378557659319,100.731588840485
1.20975260000709,1.53810996075622,100.742883682251
1.20856199834037,1.53838117565432,100.754124403
1.2073482735331,1.53862593126915,100.765128850937
1.20613400297035,1.53887240789691,100.776155948639
1.20494716608105,1.53911752581778,100.787586450577
1.203780608908,1.53936299636221,100.798490285873
1.2026099716978,1.53960826014845,100.809673309326
1.20142184148005,1.53985308507615,100.820999383926
1.20021398276613,1.54009692068922,100.83212184906
1.19898485760216,1.54034295313932,100.843367099762
1.19777349994361,1.54058781968572,100.854845046997
1.19658661806575,1.54083391523867,100.865993738174
1.19539755340838,1.54107925259958,100.877210617065
1.19419086324922,1.54132353902602,100.889056921005
1.19297204362503,1.54156955586601,100.900563716888
1.19177812317982,1.54181531789196,100.911618471146
1.19060689758771,1.54206140897676,100.923148870468
1.18943311385694,1.54230686715912,100.935139656067
1.18824423021377,1.54255130301345,100.946110010147
1.18704534565626,1.54279748504561,100.957159519196
1.18586012149576,1.54305156438447,100.96962594986
1.18467714398368,1.54329745811964,100.980889320374
1.18351037615203,1.54353580707155,100.992412090302
1.18232449673349,1.54380372905163,101.003850698471
1.18111742682154,1.54412589198753,101.015018463135
1.17989443603727,1.54437450851065,101.026140213013
1.17869803016627,1.54462197348114,101.037560462952
1.17752285309094,1.54486970374922,101.048501253128
1.17634396002313,1.54511716877903,101.059587240219
1.17514759928379,1.54536414108774,101.070895433426
1.17394969616617,1.54561273664669,101.081826448441
1.17277716735325,1.54586001738342,101.092958450317
1.17162345681286,1.54610766279782,101.10434627533
1.17046706840562,1.54635503137962,101.115259408951
1.16929105300118,1.54660197734505,101.126584529877
1.16809049149503,1.54684845375591,101.13796043396
1.16687982439869,1.5470967298552,101.148945093155
1.16568860820487,1.5473437295709,101.159976959229
1.1645170016807,1.54759097725023,101.171231746674
1.16334086871025,1.54783795878247,101.182205677032
1.16214699827068,1.54808444353487,101.193364620209
1.16095322081836,1.5483323875653,101.204667329788
1.15978547480381,1.54857905393861,101.215572834015
1.15863422849602,1.54882607916058,101.226696014404
1.15747703914363,1.5490729210636,101.238163232803
1.15630281071188,1.5493194309759,101.249326944351
1.15510370419168,1.54956544069387,101.260408401489
1.15389455224336,1.54981309099082,101.2718770504
1.15270523930894,1.55005952084919,101.283309459686
1.15153574711384,1.55030620630606,101.294653892517
1.15036287245082,1.55055259748807,101.306012868881
1.14917359365081,1.55079843750473,101.317337274551
1.14795735022924,1.55104368095972,101.328342676163
1.14674112311993,1.55128936749382,101.339572191238
1.14556456646677,1.55153582937026,101.350808382034
1.14439418143629,1.55178226271695,101.36181306839
1.143211956627,1.55202832575159,101.373091697693
1.14200948813891,1.55227388914322,101.384345054626
1.14080174170694,1.5525209953916,101.395299911499
1.1396122557914,1.55276696663333,101.406539678574
1.13844226928186,1.553013173806,101.41799902916
1.13726773824186,1.55325910836569,101.428976297379
1.13607538369998,1.55350453809544,101.440029859543
1.13485936075618,1.55374927406167,101.451403856277
1.133643396642,1.55399451435447,101.462327480316
1.13246652025945,1.55424048058924,101.473411083221
1.13129549320167,1.55448639682801,101.485050201416
1.13011243972388,1.55473192589234,101.496022939682
1.12890720963127,1.55497689370205,101.507077217102
1.12771255272327,1.55522184871207,101.519240856171
1.12655728573516,1.55546781339482,101.530271053314
1.12540604180852,1.55571380373426,101.542266607285
1.12424188383492,1.55595943705325,101.553801298141
1.12305746055753,1.5562044574675,101.564916133881
1.12184504948147,1.55644879283216,101.575953960419
1.12062969916047,1.5566934589664,101.58721280098
1.11945389954354,1.55693885119073,101.598317146301
1.1182842011007,1.55718420468744,101.6094622612
1.11710263407401,1.55742917724162,101.620879173279
1.11590059040059,1.55767366177127,101.631786584854
1.1147086404687,1.55791807799572,101.642962217331
1.11355506021066,1.55816342312252,101.654276371002
1.11240820042456,1.55840870928114,101.665261745453
1.11124737159877,1.5586536161032,101.676419496536
1.11006299694539,1.55889799372167,101.687933206558
1.10885043795438,1.55914172717096,101.698898792267
1.10763680552261,1.55938576350339,101.71003484726
1.10646293424368,1.55963051212151,101.721337556839
1.10529528576193,1.55987521807587,101.732448577881
1.1044284940192,1.55996015046214,101.748100280762
1.10378010082339,1.56002338330342,101.759785175324
1.10337304723133,1.5600560558758,101.771495580673
1.1031796126397,1.56005864998719,101.782466411591
1.10307982053371,1.56006862425314,101.794155836105
1.10306640960499,1.5600616638966,101.80558848381
1.1031000772356,1.56005463807141,101.816823482513
1.10315196496059,1.56004793308564,101.828237056732
1.10321092531512,1.56004119572035,101.840396881104
1.10324472108494,1.56004787287623,101.851766586304
1.1032760775634,1.56005424378581,101.863248825073
1.10330656418546,1.56006046291718,101.875868320465
1.10333657757911,1.56006654322155,101.888468027115
1.10336615566629,1.5600724856959,101.90203332901
1.10339523286187,1.56007828539774,101.913183450699
1.10342371565451,1.56008393505844,101.924880504608
1.10345149377964,1.56008942614185,101.936898708344
1.10347844040648,1.56009474957921,101.948058128357
1.10350440843715,1.5600998962736,101.959282159805
1.10352922901592,1.56010485748293,101.970561265945
1.10355273024886,1.56010962478049,101.981686353683
1.10357490055836,1.56011420586192,101.992786407471
1.10355515553355,1.56013478551185,102.00422000885
1.10352542069404,1.56015476142897,102.015117406845
1.10353704024826,1.56015701218293,102.026370763779
1.10357858431814,1.56015955304421,102.037689685822
1.10363425095052,1.56016205267295,102.048605442047
1.103695580231,1.56016431187463,102.059906721115
1.10375902465479,1.56016621055349,102.071190834045
1.10382288781682,1.56016768625819,102.082164525986
1.10388646868007,1.56016872081404,102.093437671661
1.10394941761763,1.5601693092564,102.105805873871
1.1040115250858,1.56016945208091,102.117252826691
1.10407263446952,1.56016915077411,102.128965139389
1.10413261708414,1.56016840365667,102.141664743423
1.10415571963472,1.56018532380687,102.153388977051
1.10416992109703,1.56020042830509,102.165212392807
1.1041788908734,1.56021511458913,102.178791999817
1.10418457742826,1.56022953168287,102.192071199417
1.10418778906108,1.56024373118716,102.20489192009
1.10418879235353,1.56025776062842,102.21782875061
1.10418759473796,1.56027164946225,102.228712797165
1.10418488761613,1.56028511658941,102.239862203598
1.10420666880864,1.56028086848762,102.25107884407
1.10429105584861,1.56022666528071,102.262049674988
1.10438554284487,1.56020425650444,102.273144006729
1.10449045309453,1.5601778207362,102.284326553345
1.10462035112046,1.56013757484915,102.295222997665
1.1047550342734,1.56009811327265,102.306405305862
1.10489264745527,1.56008276787697,102.317729473114
1.10497896542502,1.56007269674382,102.328631639481
1.10505901274916,1.56006446941217,102.33978843689
1.10512394208845,1.56007250394201,102.350999832153
1.10517921497022,1.56008025171074,102.361943006516
1.10522848511833,1.56008746192979,102.37310051918
1.10527390010545,1.56009418284556,102.384348869324
1.1053164737203,1.56010042581111,102.395303010941
1.10535665833597,1.56010620615805,102.406517267227
1.10539461700569,1.5601115342126,102.41774892807
1.10543035494286,1.56011641887253,102.428686141968
1.10546378681465,1.56012087011483,102.439882993698
1.105494842562,1.56012490399517,102.451104402542
1.10548846547569,1.5601600443516,102.462136745453
1.10547217230942,1.56019061231853,102.473233938217
1.10544953433023,1.56022017521044,102.484457969666
1.10547032917265,1.56021711936188,102.495355129242
1.10552115224895,1.5602173428943,102.506484031677
1.1055855490478,1.56021821614624,102.517782211304
1.10565493901085,1.5602189971556,102.52964425087
1.10572479513248,1.5602192352888,102.541899442673
1.1057936023747,1.5602188745425,102.553683519363
1.1058607659579,1.56021782456288,102.565315485001
1.10592624586272,1.56021606594417,102.577780723572
1.10598966605759,1.56021367024504,102.592109203339
1.10605099688068,1.56021058505149,102.605746269226
1.1060812992805,1.56023887395118,102.619358539581
1.10610230166384,1.56026431383693,102.631073474884
1.10611836426909,1.56028855896884,102.642607450485
1.10613122058761,1.56031219122551,102.655239343643
1.10614163364858,1.5603353727892,102.667517185211
1.10614952703593,1.56035839026709,102.678508281708
1.10615480700783,1.56038135180622,102.68968963623
1.10615739839121,1.56040434590786,102.700932264328
1.10615712797514,1.56042742676609,102.711836576462
1.10615410990195,1.5604506691579,102.723038673401
1.10621948484301,1.56039942326876,102.734305143356
1.10629911704559,1.56035147242521,102.745250463486
1.10641427972074,1.56029683955299,102.756424188614
1.10653278008277,1.56024091998662,102.767666101456
1.10661719478945,1.56021444637037,102.778612136841
1.10669813022399,1.56018853250906,102.78990650177
1.10677509754483,1.56016419419001,102.801218271256
1.10683446845181,1.56017227474478,102.812166690826
1.10688256496277,1.5601840507473,102.823266029358
1.10692466565905,1.56019587421389,102.834667682648
1.10696298761072,1.56020729987725,102.845638751984
1.10699845230752,1.56021830762526,102.856724023819
1.10703140820032,1.56022888946985,102.868181228638
1.10706195329815,1.5602390712322,102.879142999649
1.10709007864759,1.56024889513966,102.890141248703
1.10711571055668,1.56025841327185,102.90185880661
1.10713873567123,1.56026768725526,102.913412094116
1.10715901837015,1.56027679059898,102.92586684227
1.10715242094615,1.56033130530383,102.937944412231
1.10713937938905,1.56038483332813,102.949512004852
1.10712144301897,1.5604379469996,102.960832595825
1.10714312816657,1.56044225203705,102.972730398178
1.10718555721343,1.56044420199018,102.984089374542
1.10723385207863,1.56044618449681,102.995348453522
1.1072830875957,1.56044829194935,103.007433891296
1.10733087953806,1.56045007979253,103.020353555679
1.107376102743,1.56045131300039,103.031476020813
1.10741892265066,1.56045200536614,103.042676925659
1.10745942947352,1.5604521580092,103.054266929626
1.10749768018957,1.56045168011183,103.065256118774
1.10753362981779,1.56045068578743,103.076438903809
1.10756720301209,1.56044932194592,103.087653875351
1.10758164200593,1.56049099630616,103.098550796509
1.10759027500679,1.56053358072018,103.109688043594
1.10759576637434,1.56057603430137,103.120944976807
1.10759886520556,1.56061855835445,103.131878376007
1.10759966040336,1.56066139865116,103.143038988113
1.10759803685508,1.56070487512934,103.154343366623
1.10759386155718,1.56074926800013,103.165289402008
1.10758705045838,1.56079508529284,103.176504611969
1.10764558288139,1.5607571819883,103.187901258469
1.10769713339239,1.56071891226658,103.198882818222
1.10774792063011,1.56067865751798,103.210055112839
1.10782486933761,1.56062985930271,103.22141957283
1.10789902149738,1.56058337126436,103.232567548752
1.10797021223002,1.5605490857754,103.243611097336
1.10804133931396,1.56051158828292,103.25513458252
1.10806691495071,1.56053406867436,103.266449928284
1.10808530265241,1.56056673543018,103.278120040894
1.10809991089548,1.56060219682887,103.289775133133
1.10811221442352,1.56063841032393,103.301885843277
1.1081225577847,1.56067498854916,103.313298940659
1.10795587835143,1.56086303303579,103.326138734818
1.10769733535701,1.56114412672659,103.339485168457
1.1074201136376,1.56147201522077,103.350760936737
1.10713357997266,1.56182411889545,103.361783742905
1.10683508074203,1.56219457392191,103.372981548309
1.10657480433117,1.56253342634737,103.385605335236
1.10633812526801,1.56282253413898,103.396522521973
1.10613048550054,1.56308345452024,103.407960891724
1.10593163955443,1.56333113145184,103.419948101044
1.10571826479731,1.56357703643331,103.43124461174
1.10547647123981,1.56381740579319,103.442548274994
1.10523742043397,1.564057503288,103.453829526901
1.10499128813932,1.5643265364524,103.464955806732
1.10474151461828,1.56461422194995,103.476054668427
1.10448812721652,1.56490816529213,103.487452983856
1.10423144740442,1.56520798481662,103.49850487709
1.10397136163441,1.5655139748874,103.509774446487
1.10370773904566,1.56582640902494,103.521090984344
1.10344039912283,1.56614559574091,103.531959056854
1.10316912582782,1.56647190473938,103.543374061584
1.10289366290407,1.56680577634737,103.554459571838
1.10261373368995,1.56714769986868,103.565610647202
1.10232901212357,1.56749822106193,103.576934814453
1.10203914232513,1.56785793874402,103.587916612625
1.10174363799749,1.56822742873709,103.598926067352
1.10149030220509,1.56855608264094,103.61057639122
1.10124337836221,1.56887908494873,103.621953964233
1.1009937424038,1.56920486312917,103.63330078125
1.10075688680312,1.56950495964713,103.644415855408
1.1005130356527,1.56979222769243,103.655771493912
1.10026479051093,1.5700802630009,103.667039632797
1.10001285446826,1.57037312336621,103.678679466248
1.09975742385592,1.57067176507951,103.690727949142
1.09949848442062,1.57097657588577,103.702739715576
1.09923586441166,1.57128793177053,103.714393377304
1.09896946940873,1.57160607887953,103.726044654846
1.09869911879329,1.57193132256405,103.737459182739
1.0984245611678,1.57226406742408,103.748358249664
1.09814555923057,1.57260478602288,103.759449005127
1.09786181975354,1.57295400433101,103.770978450775
1.09757298964406,1.57331231071317,103.781901597977
1.09727867946742,1.57368035326283,103.793161869049
1.09702754336227,1.57400634478244,103.804400920868
1.09678266153239,1.57432690182344,103.815292835236
1.09653504786132,1.57465022093033,103.826785326004
1.09628282695835,1.57497962485597,103.837861776352
1.09604116931611,1.57528618843565,103.848817586899
1.09579362639727,1.57558075679046,103.86023235321
1.09554218088204,1.57587558578389,103.87125992775
1.09528717426681,1.57617463068859,103.882198572159
1.09502867393472,1.57647929695099,103.893592834473
1.0947665148005,1.5767903302076,103.904572963715
1.09450060317122,1.57710810737301,103.915473937988
1.09423076070712,1.57743296263426,103.926926851273
1.09395674350741,1.57776531618456,103.937996864319
1.09367830447592,1.57810564782931,103.949023962021
1.09339515640578,1.57845423568814,103.960311889648
1.09310693786273,1.57881199663941,103.971355199814
1.09281325633557,1.57917956727021,103.982415437698
1.09256410920559,1.57950354520145,103.993692159653
1.09232088350478,1.57982261078599,104.004684209824
1.09207412931618,1.58014497822617,104.015685319901
1.09183910470368,1.58044262479783,104.027052879334
1.0915971525197,1.5807285494196,104.038104772568
1.09135109180711,1.58101488593617,104.049444198608
1.0911013857088,1.58130458150789,104.060439348221
1.09084841608078,1.58160012245009,104.071619510651
1.09059210851011,1.58190195610253,104.082973718643
1.09033222101073,1.58221024036778,104.094039916992
1.09006863616874,1.58252517232994,104.105109453201
1.08980118893654,1.58284699562749,104.116537809372
1.08952966922051,1.58317605595067,104.127457857132
1.08925384900631,1.5835127890735,104.138657093048
1.08897344020236,1.58385769451814,104.149883508682
1.08868812636091,1.58421132284338,104.161151409149
1.08839753774073,1.58457428776989,104.172513961792
1.0881012662438,1.584947264932,104.183866739273
1.0878473878165,1.58527900895163,104.195946455002
1.08759981239602,1.58560548398917,104.209373474121
1.08736589788435,1.58590394784669,104.221907138824
1.08712546142917,1.58618940672926,104.235104322433
1.08688054850213,1.58647489750169,104.246422529221
1.08663195716107,1.58676364143907,104.258525133133
1.08638006506399,1.58705799778053,104.271955251694
1.08612486955567,1.58735859723099,104.283960819244
1.08586615302284,1.58766555205342,104.295116186142
1.08560375618224,1.58797909654993,104.306389570236
1.08533753317952,1.58829946272361,104.318375349045
1.08506728607524,1.58862696396441,104.329953193665
1.08479279610945,1.58896201687506,104.341805934906
1.08451378367783,1.58930510671263,104.35529589653
1.08422993049158,1.58965677513241,104.366739273071
1.08394088383779,1.59001761854564,104.378235578537
1.08364625675174,1.59038829272484,104.390377998352
1.08334559971386,1.59076952660341,104.403094768524
1.08308475297664,1.59111220041958,104.414469480515
1.08284769899404,1.59141802901886,104.426105260849
1.08260579014748,1.5917072673451,104.438016414642
1.08236015611092,1.59199519583559,104.449794769287
1.08211107657566,1.59228660175722,104.461423158646
1.08185861249921,1.59258302946243,104.474204063416
1.08160270878364,1.59288474175704,104.488434076309
1.08134330040883,1.59319328525191,104.499926805496
1.08108016371066,1.59350862887172,104.510833263397
1.08081316673266,1.5938308991544,104.522239208221
1.08054206145848,1.5941604228206,104.535039186478
1.08026654022417,1.59449766940628,104.545967102051
1.07998639042785,1.59484310982473,104.557016134262
1.07970130072037,1.59519728866038,104.569894552231
1.07941091150721,1.59556081359133,104.581075906754
1.07911481629128,1.59593435889238,104.59258389473
1.07886156343517,1.59626616496544,104.604237794876
1.07861455667518,1.59659293604763,104.615238904953
1.07838041331677,1.59689264571927,104.626526355743
1.07813979951491,1.59717918546211,104.637906551361
1.07789512470569,1.59746555553202,104.648926258087
1.0776469313747,1.59775576959593,104.660315036774
1.07739537324007,1.59805119446132,104.671501398087
1.07714043490726,1.59835243321566,104.682806968689
1.07688201794273,1.59865985208621,104.694168806076
1.07661992596211,1.59897369580103,104.705703258514
1.07635399073808,1.59929421596416,104.717420816422
1.0760840508031,1.59962221482706,104.729072332382
1.07580984794012,1.59995789307362,104.740663766861
1.07553109515476,1.60030165871771,104.752015113831
1.07524747239879,1.60065402778545,104.763356924057
1.0749586260758,1.60101558861672,104.775225162506
1.07466415966353,1.60138699816228,104.786561489105
1.07436362853369,1.60176898441687,104.797842979431
1.07412390628164,1.60207718597752,104.809767007828
1.07388623144544,1.60236149456015,104.821763277054
1.07364575001058,1.60264280904998,104.833998918533
1.07340190812791,1.60292724950818,104.84547328949
1.07315477795345,1.60321664002684,104.857444524765
1.07290460069813,1.60351146979807,104.871469259262
1.0726505481774,1.60381230553493,104.883058071136
1.07239291253515,1.6041193428756,104.894243478775
1.07213161112037,1.60443284422785,104.906144142151
1.07186644312892,1.6047531336116,104.920270681381
1.07159726701161,1.60508053277206,104.932004928589
1.07132385393561,1.60541543292398,104.943620443344
1.07104592573982,1.60575830748121,104.955286741257
1.07076316745835,1.60610969089239,104.967346906662
1.0704752291657,1.60647017373298,104.97873210907
1.07018172081661,1.60684040733184,104.990299701691
1.06988220468265,1.60722111112721,105.003830432892
1.06964388199014,1.60752795788028,105.015603542328
1.06940749617771,1.60781153285243,105.027174472809
1.06916807620691,1.60809087747235,105.03902888298
1.0689255785612,1.60837373231926,105.051561117172
1.06867992514607,1.60866162306182,105.062497377396
1.0684305647813,1.60895510509154,105.07438325882
1.06817768280736,1.60925451122547,105.088140010834
1.06792134657208,1.60956000747017,105.099537134171
1.06766141641265,1.60987185181078,105.110738277435
1.06739765926411,1.61019038876623,105.122477531433
1.06712994422009,1.61051593781759,105.135092496872
1.06685805630097,1.61084885831834,105.146035432816
1.06658172767947,1.61118960348805,105.157579421997
1.06630065374259,1.61153869090523,105.171231269836
1.06601449452677,1.61189669493897,105.182687520981
1.06572287286472,1.61226424824211,105.19393825531
1.06542536548068,1.61264204960541,105.205888271332
1.06519234397625,1.61294300547187,105.218291521072
1.06496031851972,1.61322071697159,105.229307413101
1.06472455489548,1.61349600361235,105.240850448608
1.06448496144027,1.61377486672028,105.254339694977
1.06424183245093,1.6140588899793,105.266086578369
1.06399532935638,1.61434852501566,105.277805805206
1.06374543879926,1.61464398444567,105.289555549622
1.06349210291963,1.61494543713634,105.301522016525
1.06323528216142,1.61525304334127,105.312561035156
1.06297478450299,1.61556707572919,105.324043512344
1.06271042414494,1.61588789100314,105.338060379028
1.06244202980137,1.61621582373476,105.349673271179
1.06216937233542,1.616551247296,105.361160039902
1.06189217472666,1.61689462767944,105.372404575348
1.06161012320785,1.61724649595168,105.384821653366
1.06132286778494,1.61760744133243,105.395835161209
1.06103001950927,1.61797811326481,105.407345056534
1.06073114142881,1.61835922945023,105.420785903931
1.06049524480454,1.61866542238449,105.43249297142
1.06026168793776,1.61894836854638,105.444026708603
1.06002459648866,1.61922789543183,105.455595731735
1.05978369192367,1.61951037168436,105.46731543541
1.05953926244413,1.61979773258262,105.47851729393
1.05929138667704,1.62009072502812,105.490102767944
1.05904010452591,1.62038934637164,105.503301143646
1.05878534580199,1.62069405004662,105.514498472214
1.05852699692585,1.62100541333925,105.526481866837
1.05826488211642,1.6213235083068,105.538647890091
1.05799878377237,1.62164862642993,105.550508975983
1.05772849942183,1.62198109592101,105.561477899551
1.05745377849616,1.62232131735312,105.572801113129
1.05717432544696,1.62266978390252,105.584258079529
1.05688980669897,1.62302705564135,105.595151185989
1.05659985132829,1.62339375301984,105.606369256973
1.05630404444127,1.62377056180786,105.617590427399
1.05601827291756,1.62412771895999,105.628509044647
1.05577565725144,1.62442208384376,105.639755487442
1.05553829874595,1.62470496120193,105.650955677032
1.05529860725455,1.62498811698029,105.66187620163
1.05505598481165,1.62527513114874,105.673100471497
1.05480935712494,1.62556751099359,105.684374570847
1.05455918449111,1.6258656988823,105.695215702057
1.05430546708702,1.62616995882758,105.706428527832
1.05404815900126,1.62648049735648,105.717730045319
1.05378712518184,1.6267973393713,105.728646755219
1.05352213471008,1.62712141248818,105.739830732346
1.05325297868601,1.62745287046594,105.751096487045
1.05297941219613,1.62779203967545,105.762098550797
1.05270114793688,1.62813937405319,105.773243188858
1.05241785959467,1.62849541329361,105.78461098671
1.0521291824981,1.62886076414,105.795573949814
1.05183471006158,1.62923609889885,105.806900501251
1.05155012105621,1.62959190152748,105.820051908493
1.05125981246023,1.62993609512074,105.831129789352
1.05101148119964,1.63023291385701,105.842570066452
1.05076959540914,1.63052188791207,105.854239940643
1.05052564685658,1.63081231259157,105.865202903748
1.050278357629,1.63110726709489,105.876353502274
1.05002758128198,1.63140780394212,105.887751340866
1.04977317420195,1.63171439758108,105.898662567139
1.04951509765135,1.63202732081079,105.91014957428
1.04925327246833,1.63234687167299,105.92126584053
1.04898740109259,1.63267347482267,105.932339191437
1.04871707888357,1.63300761373559,105.943555116653
1.04844220313818,1.6333496619269,105.954609632492
1.04816250460214,1.63370010942037,105.965667724609
1.04787766893279,1.63405924583234,105.976901292801
1.04758731672173,1.63442784323442,105.987915039063
1.0473078266779,1.63477559258096,105.99885559082
1.04702219855196,1.63511206141463,106.010181665421
1.04673041895134,1.63544890046712,106.021308660507
1.04649441844626,1.63574703920362,106.032374620438
1.0462580609801,1.63602862232396,106.043585062027
1.04601882871148,1.63631006243559,106.05464553833
1.04577886336411,1.6365982366529,106.065768003464
1.04553784823133,1.6368893829219,106.07697057724
1.04529479396284,1.63718497675625,106.088054180145
1.04505291670331,1.63748113473716,106.099122524261
1.0448248727,1.63776271877103,106.110295295715
1.04459056104359,1.63806024127557,106.121427297592
1.04434448735867,1.63837508454844,106.132516145706
1.04407965780594,1.63870232752291,106.143595695496
1.04380820188536,1.6390407821365,106.154614686966
1.04349959568184,1.6393973186884,106.165625810623
1.04319170464957,1.63977090731559,106.176952123642
1.04291514076338,1.64011886054527,106.188007116318
1.04263629541211,1.64044955966185,106.199099063873
1.04235320140237,1.64077966016872,106.210297822952
1.04206548525974,1.64111503223545,106.221357107162
1.04176993085111,1.64145253915846,106.232410669327
1.04152040430507,1.64176403573034,106.243569374084
1.04126986215643,1.64206488008047,106.254642963409
1.04102191974797,1.64235905522708,106.26583313942
1.04077522310452,1.64265645279862,106.276968717575
1.0405292755497,1.6429570043182,106.287992715836
1.04028957869385,1.6432543976852,106.299044370651
1.04007108262849,1.64352896284409,106.310465574265
1.03982840459421,1.64383564459533,106.321536064148
1.03957762531639,1.64416761085506,106.332719326019
1.03930989967606,1.64451377206689,106.343701839447
1.03903438435048,1.64486071631838,106.354684352875
1.0387454706896,1.64522230447027,106.365674257278
1.03844018488267,1.64560082761594,106.376903772354
1.03817254763808,1.64594139963047,106.387914657593
1.03790069802563,1.6462631303418,106.398870229721
1.03762441039246,1.64658378898157,106.410199642181
1.03734367184918,1.64690926189197,106.421299219131
1.03705825718156,1.64724180891569,106.432242393494
1.03676681165797,1.64758046216585,106.443522930145
1.03648283664324,1.6479197844166,106.454613685608
1.03622171008384,1.64822504435687,106.465587377548
1.03596423799595,1.64853057003526,106.476900815964
1.03571790534647,1.64883082511144,106.487930297852
1.03547649607155,1.64913040332884,106.498946905136
1.03523504021782,1.64943115302832,106.510281801224
1.03499216580717,1.64973466245592,106.521410703659
1.03476386309799,1.65002351782578,106.532541036606
1.0344671539478,1.65034684816341,106.543805599213
1.03417252324461,1.65071613279913,106.554834127426
1.03385765731603,1.65110271358452,106.56599354744
1.03352049121457,1.65151178665882,106.577013731003
1.03324024222233,1.65186989216217,106.588039398193
1.03295274670511,1.65221224087756,106.599114179611
1.03266834914112,1.65254383045832,106.610293149948
1.03236830930244,1.65289792915491,106.621370792389
1.0320446534812,1.65328453838311,106.632451057434
1.03171944722704,1.65366922967405,106.643582105637
1.0314552797997,1.65399931365193,106.654649019241
1.0311957160084,1.65431313482846,106.665687799454
1.03094777168213,1.65461676626475,106.676900625229
1.03070302717061,1.65491862343152,106.688134908676
1.030458752419,1.65522141267509,106.699279785156
1.0302132263006,1.65552687537236,106.7103266716
1.02996639270151,1.65583547574154,106.721347570419
1.02973129897908,1.65613234062501,106.732420682907
1.02947265979842,1.65646950656498,106.743686676025
1.02919971987623,1.6568256616362,106.754751682282
1.02893583061871,1.65715074487552,106.766119003296
1.02866801443547,1.65746325825011,106.777242422104
1.02839602381018,1.65777658119606,106.788308382034
1.02811969019699,1.65809512687619,106.800019741058
1.02783884767266,1.65842057476487,106.811146259308
1.02755327332673,1.65875376858418,106.822589159012
1.02726172992762,1.65909370441713,106.83413028717
1.02697520362018,1.65943537437329,106.846048355103
1.02672708818461,1.65974237287183,106.85794210434
1.02647292605465,1.66004841192069,106.869150876999
1.02622942301927,1.66034910192262,106.881207466125
1.02598975505589,1.66064810619467,106.893352746964
1.02576212223728,1.66093492374348,106.908419370651
1.02553271064571,1.66123245836232,106.922418117523
1.02528543738398,1.66155498830755,106.936710834503
1.02502577509437,1.66188253926536,106.948340892792
1.02476000323146,1.66221962423368,106.959590435028
1.024507290497,1.66253326476584,106.97168970108
1.02424867257001,1.66283527954315,106.982975482941
1.02398580588513,1.6631380814017,106.994423866272
1.02371893287497,1.66344561112514,107.006616353989
1.02344806354647,1.66375928356379,107.01909160614
1.02317300448912,1.66407981485869,107.030060529709
1.02289357779096,1.66440736097252,107.041499376297
1.02260953677487,1.66474316335721,107.055063486099
1.02232054575938,1.66508744378981,107.066361665726
1.02202470126327,1.66543826732519,107.077911138535
1.02173193647891,1.66579335358609,107.089924573898
1.021464107095,1.66612678435592,107.102561712265
1.02122443088688,1.66643450638864,107.113787412643
1.0209894173071,1.66673439771283,107.125862598419
1.02075462357932,1.66703358480449,107.138780355454
1.02051883836667,1.6673343037573,107.150532960892
1.02028567059796,1.66762404994391,107.162108182907
1.02005004792616,1.66789779844673,107.173876523972
1.01982068139646,1.66816017867389,107.186918497086
1.01959416648593,1.66841927633007,107.198581457138
1.01936779901203,1.66867820988417,107.210370540619
1.01913869784043,1.66893871690761,107.222624778748
1.01890066794231,1.66921124218208,107.234644889832
1.01864726791223,1.66950451332952,107.245793104172
1.01837222081405,1.66982740251581,107.257702112198
1.01806859744882,1.67018532179688,107.271338701248
1.01779097632242,1.67051225694971,107.2830555439
1.01754507851163,1.67081674820614,107.294756412506
1.01728702227835,1.67112734985787,107.306795835495
1.01704601851858,1.67142823035944,107.319603204727
1.01680819504529,1.67172621040878,107.331054925919
1.01658982542466,1.67200376040647,107.342469215393
1.01634630358219,1.6723221996116,107.354004383087
1.01608343725134,1.67266223743147,107.366064548492
1.01580766521322,1.67300969874751,107.379259586334
1.01555194128442,1.67332898541227,107.393845081329
1.01528719174127,1.67364556181437,107.407081127167
1.01501610310512,1.67396853173819,107.421581268311
1.01474553466665,1.67428139594147,107.434000015259
1.01447385998311,1.6745967062898,107.445156097412
1.01419862688458,1.67491754654542,107.456991910934
1.01391914982263,1.67524524238282,107.470864295959
1.01363512322649,1.67558051453066,107.482302427292
1.01334609328098,1.67592404288297,107.493948221207
1.01305045427647,1.67627446650597,107.505299806595
1.01275713968978,1.67662921398777,107.516227245331
1.01248662562925,1.67696445968441,107.527512311935
1.01224653429112,1.67727265686522,107.539242744446
1.01201149829209,1.67757218004403,107.552954912186
1.01177713544021,1.67787024136017,107.56431221962
1.01154200458475,1.67816951688413,107.576021432877
1.01132051760642,1.67843434707023,107.58784866333
1.01110556050768,1.67867963796087,107.599084615707
1.01089007267278,1.67892360173108,107.610146284103
1.01066937328596,1.67917611943062,107.621259450912
1.01043636166541,1.67944858476114,107.632519483566
1.01018270596858,1.67973880045445,107.64353966713
1.00992089444989,1.68004123364642,107.654593229294
1.00965469346503,1.68035153437361,107.665920734406
1.00938437777912,1.68066890746237,107.676925420761
1.00910978991425,1.68099337108752,107.687973737717
1.00883072303048,1.68132523504702,107.699382305145
1.00854689400039,1.68166493913273,107.710372686386
1.00825798189549,1.68201299682262,107.721516609192
1.00796360694617,1.6823699913338,107.733280420303
1.00766335089985,1.68273656762588,107.744401454926
1.00740682659826,1.68306128423676,107.755969524384
1.00715795927377,1.6833813978895,107.767985343933
1.00690580720247,1.68370493942198,107.778962373734
1.00666537893919,1.68400437320554,107.790019512177
1.00641895931485,1.68429217071242,107.802718400955
1.00616850162037,1.68458034830077,107.813867330551
1.00591430368942,1.68487263597259,107.825492620468
1.00565656859107,1.68517019345956,107.837030887604
1.00539515349798,1.68547365727745,107.84814620018
1.00512991356036,1.6857834165813,107.859371185303
1.00486070841157,1.6860997478664,107.870970726013
1.00458731231864,1.68642286093304,107.881932497025
1.0043095150098,1.68675315862556,107.893266439438
1.00402701708914,1.68709141962385,107.904499769211
1.00373948491258,1.68743799928933,107.915366411209
1.00344656335984,1.68779340997406,107.926890850067
1.00314783886276,1.68815826634698,107.938061475754
1.00284285512922,1.68853326044523,107.949190139771
1.00257871318028,1.68886948352592,107.96071767807
1.00234074512919,1.6891690803381,107.97264790535
1.0020978482889,1.68945333371516,107.985972166061
1.0018510331191,1.68973600876204,107.997138261795
1.00160071363848,1.69002281670374,108.008887290955
1.00134687064884,1.69031514222281,108.021060943604
1.00108954186156,1.69061314501419,108.032035589218
1.00082872784916,1.69091707187801,108.043372631073
1.00056372359137,1.69122739028638,108.054438829422
1.0002946520836,1.69154429662359,108.06552362442
1.00002134864907,1.69186808353207,108.076971292496
0.999743610015515,1.69219913451763,108.088047027588
0.999461152152063,1.69253791063681,108.099145650864
0.999173646569199,1.69288493156105,108.110425233841
0.998880729010364,1.69324077098829,108.121616840363
0.998581991591998,1.69360606283504,108.132957458496
0.998276977841704,1.69398150756154,108.143968343735
0.998013070846909,1.69431790758336,108.155072212219
0.997774765621974,1.69461823747441,108.166453361511
0.997531809068227,1.69490311461991,108.177441120148
0.99728505405214,1.69518716439955,108.188453435898
0.997034728507613,1.69547478582301,108.200146436691
0.996781113522569,1.69576668930052,108.211227178574
0.996523818470043,1.69606468112925,108.222381591797
0.996262659434743,1.69636902699759,108.234021902084
0.99599761014668,1.69667980054248,108.244993209839
0.995728524966094,1.69699719190706,108.256340742111
0.995455221331838,1.69732148619683,108.268075704575
0.995177470889468,1.69765306398291,108.279044151306
0.994894983513676,1.69799238714808,108.290152549744
0.994607428397624,1.69833997732642,108.302885770798
0.994314438797569,1.69869641099383,108.314093828201
0.994015605310543,1.69906232474246,108.325928688049
0.993710469350495,1.69943842212733,108.337973356247
0.993446406818271,1.6997755041952,108.349067687988
0.993207566112853,1.70007693250737,108.360449790955
0.992964403057816,1.70036275117328,108.37149477005
0.992717535554166,1.70064762984484,108.382702350616
0.992467118166902,1.70093603591192,108.393895864487
0.992213297594617,1.70122940882726,108.405086040497
0.991956019578916,1.70152826542914,108.416758537293
0.991694746880409,1.70183274076339,108.427885055542
0.991429578383346,1.70214407444118,108.439502477646
0.991160342952917,1.70246219925583,108.451623678207
0.990886872472277,1.70278731007684,108.46259522438
0.990608924840481,1.70311975939736,108.473670959473
0.990326205225127,1.70346000255037,108.486256122589
0.990038379521519,1.70380856207189,108.497669935226
0.989745077943583,1.704166018054,108.508805751801
0.989445886971813,1.70453301241194,108.520010948181
0.98914034340709,1.7049102549623,108.531439781189
0.98887587011278,1.70524847775569,108.543360471725
0.988636197606822,1.70555155160056,108.5565097332
0.98839258993426,1.70583878053306,108.571560382843
0.988145364354991,1.70612493644299,108.583752393723
0.987894613889419,1.70641456849388,108.595235824585
0.98764061519465,1.70670911832829,108.607144117355
0.987382790147903,1.7070093409023,108.619852542877
0.987121078965783,1.70731563362288,108.631076335907
0.986855448075675,1.70762831441829,108.642585754395
0.986585727687502,1.70794768987453,108.654263734818
0.986311744224529,1.70827405013709,108.665338516235
0.986033247366706,1.70860766753125,108.676733493805
0.985749920527835,1.70894937967431,108.687790632248
0.985461419818805,1.70929957515967,108.698756694794
0.985167367980283,1.70965879567524,108.710128068924
0.984867344297506,1.71002767682127,108.721213579178
0.984560877087844,1.71040693434532,108.732154846191
0.984315724976237,1.71071380866222,108.743470907211
0.984074764881815,1.71099821820105,108.754541873932
0.983831371299115,1.71127955657008,108.765572547913
0.983584575274981,1.71156355708326,108.776908874512
0.9833344054374,1.71185172984798,108.787953615189
0.983081078846651,1.71214588957748,108.798935651779
0.982823711817498,1.71244610942536,108.810281038284
0.982562549444993,1.71275246167809,108.821442604065
0.98229747847543,1.71306515877516,108.832695960999
0.982028319647263,1.71338451202347,108.843720436096
0.981754892369266,1.71371084131486,108.854734897614
0.981476945053453,1.71404453494081,108.866222143173
0.9811941784695,1.7143860635001,108.877281188965
0.980906254913881,1.71473595843834,108.888506650925
0.98061279998885,1.71509480732014,108.900073051453
0.980313396027656,1.71546325894833,108.911010980606
0.980007574585747,1.71584203062837,108.922346591949
0.979763536231563,1.71614812989048,108.933731794357
0.979523553076376,1.71643193245227,108.944698572159
0.979281071722984,1.71671271393424,108.956047773361
0.979035199030129,1.71699635240788,108.96856546402
0.978786365996195,1.71728435067462,108.980168819428
0.978533454514844,1.71757750738609,108.99227142334
0.978276879964432,1.71787698380699,109.003390312195
0.978016623259133,1.71818263697508,109.014775514603
0.977752500093587,1.71849461080358,109.028549432755
0.977484309731434,1.71881320793169,109.042375326157
0.977211873494226,1.71913874028059,109.055233240128
0.976934947606422,1.71947157207121,109.067450284958
0.976653238916557,1.71981216094542,109.078930616379
0.976366415779457,1.72016102867969,109.090881586075
0.976074109293902,1.72051875411854,109.102236747742
0.975775909234,1.72088597610463,109.113452911377
0.975471355331516,1.72126340099795,109.125461339951
0.975229946335016,1.7215670032523,109.138262987137
0.974992246475755,1.72184874219999,109.150448322296
0.97475228972991,1.72212752678153,109.162191390991
0.974508242345289,1.7224092732977,109.174259901047
0.974260555104993,1.72269577212768,109.188182115555
0.974009298410573,1.72298725949592,109.199589967728
0.973754502578934,1.72328473193797,109.210765600204
0.973496076032627,1.72358846602221,109.222632408142
0.973233848462752,1.72389846674808,109.23591375351
0.972967629207906,1.72421497214055,109.247097969055
0.972697215223278,1.72453830729144,109.258944034576
0.972422383176146,1.72486881542191,109.271667480469
0.972142860512609,1.72520690962403,109.28285074234
0.971858331015289,1.72555308427379,109.294353485107
0.971568439069698,1.7259078962323,109.306025266647
0.97127279120612,1.72627196069249,109.317995071411
0.970970946069397,1.72664595830577,109.329025745392
0.970679916597066,1.72699992209319,109.340886592865
0.970431831444131,1.72729286138,109.35448718071
0.970190353033985,1.72757517626093,109.365947723389
0.969946759051938,1.72785810274314,109.37770652771
0.969699933524014,1.72814504980197,109.388988494873
0.969449873946676,1.72843714206019,109.400960445404
0.969195723087377,1.72873494830072,109.412323474884
0.968937761607724,1.72903856771258,109.423825502396
0.968675983702149,1.72934829098746,109.436830043793
0.968410242460917,1.7296647666404,109.448443651199
0.968140290888146,1.72998816904413,109.460067749023
0.967865908301635,1.73031878053108,109.472420215607
0.967586826998158,1.73065698074642,109.484345912933
0.967302733144309,1.73100325164281,109.495620250702
0.967013272770688,1.73135814480486,109.507277727127
0.966718052666712,1.73172227306377,109.520624876022
0.966416633149234,1.73209631465681,109.532499313355
0.966125740177569,1.73245062148378,109.543957471848
0.96587878140188,1.73274307840622,109.555389642715
0.965638282403632,1.73302508294301,109.567109584808
0.965395567469021,1.73330780482232,109.578544139862
0.965150117156635,1.73359446093933,109.590197324753
0.964900453081252,1.73388642604714,109.603525161743
0.964647003663399,1.73418410524131,109.615000009537
0.964389800352261,1.73448774763761,109.62672829628
0.964128796364415,1.73479754794585,109.638767004013
0.963863836459472,1.73511380417017,109.650613307953
0.963594666922895,1.73543689942568,109.661961078644
0.963321079849773,1.7357670214939,109.673828601837
0.9630428019736,1.73610486337715,109.687106847763
0.962759519483367,1.73645078886132,109.698823213577
0.962470881924778,1.73680530760997,109.710486888886
0.962176499518223,1.73716901443308,109.722420930862
0.961894304644035,1.73751078143235,109.73446726799
0.961605826631426,1.73784167083383,109.74576830864
0.961310786393844,1.73817257056846,109.757371425629
0.961075214044104,1.73846227354772,109.771450996399
0.960834680350055,1.73874017447474,109.782653331757
0.960596836891572,1.73901981428585,109.793795347214
0.960357259129531,1.73930255014026,109.805953264236
0.96011501271152,1.7395897588078,109.819068431854
0.959883390861012,1.73986653281251,109.830092906952
0.959667696764227,1.74012354709696,109.841973304749
0.959443577461816,1.74040079064481,109.854064226151
0.959223689652397,1.74066938987976,109.864967346191
0.958972444539421,1.74097087370738,109.876343727112
0.958708485889789,1.74128921974205,109.887972354889
0.95843910167584,1.74161744397623,109.899097681046
0.958134647174112,1.74196205061766,109.910545349121
0.95783101080113,1.74232267730091,109.921733617783
0.957558863529795,1.74265528952133,109.933324098587
0.95728415407412,1.74297167891385,109.944285392761
0.957005359579575,1.74328717318844,109.955222129822
0.956722111190044,1.74360764438152,109.96688079834
0.956434115803755,1.74393532827062,109.977815628052
0.956139484284481,1.7442680841529,109.98888707161
0.955854152175607,1.74460069133323,110.000523328781
0.955607614963676,1.74489685535429,110.011439561844
0.955359577086907,1.74519021334755,110.02264714241
0.95511516845704,1.7454838153387,110.034286022186
0.954872680893092,1.74577821877818,110.045249938965
0.954629393288653,1.74607468748174,110.056617736816
0.954397419913894,1.74635981930728,110.068606376648
0.954139459077897,1.74665224745735,110.079519748688
0.953882854887915,1.74698494540431,110.090637922287
0.95361211283689,1.74732756924699,110.103086709976
0.953333250502301,1.74767183326053,110.114234209061
0.953040492330901,1.74802984766769,110.12606549263
0.952779098065635,1.74835341217289,110.137683391571
0.952513802263075,1.74865988641047,110.148586988449
0.9522444277368,1.74896539265946,110.159773111343
0.951970890210161,1.74927502130208,110.171059608459
0.95169306958357,1.74959027262588,110.181992053986
0.951410732134893,1.74991305469041,110.193339586258
0.951123556889665,1.75024354275353,110.204503774643
0.950831166151816,1.7505818685922,110.21538567543
0.950530621966767,1.75092431916395,110.226615667343
0.950271082380357,1.75124147681071,110.238121986389
0.950033845104312,1.75153514618326,110.249334335327
0.949810946725705,1.75181109043603,110.260563373566
0.949602629444335,1.75206946817154,110.271594047546
0.949380979745912,1.75235333929233,110.282935380936
0.949154828713574,1.75264284883629,110.293979406357
0.948904378123822,1.75295303045089,110.305003404617
0.948643086201311,1.75327678074173,110.316325426102
0.94839583503387,1.7535775824933,110.327335596085
0.948142333384198,1.75386778819782,110.338521003723
0.947884529288789,1.75415877296039,110.350202560425
0.947622778609391,1.7544536686094,110.361216306686
0.94735720803063,1.75475482904358,110.372379302979
0.947087668078802,1.7550623147935,110.383977174759
0.946813961131954,1.75537634674558,110.394967794418
0.946535890008493,1.75569723420447,110.406343221664
0.946253199598869,1.75602533697709,110.418150424957
0.945965620552364,1.75636109815477,110.429136753082
0.945672822608786,1.75670503073552,110.440206050873
0.945374423838725,1.75705770465315,110.453038454056
0.945068297307645,1.75741730880693,110.464185714722
0.944799488005583,1.75774779303489,110.475845336914
0.944559364601636,1.75805084698309,110.487857103348
0.944323984656596,1.75834694544257,110.498827695847
0.944088627219791,1.75864235162216,110.510421276093
0.943869344656398,1.75889999987821,110.521570444107
0.943654462071043,1.75914252196064,110.532834291458
0.943441672806628,1.75938045556806,110.543900251389
0.943212067068245,1.75964457201326,110.555083990097
0.942990269632225,1.75989252107835,110.566525220871
0.942742952849218,1.76017263912583,110.57754445076
0.942484107437158,1.76046687649879,110.588633298874
0.94222070773297,1.76076969461928,110.600255012512
0.941953231881023,1.76107944131442,110.611441850662
0.941681557648935,1.76139582197995,110.622964143753
0.941405504672077,1.76171901091262,110.634620904922
0.941124811263086,1.76204936788128,110.645583629608
0.940839170399045,1.76238734311327,110.656757354736
0.94054823803156,1.76273344948423,110.669232845306
0.940251630725832,1.76308825748866,110.680264472961
0.939948920571426,1.76345239818548,110.691818714142
0.939639629023903,1.76382656947508,110.704279661179
0.939394221987,1.76412671992081,110.715244054794
0.939152993597708,1.76440571608911,110.726923465729
0.938909323862428,1.76468293006446,110.738832712173
0.938662168176992,1.76496362799945,110.750470638275
0.938411826914518,1.76524917677401,110.761451244354
0.938157606209009,1.76554004067871,110.7728266716
0.937899407577428,1.76583656333055,110.785585403442
0.937637389072163,1.76613890822243,110.79648399353
0.937371432144374,1.76644732511761,110.808151245117
0.937101301677355,1.76676212766768,110.820694446564
0.936826839876976,1.76708361733947,110.831693887711
0.936547810042323,1.7674121406687,110.843034267426
0.936263917894744,1.76774813653207,110.854540586472
0.935974828729891,1.76809210590436,110.865747928619
0.935680170056839,1.76844460467683,110.877096891403
0.935379528773206,1.76880624606275,110.888245582581
0.935072442022151,1.76917770806753,110.899480104446
0.934830949440374,1.76947368377562,110.910575151444
0.934593333839731,1.76974879402052,110.921605110168
0.934353072996568,1.77002235588868,110.932896852493
0.93410875683834,1.77029958767847,110.943919658661
0.933860665026276,1.77058183504667,110.95494389534
0.9336089540119,1.77086945899028,110.966210365295
0.933353591615971,1.7711626299299,110.977232217789
0.933094509950186,1.7714615057271,110.988246679306
0.932831621031534,1.77176626594077,110.999393939972
0.932564707947106,1.77207717920062,111.010552167892
0.932293572110954,1.77239458070638,111.021729707718
0.932018015576933,1.77271879188866,111.033199071884
0.931737779235437,1.77305018085408,111.044181585312
0.931452555374052,1.77338920395888,111.055142641068
0.931161996690615,1.77373637947235,111.066526651382
0.930865717545966,1.77409228178896,111.077510356903
0.930563289057181,1.77445754506723,111.08845448494
0.930254230293907,1.77483287081886,111.099862337112
0.930008778448077,1.77513503012531,111.110986709595
0.929768155918006,1.77541621482231,111.122067451477
0.92952585433012,1.77569481927906,111.133631229401
0.9292794646202,1.77597642422809,111.144633054733
0.929029273102374,1.77626276126264,111.15584897995
0.928775384968659,1.77655428651659,111.167276620865
0.928517776765059,1.77685128222846,111.178239583969
0.928256406922591,1.77715455962525,111.189620256424
0.927991065576472,1.77746406349129,111.200909852982
0.92772154926653,1.77778001152254,111.211885452271
0.927447650801926,1.77810270789976,111.223192214966
0.927169126856743,1.77843249135487,111.234513044357
0.92688568509979,1.77876978294785,111.245512247086
0.92659699025722,1.77911508004859,111.256668567657
0.92630266665419,1.77946894068522,111.26803445816
0.92600229885276,1.7798319813261,111.279010772705
0.925695420633538,1.78020488434235,111.290109872818
0.92539957957673,1.78055789551415,111.301900148392
0.925146523392387,1.7808513165611,111.312845230103
0.924901304733741,1.78113450787984,111.323962450027
0.924654331390964,1.78141842204679,111.336368083954
0.924404032908642,1.7817063847002,111.347594022751
0.924150078524279,1.78199953554104,111.359226703644
0.923892350591254,1.78229830800501,111.370862960815
0.92363098636417,1.78260285295373,111.381821632385
0.923365510487812,1.78291352554094,111.393158435822
0.923095592109247,1.78323074960475,111.404386043549
0.922821201499583,1.78355465559045,111.415304899216
0.922542117907297,1.78388588346027,111.42676615715
0.922258042947867,1.78422480547416,111.43786239624
0.921968636255782,1.78457186417084,111.448779821396
0.921673516360662,1.78492760570565,111.460115909576
0.921372259888019,1.78529265016454,111.471119165421
0.921083499167395,1.78563590858801,111.482031345367
0.920788588801869,1.78596863678385,111.493438482285
0.920537082445212,1.78625452989434,111.504534959793
0.92029297612317,1.786534352793,111.515444278717
0.920047005526394,1.78681688755951,111.526870727539
0.919797589435699,1.78710437258552,111.537981510162
0.919544883044472,1.78739726223074,111.548964262009
0.919288063005547,1.78769584588296,111.560300827026
0.919027102439495,1.78800036096808,111.571356534958
0.918762089030428,1.7883109988932,111.582407236099
0.918492869984118,1.78862806218998,111.593694448471
0.918219211281198,1.78895191489295,111.604752779007
0.917940872384449,1.78928290923795,111.615831613541
0.917657562598855,1.78962146004576,111.6269967556
0.917368945054246,1.78996806566175,111.638019323349
0.917074640775218,1.79032328817916,111.649042367935
0.916774230132617,1.79068774944298,111.660307884216
0.916486081613215,1.79103056257426,111.671383857727
0.916191992696272,1.79136271467459,111.682438135147
0.915942238536845,1.79164716056576,111.693635702133
0.915699721008954,1.7919263904427,111.704665899277
0.91545506508559,1.79220737770781,111.715692520142
0.915207605293622,1.79249350543627,111.727259159088
0.914955858353927,1.79278531484172,111.738424301147
0.91470012564414,1.79308289673413,111.749947309494
0.914440425571962,1.79338639809905,111.76097035408
0.914176753347216,1.79369596239078,111.772159337997
0.913908932613072,1.79401187193383,111.783666610718
0.913636700438819,1.79433450656306,111.794595479965
0.913359828765939,1.79466421331936,111.805823802948
0.913078039388924,1.79500137769708,111.817273139954
0.91279100520353,1.79534648004124,111.828274726868
0.912693263626067,1.79557616767138,111.84002161026
0.912621231486347,1.79574468941653,111.852094173431
0.912554258098115,1.79589924875682,111.862995624542
0.912541326984129,1.79595622911791,111.874206066132
0.912554613867199,1.79598029159494,111.886783123016
0.912543608664104,1.79603115122655,111.897957801819
0.912524353128724,1.79609058720901,111.90927696228
0.912502391753396,1.79615332152256,111.920889377594
0.912479004293455,1.79621748229142,111.931801795959
0.912454844433195,1.79628242665249,111.943016529083
0.912409667606115,1.79637442138211,111.954341888428
0.912360552141527,1.79652806892636,111.965309381485
0.912320029267446,1.79663925268418,111.976613998413
0.912284501162718,1.79674202484881,111.987805366516
0.912248359713943,1.79684318948824,111.998762607574
0.912210692955896,1.79694490856856,112.010146141052
0.912171404690376,1.79704798318286,112.021280050278
0.912130428211131,1.79715294519351,112.032255411148
0.9120877031317,1.79726024517517,112.043538808823
0.912043186791114,1.7973703183473,112.05456662178
0.912012696196335,1.79748457838039,112.065544128418
0.911982376699327,1.79759207369398,112.076795816422
0.911951291981501,1.7976978277778,112.087793111801
0.911919291932265,1.79780376744804,112.098698139191
0.911886494100231,1.7979102890895,112.11009812355
0.911853053787755,1.79801899405,112.121154308319
0.911819008642346,1.79813007711034,112.132026672363
0.911784412242522,1.79824386323255,112.143438577652
0.911749317787131,1.79836075708867,112.154448986053
0.911703442351839,1.79842836023894,112.165307044983
0.91167700229937,1.79853813508803,112.176462888718
0.911650452118501,1.79864801333892,112.187843561172
0.91162414742448,1.79875876985775,112.198747634888
0.911598236467661,1.79887095755953,112.210107564926
0.911572815463481,1.79898498660164,112.221144914627
0.91154790980407,1.79910150759521,112.232012748718
0.9115236899994,1.79922090844038,112.243409395218
0.911478632651745,1.79929301612927,112.254506349564
0.911127074486941,1.79960326337709,112.265545129776
0.910658940335829,1.80003192394578,112.276995897293
0.91014188427596,1.80062870046412,112.288015604019
0.909622225803484,1.80140023693888,112.299113988876
0.909045888050371,1.80259259763734,112.310316085815
0.908462821004503,1.80393595928984,112.321427106857
0.907884357995223,1.80538857085111,112.332490682602
0.907277564890563,1.80695375075084,112.343656539917
0.906685090001455,1.80860244101023,112.354687452316
0.906087502740426,1.81023517392021,112.365729093552
0.905487259971023,1.81188101321212,112.376977920532
0.904885692340937,1.8135546113605,112.387982368469
0.904285262023514,1.81526650360267,112.398990869522
0.903679925774535,1.8169427245015,112.41024518013
0.903072110844977,1.8186224683878,112.42128777504
0.90246084451208,1.82034787856151,112.432265520096
0.901847923848129,1.82204807220842,112.443649291992
0.901235094889448,1.82373363353546,112.454946994782
0.900619323532919,1.82543349078485,112.466436862946
0.900007721776628,1.8271550206938,112.477451324463
0.899390073050586,1.82883951579498,112.488838195801
0.898769326002414,1.83052707783708,112.500242233276
0.898147053767125,1.83223754157465,112.511605501175
0.897526570082638,1.83398392965154,112.525836467743
0.896900612113176,1.83569450902162,112.539496421814
0.896271951627475,1.83740881052221,112.554579496384
0.895639456341312,1.83917135887652,112.566472768784
0.895008727574776,1.84090700677439,112.577711820602
0.894374572968228,1.84262682544323,112.589308738709
0.893738455323776,1.84436032017851,112.600467920303
0.8931056171724,1.84612032838006,112.611875534058
0.892466426090171,1.84784468164143,112.624191999435
0.891824014914347,1.84957147921545,112.637935638428
0.89117774477356,1.85134381888497,112.649836063385
0.890534009677239,1.85309168739589,112.661025047302
0.889886243186092,1.85482518002763,112.673306703568
0.889236140553413,1.85657315888095,112.687397480011
0.888581205236895,1.85837565362834,112.699220180511
0.88792824163354,1.86016021164082,112.710505008698
0.887272304137299,1.86192879100552,112.722657203674
0.886612493843439,1.86373531771432,112.736144542694
0.885953113372653,1.86551025834523,112.747621297836
0.885288191922874,1.86725942096918,112.759100437164
0.884594312478215,1.869036838264,112.771807670593
0.883925886337963,1.87087421937593,112.783125400543
0.883260390464683,1.8726841585252,112.794300079346
0.882591539322281,1.87447654435963,112.806357622147
0.881918333879306,1.87630823655702,112.820202589035
0.881248591061335,1.87810238512392,112.832392692566
0.880573805705977,1.87987799709697,112.843797683716
0.879896994651994,1.88166752640929,112.855336427689
0.879215302304671,1.8835249294516,112.868073225021
0.87853726366513,1.88535843742342,112.879162788391
0.877856892156114,1.88717386628243,112.890425443649
0.877172393588691,1.88903028889798,112.902262449265
0.876492125225685,1.89084850742239,112.913526058197
0.875808187237384,1.89264615198731,112.925181150436
0.87512073701949,1.89448203798117,112.938717603683
0.874429665072087,1.89630830465391,112.950172662735
0.87373929618764,1.89813731127758,112.961530447006
0.873024390044261,1.8999748260339,112.973523855209
0.872333143283979,1.9018603982191,112.986565351486
0.871646153608061,1.90370639607592,112.998162508011
0.870957797531142,1.90553258234308,113.010012149811
0.870266475988489,1.90739265411757,113.022152900696
0.86957298852233,1.90923705450688,113.033209323883
0.868884093603198,1.91109107630403,113.04451751709
0.868150374427383,1.91294841386707,113.056031703949
0.86745844670449,1.91485327453017,113.067931413651
0.866770456443957,1.91672020133992,113.078946352005
0.866082062608775,1.91856428461042,113.090397357941
0.865390102709436,1.92044881800128,113.103586912155
0.864703163199662,1.92229393698077,113.114957809448
0.864014692050118,1.92411889566713,113.126770734787
0.86332331719368,1.92598009882065,113.13880109787
0.862629784398569,1.92782319717325,113.150000095367
0.861940760413239,1.92967346855025,113.161149024963
0.861174297966745,1.93153503468448,113.172584533691
0.860480860171879,1.93343712909806,113.184378147125
0.859791161598816,1.9352971187092,113.195507526398
0.859100537723723,1.93713383309001,113.207075357437
0.858407084111958,1.93900673649491,113.219570398331
0.857718595930746,1.94083997274042,113.230955600739
0.857028053048237,1.94265460855765,113.242953538895
0.856337607142402,1.94447782220709,113.25523018837
0.855643053632482,1.9463615155266,113.266505718231
0.854952676238173,1.94822478618539,113.277990818024
0.85426214903043,1.95006773610144,113.289790153503
0.853568467061369,1.95195144876319,113.30174279213
0.85287927163691,1.95379831150107,113.312785148621
0.852188708778199,1.95562509451343,113.324274539948
0.851495634956216,1.95748728466619,113.337291717529
0.850800450784566,1.95933266007861,113.348964691162
0.850109378318124,1.9611850985075,113.360664844513
0.849368788291051,1.96304523603051,113.372316360474
0.848675096623537,1.96494458017696,113.384367465973
0.847985363866534,1.96680208094531,113.395446062088
0.847294690788544,1.96863692455837,113.406979799271
0.846601081695704,1.97050832593501,113.419746875763
0.845912615184071,1.97233946356119,113.431138515472
0.845222024448225,1.97415225776084,113.442549228668
0.844529076944014,1.97599635489845,113.454259157181
0.843833488517285,1.97782557606452,113.465186357498
0.843144803351894,1.97965197609715,113.476626396179
0.842410905276359,1.98149280392979,113.487853765488
0.841717460908381,1.98337969780213,113.498796224594
0.841028202449866,1.98522614460869,113.510203123093
0.840337601013751,1.9870522662704,113.521281957626
0.839644195873055,1.98891332641536,113.532345294952
0.838949342309104,1.99074562030478,113.543653488159
0.838268962094274,1.99261005693847,113.554730415344
0.837591438958068,1.99444412854029,113.565812587738
0.836899361020481,1.9963426397287,113.57697057724
0.836210122419137,1.99820757409527,113.58803319931
0.835492876937563,2.00005539116128,113.599115371704
0.834802077444241,2.00193569483741,113.610297203064
0.834116310442724,2.00377297242908,113.621420621872
0.833428617511964,2.00559088591833,113.632475137711
0.83273825310175,2.007443220001,113.643618106842
0.832045493460911,2.00927813946969,113.654674530029
0.831357387741197,2.0111190999922,113.665802001953
0.830620330252025,2.01297026009885,113.676939487457
0.829929709311896,2.01486004893729,113.688236951828
0.829243501980004,2.01671207009388,113.699431657791
0.828556261937706,2.01854385621076,113.710401296616
0.827865921185735,2.02041373222238,113.721385002136
0.827173751382142,2.02226309288781,113.732411146164
0.826485780768332,2.02412358996044,113.743717432022
0.825797194210021,2.02598850445667,113.754815340042
0.825070949425823,2.02782413753318,113.766018867493
0.824338225480423,2.02966278915355,113.777126073837
0.82366417120097,2.03150205020984,113.788172721863
0.822972977842835,2.0333866725019,113.799297094345
0.822284938054358,2.03523420506934,113.810414075851
0.821573469584857,2.03706199496965,113.821621656418
0.82088331209199,2.038920278672,113.832896709442
0.82019226150727,2.04075250705063,113.843981266022
0.819504247884407,2.0426018325828,113.855048418045
0.81880030406093,2.04443141284648,113.866354465485
0.818106608113074,2.04633358449317,113.877544403076
0.817421335769171,2.04819264058942,113.888516426086
0.817064226993651,2.04964860409777,113.900694131851
0.816836502048634,2.05098386049166,113.91170334816
0.816774431058985,2.05178759124525,113.923214673996
0.816756190478701,2.05218866135344,113.934999704361
0.816715844270826,2.05239978603023,113.945908308029
0.81667368692756,2.05255490383719,113.95693731308
0.816633256968184,2.052690840282,113.969050168991
0.816594990431627,2.05281936798616,113.979972839355
0.816649214528519,2.05282788867432,113.991494894028
0.816640946631119,2.05291693989597,114.003659725189
0.816628926880302,2.05303417676754,114.014733791351
0.816618465683919,2.05315901808541,114.025961637497
0.816609797953901,2.05328279146835,114.037521362305
0.816602387749179,2.05340760334983,114.048407793045
0.816589748061624,2.05347531320487,114.059458017349
0.816572296111226,2.05353149830671,114.071008682251
0.81656599975495,2.05355565128632,114.081976652145
0.816561888519066,2.05357603031293,114.093510150909
0.816576368267516,2.05364228480799,114.104735851288
0.8165922223831,2.05370823936538,114.11577296257
0.816609459265026,2.05376834554035,114.127058744431
0.816614515827815,2.05385707935788,114.138094902039
0.816604835475694,2.05390654333729,114.149417161942
0.816594130875112,2.05394854861538,114.160474777222
0.816584020611693,2.05398906004779,114.171502113342
0.816574666109898,2.05403227456738,114.182669639587
0.816563863845449,2.05409214442704,114.193725347519
0.816549067601499,2.05417249891613,114.204941272736
0.816564000251125,2.05427405471854,114.216380596161
0.816576053204652,2.05435520219196,114.227335929871
0.816595929122712,2.0544212497928,114.238359928131
0.816599434688789,2.05447515232312,114.249784231186
0.816600429105208,2.05451477395305,114.260815620422
0.816595177038119,2.05454569492163,114.27183175087
0.816590879305521,2.05457715052077,114.283082485199
0.816594638202054,2.05461707871873,114.294106006622
0.81659491555443,2.05468877664543,114.305132865906
0.816620649594708,2.05478101253816,114.316585063934
0.816644651130278,2.05486561011198,114.327542543411
0.816675924649804,2.05495280912441,114.338772296906
0.816658545403564,2.05503751486636,114.350279092789
0.816657925362171,2.05506929470417,114.36131811142
0.816653064775105,2.05511239616835,114.372481822968
0.816656658525191,2.05518778677587,114.383977174759
0.816667916275816,2.05529869404631,114.394905328751
0.816684907580834,2.05541751479957,114.406125545502
0.816710553280941,2.05552451127714,114.417333602905
0.816741737379005,2.05561094345286,114.428268194199
0.816742703479798,2.05564526438029,114.439480304718
0.816733171453631,2.05565400153411,114.450755357742
0.816731048466735,2.05566789952838,114.461671352386
0.81673847390483,2.05570359775801,114.472900152206
0.816761872893111,2.05577122363616,114.484080791473
0.816789847542795,2.05586454774445,114.495023727417
0.816821556009949,2.05594965971536,114.506263017654
0.816973420870711,2.05614092245274,114.51776266098
0.81706860127156,2.05651529900605,114.528715372086
0.81723739037845,2.05703688758989,114.539875030518
0.817424172470733,2.05761941321734,114.551177501678
0.817632178997295,2.05826755727877,114.562073945999
0.817840060644284,2.05914949871552,114.57327914238
0.818068817398658,2.06008227649781,114.584683418274
0.818322110473508,2.06106551964951,114.595647573471
0.818598911771547,2.06209772690671,114.606886863709
0.818935270395455,2.06337329920541,114.618424892426
0.819306109210205,2.06474441277218,114.629578351975
0.819697911777559,2.06625597578279,114.641401052475
0.820087135521505,2.06787068211399,114.654334545136
0.820480861724264,2.06954198696148,114.665393829346
0.820897490197332,2.07122043913349,114.676791906357
0.821303340305442,2.07292123053449,114.687888622284
0.821695988187858,2.07465982127334,114.698855400085
0.822090926477991,2.07644139809342,114.710244417191
0.822486509772575,2.07818438653654,114.721424818039
0.822875958509916,2.07992587319495,114.732488155365
0.82327065340261,2.08167936264055,114.743731498718
0.823666530794024,2.08339434158415,114.754812002182
0.824061962324574,2.08511012464138,114.765927791595
0.82445612726703,2.08684350196388,114.777047395706
0.824851710895318,2.088614226922,114.788085699081
0.82524804425811,2.09035041556237,114.799134016037
0.825643402775077,2.09208401159864,114.810322284699
0.826037241676051,2.09383870184687,114.8213763237
0.82643346465748,2.09564635951377,114.832436323166
0.826830167351313,2.09741575331896,114.843587636948
0.827225771794157,2.09918586550549,114.854666948318
0.827618586691717,2.10098201396634,114.865715742111
0.828018986993977,2.10279597375451,114.877016782761
0.828409418435266,2.10458242781774,114.888093948364
0.82882796872539,2.10638795551764,114.899112939835
0.829220822272174,2.10824729978222,114.910294294357
0.829619740855628,2.11010598521075,114.921401023865
0.830024822403956,2.11193209767703,114.932528734207
0.830420978243625,2.11377189867672,114.943639278412
0.830821187787337,2.11560589934287,114.954733371735
0.831221450711084,2.11741536759309,114.965852022171
0.831644202717196,2.11923818966407,114.977032423019
0.832042641151976,2.12110269227506,114.988088846207
0.832444118193063,2.12296405525786,114.999126672745
0.832845358582261,2.12480093042649,115.010329961777
0.833244181635543,2.12665659076366,115.021397829056
0.833641873474192,2.12849813029278,115.032415628433
0.834044533394405,2.1303923482718,115.043619155884
0.834444964869271,2.13225909389057,115.054634332657
0.834845409380576,2.13416555416738,115.065593719482
0.835249258519816,2.13606805615504,115.076889753342
0.835670062130421,2.1379481743245,115.087909936905
0.836072833565155,2.13984377134752,115.098869085312
0.836474757549396,2.14172170163711,115.110220909119
0.836879839894988,2.14364401583777,115.121307611465
0.837282552050965,2.14553897001551,115.132328271866
0.837688384357994,2.14741456361725,115.143646240234
0.838097537344695,2.14932015509253,115.154742956162
0.83850205036395,2.15119984453462,115.165827274323
0.838904387633017,2.15311602493512,115.177493810654
0.839306267609388,2.15501312815088,115.188604831696
0.839711269948424,2.15695676771369,115.200375795364
0.840114266137918,2.15887438787121,115.211311578751
0.840561886489616,2.16077239939743,115.222632169724
0.840973568175756,2.16270330704079,115.234086036682
0.841374999500867,2.16462046852852,115.245298862457
0.841777829705976,2.16654742592337,115.256630897522
0.842182973836256,2.16847924107664,115.267980575562
0.842602454934393,2.17038114368535,115.279004335403
0.84300594084866,2.1722919663447,115.290137529373
0.843407640967329,2.17417555886034,115.302107334137
0.843814238330028,2.17610563403444,115.313080787659
0.844227174696619,2.17801708757854,115.32438325882
0.844630915679199,2.17995695813377,115.336964130402
0.845037257761223,2.18188735923524,115.348051786423
0.845443703584326,2.18378819449718,115.359373569489
0.845847194612264,2.18570498783512,115.370943784714
0.846249734197427,2.18760678033088,115.381889820099
0.846655843749264,2.18955043537628,115.393228769302
0.847096121047197,2.19148777197291,115.404522657394
0.847499505281684,2.19344612942142,115.415463209152
0.847905652693408,2.19539796347762,115.426879882813
0.848311575533802,2.19731738459259,115.437953472137
0.848714779295026,2.19925631605437,115.448912858963
0.849120655519358,2.20118619914841,115.460212230682
0.849526630746713,2.20308559626625,115.471240282059
0.849929742235879,2.20500041315576,115.482191801071
0.850332063870215,2.20690517692488,115.493558883667
0.850737722319683,2.20884340538113,115.504652023315
0.851218415125432,2.21078187795611,115.51556968689
0.851617669444399,2.21274505840651,115.526873350143
0.8520225692666,2.21469943965234,115.538397550583
0.85242717810665,2.21662046426715,115.54983663559
0.852829216759973,2.21856121313604,115.560912370682
0.853233921322604,2.22049220632741,115.571964502335
0.853638633525472,2.22239258603711,115.583448171616
0.85404063679744,2.22430902845102,115.594537734985
0.854441591936644,2.22620988841823,115.605787754059
0.854846009546764,2.22814727138493,115.617173433304
0.855247628790426,2.23007010562368,115.628126144409
0.855649240409955,2.23196623618762,115.639376401901
0.856053244806591,2.23389556066717,115.650676727295
0.856470212549701,2.23580734655275,115.661681413651
0.856871955460774,2.23773776082018,115.672965526581
0.857272566317466,2.23964568210437,115.684219121933
0.857676460493681,2.24160645619768,115.695133447647
0.858077971318114,2.24353815196548,115.706446647644
0.858503700290746,2.24544775054906,115.717750310898
0.858904175863454,2.24739628122867,115.728718519211
0.859304661621846,2.24930616765962,115.739927768707
0.85970601709512,2.25119105151136,115.75118637085
0.859932009073049,2.25300800515598,115.765258550644
0.860013741354741,2.25459451021382,115.776693105698
0.860130879175703,2.25598093509426,115.788138866425
0.860139535632556,2.25700751773167,115.79922914505
0.860135994445732,2.25758168983879,115.810713768005
0.860085706032631,2.25802168510892,115.821773052216
0.86005977353737,2.25825582165147,115.832967758179
0.860026608125834,2.25835469710443,115.84418797493
0.860066454490532,2.25839493822192,115.85532784462
0.860011295154685,2.25849798038373,115.866604089737
0.859985261745953,2.25858525902537,115.877760410309
0.859965964269017,2.25860397590444,115.888895511627
0.859982554015659,2.25865122118298,115.900336503983
0.859927292483806,2.25864592369249,115.911461830139
0.859872304027004,2.25857668454868,115.922671794891
0.859889300191164,2.25851234095378,115.93421792984
0.859899928378335,2.25837829751183,115.945328235626
0.859845172762369,2.25831471052836,115.956734895706
0.859855799895898,2.25825826282274,115.968374729156
0.859870493762347,2.2581496337447,115.979277610779
0.859886075034918,2.25797937612089,115.990252733231
0.859827933085498,2.25788324404388,116.002265453339
0.859837556323669,2.2578191521166,116.013309240341
0.859848797853397,2.25770487049023,116.024765014648
0.859864347853047,2.25754563870317,116.037010192871
0.859868974834108,2.25749061099515,116.048109292984
0.859875013736442,2.25738725768504,116.059552907944
0.859883903939479,2.25725444805219,116.071135044098
0.859959854537451,2.25714472706995,116.082090139389
0.859880513371189,2.25714796420983,116.093424320221
0.859821502416485,2.25715198891729,116.104613542557
0.859712095484855,2.25715394620601,116.115530014038
0.859701744798721,2.25718380664714,116.126951217651
0.859698295286523,2.25712580450314,116.137997150421
0.859698616698565,2.2570233664712,116.148918867111
0.859768692072762,2.25694546333871,116.160248756409
0.859715086723458,2.25698332003474,116.171576976776
0.859447224971307,2.25719866003664,116.183155059814
0.859056519265904,2.25761679848169,116.194219827652
0.858619141395911,2.2581836149887,116.205399036407
0.85816557473355,2.25881752954424,116.216917276382
0.857712206129061,2.25947080721685,116.227890729904
0.857251165041732,2.26012293747663,116.239157676697
0.856784207418865,2.26078497188652,116.25044798851
0.856311612207384,2.26146144576287,116.261430978775
0.855867750021105,2.26210700730341,116.27260518074
0.855424659295207,2.26274839613605,116.283911466599
0.854976433081515,2.26339785370325,116.294943809509
0.854522992814523,2.26406029512416,116.306200027466
0.854064247690131,2.26473819588511,116.317851305008
0.853608389887441,2.26541491629918,116.328769207001
0.853144755812852,2.26608166918116,116.33983707428
0.852675211110534,2.26675479149181,116.352120876312
0.852198462612912,2.26743840818519,116.363131284714
0.851743953533326,2.26810077776126,116.37454366684
0.851317006220139,2.26873784799187,116.386921405792
0.850894971398179,2.26936840715434,116.398106813431
0.850478091237236,2.27000433581039,116.409371137619
0.850054741895945,2.27062750888158,116.420981407166
0.849628756637264,2.27124106133572,116.431935071945
0.849190580824083,2.27187022656385,116.443340778351
0.848720278661921,2.27252577013276,116.454530000687
0.848269134640061,2.27316796309346,116.465537071228
0.847851738681888,2.27378534362546,116.476843833923
0.847421026223076,2.27441305093026,116.488162755966
0.846962447479538,2.27506977354383,116.499176025391
0.846505073681971,2.27573615870884,116.510361194611
0.84605317073284,2.27639964597891,116.521409988403
0.845594415697293,2.27705261949771,116.532460212708
0.845130124844871,2.2777111831162,116.543711423874
0.844660407793804,2.27838141923111,116.554721593857
0.844181867142355,2.27906148011277,116.565800666809
0.843729492431741,2.2797229852943,116.577021598816
0.84330686941207,2.28035770950015,116.588032007217
0.842891690131696,2.28098120328526,116.599078893662
0.842424088619261,2.28165147122221,116.61033821106
0.841966741985889,2.28232556880106,116.621405124664
0.841490069778543,2.28300330746421,116.632354736328
0.841011245690996,2.28369758012243,116.643694400787
0.840534036450622,2.28439011440822,116.65470123291
0.840081553010835,2.28505401055824,116.66576051712
0.83965566870055,2.28569014199057,116.677038908005
0.839227479038735,2.28633880163706,116.688066482544
0.83876498900477,2.28700366798117,116.699155092239
0.838315320990199,2.28766399433415,116.710387706757
0.837860516606691,2.28831771276981,116.721390962601
0.837412412332751,2.28896779474747,116.73251414299
0.836961182222423,2.28962601755034,116.743790149689
0.836488152615755,2.29031398644238,116.754812002182
0.836037385884262,2.29097700610478,116.766002655029
0.835631356813895,2.29159634141564,116.777173995972
0.835174334095256,2.29225821511916,116.78817486763
0.834707161190041,2.29293344665602,116.799293756485
0.834254371371886,2.29360629848291,116.810508966446
0.833781443070927,2.29428033202219,116.82159781456
0.833314208067206,2.2949491451758,116.832834720612
0.832845305550907,2.29562623184187,116.843850851059
0.832369871726312,2.29631365426757,116.854951620102
0.831918097999902,2.29698202524413,116.866246461868
0.831498678646981,2.29761755335796,116.877463817596
0.831068136436414,2.29826034641415,116.888473272324
0.830638347637913,2.29889166181839,116.8998939991
0.830195434744156,2.29952076373053,116.910915136337
0.829740199213393,2.30015890580881,116.92188000679
0.829279866531091,2.300812103716,116.933465957642
0.8288142927241,2.30148070952389,116.944492816925
0.828340642719509,2.3021794873352,116.955597400665
0.827840497280905,2.30291858768475,116.967075586319
0.827381740417649,2.30361732974986,116.97805595398
0.826954056622742,2.30428115029032,116.989418745041
0.826520396519664,2.30493922841093,117.000826597214
0.826071468787569,2.30558532319619,117.011769771576
0.825615404182617,2.30623627805069,117.023082256317
0.825154575110708,2.30689845018273,117.034355401993
0.824689146226766,2.30757814404287,117.045371055603
0.824213920526532,2.30827131872876,117.05656671524
0.823761753528242,2.30894665974504,117.067922592163
0.823347365964017,2.309586281474,117.078835010529
0.822915599594447,2.31022901139198,117.089972496033
0.82247743016831,2.31085580663181,117.101421833038
0.822056432764965,2.31146825327658,117.112317085266
0.82161616846703,2.31210100188822,117.123376131058
0.821174002602127,2.31274663902899,117.134934186935
0.820718372253827,2.31341792708819,117.145883560181
0.820236088010961,2.31412874042176,117.156936407089
0.819780390651638,2.31481364985745,117.169271230698
0.819358541378311,2.3154653421028,117.180310726166
0.818924975529317,2.31611589977347,117.191916942596
0.818477761172944,2.31675587497486,117.203891038895
0.818024248993127,2.31740066933679,117.215006828308
0.817582080834889,2.31804630580901,117.226270675659
0.817117907682499,2.3187152112477,117.237673282623
0.816644598075021,2.31940334860901,117.248579025269
0.816193887189124,2.32007308689174,117.259893417358
0.81578284069616,2.32070540700318,117.271061420441
0.81532713905199,2.32136796577471,117.281983852386
0.814884145478869,2.32202833657876,117.293456792831
0.814420956805469,2.32269005671583,117.304599761963
0.813971929204903,2.32334502010401,117.315521240234
0.813519352612478,2.32400923377516,117.326918125153
0.813045446282471,2.32470483178456,117.338024377823
0.812594819879161,2.32537311952033,117.349099159241
0.812189073788141,2.32599519320681,117.360420465469
0.811732519731854,2.32665441222431,117.371477603912
0.811266862885364,2.3273321406285,117.382607221603
0.810813178819911,2.32800979046386,117.39374089241
0.810340820015715,2.32868450765447,117.404771327972
0.809871833223614,2.32936039864163,117.415823936462
0.809398903498417,2.33004780736148,117.427241325378
0.808955274902623,2.33070272357448,117.438274383545
0.808511792416731,2.33135322117815,117.449599027634
0.808063321776814,2.33201178751481,117.460605859756
0.807609664754814,2.33268362518177,117.471712827683
0.807159013961453,2.33335263165709,117.483049631119
0.806700626200394,2.33401140537796,117.494009256363
0.806236618211539,2.33467604534527,117.504961967468
0.805767208368169,2.33535332110458,117.516247987747
0.805289823171176,2.33604247048262,117.527333974838
0.804835863823485,2.33671466668587,117.538389921188
0.804414596648293,2.33735500743331,117.549923181534
0.803950396805815,2.33799415676937,117.560954809189
0.803495384149259,2.33867766266222,117.572055578232
0.803045878713759,2.33934698659831,117.583582878113
0.802576699753308,2.3400162974665,117.594530344009
0.802116273091085,2.34068671007599,117.605797052383
0.80164615998455,2.34136636865778,117.617100715637
0.801167453027679,2.34205792882286,117.628108501434
0.800711963074703,2.34273152004184,117.639330625534
0.800289796155903,2.34338093731124,117.650640487671
0.79984845288171,2.3440221291618,117.661598682404
0.799390078571382,2.34470875695848,117.672796487808
0.79893631235961,2.34538495517957,117.684032201767
0.798476259872217,2.34604737166899,117.695029020309
0.798010979740631,2.34671381653757,117.706283569336
0.797542060102272,2.34740013262855,117.71760058403
0.797050924140719,2.34812406678989,117.728548526764
0.796598207380878,2.34880104744532,117.739789009094
0.796149457454569,2.34946771563013,117.751031637192
0.795696697299446,2.35014000193732,117.76199388504
0.795247260197833,2.35080617028141,117.77330327034
0.794790235327618,2.35146062179691,117.78488111496
0.794327533926436,2.35212020221764,117.795792818069
0.793859270769545,2.35279209827707,117.806816339493
0.793385263003001,2.35347937811615,117.81847858429
0.792939813879145,2.35413670445876,117.829420089722
0.792495075958222,2.35479014441309,117.84042096138
0.792045203676289,2.35545215047564,117.852700948715
0.791598870978039,2.35610778188622,117.863882541657
0.791144362353482,2.35675201943518,117.875653982162
0.790684431900233,2.35740198750098,117.887449502945
0.790219363634367,2.35806476552259,117.898439884186
0.789748838119504,2.35874284357196,117.909713506699
0.789269652080285,2.35943305886868,117.921056509018
0.788814720037988,2.36010690581303,117.931964874268
0.78839541965194,2.36075386709936,117.943289756775
0.787912762461145,2.36141098057917,117.954545497894
0.787477332751228,2.36206158601111,117.965575218201
0.787014440266364,2.36272152625387,117.976948738098
0.786563041665887,2.36337056814374,117.987996816635
0.786102631570317,2.36402949836474,117.998954772949
0.785637020700025,2.36470187037997,118.010295391083
0.785165720958025,2.36539048175893,118.021357297897
0.784688506360876,2.36609702658927,118.032317399979
0.784237976870749,2.36677602288939,118.043598175049
0.783797578982813,2.36743356949775,118.054662942886
0.783350238678186,2.3680728159272,118.065610647202
0.782897059732945,2.36871416876001,118.076937437058
0.782438755941115,2.36936562585468,118.0879778862
0.781975383552632,2.37003079699707,118.098959445953
0.781506696940032,2.37071178036514,118.110305547714
0.781032328297327,2.37141017049518,118.121423721313
0.780551849848192,2.37212642190886,118.132470846176
0.780106960884175,2.37279671110852,118.143648862839
0.779660505589188,2.37343843271008,118.154688358307
0.779209285938357,2.37407693062003,118.165744066238
0.778753129890035,2.37472329461069,118.177067756653
0.778292025901726,2.37538328286998,118.188101291656
0.777825662788142,2.37605875857094,118.199125051498
0.777353669826985,2.37675116918677,118.210346221924
0.776875608243344,2.3774619035264,118.221411943436
0.77642379200924,2.37814561873857,118.232460737228
0.775982308577176,2.37880930855949,118.243639230728
0.77553349154493,2.37945395238796,118.254681825638
0.775079296926462,2.38010010084458,118.26567530632
0.774620057018783,2.38075616852939,118.276943683624
0.774155997404491,2.38142566355657,118.288051366806
0.773686194977896,2.38211146596993,118.299128055573
0.773210537065359,2.38281514432622,118.310371875763
0.77276202411507,2.38349094315604,118.321430206299
0.772323672348109,2.38414401066709,118.332534790039
0.771877478061963,2.38477987580999,118.343678712845
0.771425776779588,2.38541793723451,118.354743242264
0.770969039015547,2.38606595229646,118.365859031677
0.770507267951012,2.38672637480336,118.377037763596
0.770040371404559,2.3874034173552,118.388121604919
0.769567914529941,2.38809788947903,118.399141550064
0.769089461375911,2.38881087602307,118.41041636467
0.768636131913935,2.38949817240137,118.421494960785
0.768193720255026,2.39016547523441,118.432584285736
0.767744184247923,2.39081332451368,118.443686723709
0.767289301054239,2.39146256716027,118.454661607742
0.766829372833893,2.39212178035577,118.465607881546
0.766364287766392,2.39279495295876,118.476915121079
0.765893756202024,2.39348437354074,118.487925767899
0.765417737294934,2.39419124433273,118.498842954636
0.764967717166305,2.39487134375347,118.510212659836
0.764527947126385,2.39552894118271,118.521256923676
0.764080912485729,2.39616884383994,118.532154321671
0.763628699173412,2.39681052561919,118.543557882309
0.76317109037076,2.39746252512401,118.554651498795
0.762708419739499,2.39812835881591,118.565616130829
0.762240479097013,2.39880959620021,118.576930522919
0.76176694358347,2.39950780752944,118.587979078293
0.761287346311723,2.40022542178767,118.598950624466
0.760843088054888,2.4008969965911,118.610279321671
0.760397019189027,2.40153834073386,118.621405124664
0.759946408860615,2.40217778874927,118.632460355759
0.759490915709455,2.40282602468134,118.643644571304
0.759030434889126,2.40348731825758,118.65470957756
0.758564734809642,2.40416389598592,118.665759086609
0.758093460622137,2.40485736346948,118.677011013031
0.757616177328524,2.40556917127612,118.688039541245
0.757164896975069,2.40625413154384,118.699122667313
0.756723966283149,2.40691841997878,118.710354089737
0.756275637857062,2.40756389783573,118.721447706223
0.755821950785955,2.40821100237529,118.732485532761
0.755363262660599,2.4088681063209,118.743721008301
0.754899495259148,2.40953909598127,118.754791259766
0.754430331988828,2.41022626274263,118.765969753265
0.753955639981691,2.41093005519894,118.777054309845
0.753507528236,2.41160626012721,118.788077354431
0.753069608171108,2.41226115428628,118.799035787582
0.752624236061604,2.41289811662328,118.810327768326
0.752172904988334,2.41353587001356,118.821418523788
0.751716698160781,2.41418470810782,118.832514047623
0.75125556070283,2.41484785921922,118.843655586243
0.750789239161327,2.41552686870586,118.854688167572
0.750317393915078,2.41622304468593,118.865744113922
0.749839595509119,2.41693768853948,118.877020359039
0.749386362535627,2.41762713256546,118.88822221756
0.74894424058354,2.41829588378459,118.899338006973
0.74849500287459,2.41894528405743,118.910367250443
0.748040445085467,2.41959616012365,118.921382665634
0.747580883069744,2.42025709576552,118.932450294495
0.747116199245874,2.42093209654891,118.943957567215
0.746646060825703,2.42162352618301,118.955004692078
0.746170043596591,2.42233316802375,118.966312646866
0.745720113712416,2.42301504835537,118.977345466614
0.74528050973406,2.42367505884941,118.988321065903
0.744833491709818,2.42431727671656,118.999575853348
0.744381139310705,2.42496148975998,119.01057934761
0.743923767277303,2.42561460569325,119.021609783173
0.743461748319804,2.42628187393461,119.032820224762
0.742994211542132,2.42696585128546,119.043833494186
0.742520952848636,2.42766765964909,119.054882049561
0.742074979572844,2.42834104160102,119.066127538681
0.74162996444102,2.42901148163375,119.077165603638
0.741187861779509,2.4296736132979,119.088260650635
0.74073795127348,2.43032180753368,119.099509239197
0.740282682382525,2.43097372531116,119.110484838486
0.739822427298854,2.43163671470861,119.121491670609
0.739357075654674,2.4323142657502,119.132634162903
0.738886309257748,2.43300850723415,119.143891811371
0.738409713278529,2.43372109184865,119.154991388321
0.737958099618881,2.43440808368446,119.166345834732
0.737517273947649,2.43507200603534,119.177369117737
0.737069336552117,2.43571791889713,119.188373565674
0.736616106564471,2.43636580630894,119.199660301209
0.736157924260007,2.43702386568327,119.210649490356
0.735694704328461,2.4376959235401,119.221695184708
0.735226126381971,2.43838301230088,119.233006477356
0.734752068651527,2.43908851257911,119.244001626968
0.734304199886464,2.43976696209964,119.254999876022
0.733857482856778,2.44044285027069,119.266284704208
